"","SITE_ID","DATE_COL","DOC","NO3 as N","PO4 as P","UNITS","LAT","LON","ECO_TYPE"
"1","LAGOS_827",2007-10-03,0.00599,0.028,0,"mg/L",43.053693,-89.419354,"Lake"
"2","LAGOS_2746",2001-08-29,0.01282,0.005,0.002,"mg/L",43.287495,-89.652158,"Lake"
"3","LAGOS_156",2010-10-06,0.0062,0.1,0.008,"mg/L",43.973548,-94.647752,"Lake"
"4","LAGOS_156",2011-04-21,0.0044,0.73,0.005,"mg/L",43.973548,-94.647752,"Lake"
"5","LAGOS_260",2009-05-19,0.014,0.1,0.005,"mg/L",47.870349,-91.792153,"Lake"
"6","LAGOS_260",2009-07-14,0.013,0.05,0.005,"mg/L",47.870349,-91.792153,"Lake"
"7","LAGOS_687",2011-04-18,0.0047,0.75,0.006,"mg/L",45.398927,-94.306418,"Lake"
"8","LAGOS_758",2009-05-27,0.016,0.08,0.118,"mg/L",45.355494,-96.137309,"Lake"
"9","LAGOS_758",2009-07-21,0.016,0.11,0.25,"mg/L",45.355494,-96.137309,"Lake"
"10","LAGOS_902",2010-04-29,0.011,0.61,0.005,"mg/L",44.188742,-93.801028,"Lake"
"11","LAGOS_902",2010-10-06,0.0097,0.06,0.005,"mg/L",44.188742,-93.801028,"Lake"
"12","LAGOS_902",2011-04-21,0.0095,0.62,0.008,"mg/L",44.188742,-93.801028,"Lake"
"13","LAGOS_1061",2010-05-24,0.0077,0.08,0.005,"mg/L",45.378561,-92.821399,"Lake"
"14","LAGOS_1061",2011-04-20,0.008,0.23,0.005,"mg/L",45.378561,-92.821399,"Lake"
"15","LAGOS_1822",2010-04-29,0.012,0.15,0.007,"mg/L",44.981298,-94.426586,"Lake"
"16","LAGOS_1822",2011-04-18,0.0097,0.2,0.032,"mg/L",44.981298,-94.426586,"Lake"
"17","LAGOS_33244",2009-05-19,0.0086,0.06,0.005,"mg/L",47.820614,-90.691802,"Lake"
"18","LAGOS_54660",2011-05-09,0.004,0.17,0.005,"mg/L",46.96561,-95.121864,"Lake"
"19","LAGOS_65948",2009-07-08,0.0058,1.5,0.005,"mg/L",45.082405,-94.786436,"Lake"
"20","LAGOS_65948",2009-10-12,0.0052,1.1,0.005,"mg/L",45.082405,-94.786436,"Lake"
"21","LAGOS_65948",2010-07-20,0.006,1.9,0.005,"mg/L",45.082405,-94.786436,"Lake"
"22","LAGOS_65948",2010-10-04,0.0061,1.5,0.005,"mg/L",45.082405,-94.786436,"Lake"
"23","LAGOS_65948",2011-08-03,0.0065,1.6,0.005,"mg/L",45.082405,-94.786436,"Lake"
"24","LAGOS_65948",2011-10-26,0.0053,2,0.006,"mg/L",45.082405,-94.786436,"Lake"
"25","LAGOS_827",2001-08-28,0.00865,0.011,0.002,"mg/L",43.053693,-89.419354,"Lake"
"26","LAGOS_827",2008-02-18,0.00484,0.41,0.026,"mg/L",43.053693,-89.419354,"Lake"
"27","LAGOS_827",2008-10-06,0.00496,0.001,0,"mg/L",43.053693,-89.419354,"Lake"
"28","LAGOS_5371",2009-08-05,0.00501,0,0,"mg/L",43.107725,-89.422733,"Lake"
"29","LAGOS_156",2010-04-29,0.0076,0.49,0.005,"mg/L",43.973548,-94.647752,"Lake"
"30","LAGOS_260",2011-05-10,0.0133,0.11,0.005,"mg/L",47.870349,-91.792153,"Lake"
"31","LAGOS_474",2009-10-13,0.011,0.15,0.098,"mg/L",44.404672,-96.358175,"Lake"
"32","LAGOS_557",2011-04-18,0.0055,0.23,0.009,"mg/L",45.814126,-94.636243,"Lake"
"33","LAGOS_609",2009-05-19,0.0037,0.07,0.005,"mg/L",47.87027,-90.172705,"Lake"
"34","LAGOS_687",2009-10-05,0.006,0.06,0.005,"mg/L",45.398927,-94.306418,"Lake"
"35","LAGOS_687",2010-04-29,0.0066,0.21,0.005,"mg/L",45.398927,-94.306418,"Lake"
"36","LAGOS_758",2011-04-19,0.0116,0.25,0.086,"mg/L",45.355494,-96.137309,"Lake"
"37","LAGOS_758",2011-10-26,0.0123,0.22,0.232,"mg/L",45.355494,-96.137309,"Lake"
"38","LAGOS_1045",2009-05-20,0.0062,0.14,0.005,"mg/L",47.189136,-95.217931,"Lake"
"39","LAGOS_1061",2011-11-03,0.0083,0.06,0.005,"mg/L",45.378561,-92.821399,"Lake"
"40","LAGOS_1128",2005-04-19,0.009,0.047,0.005,"mg/L",45.446934,-88.438141,"Lake"
"41","LAGOS_1128",2005-05-23,0.0085,0.0125,0.0035,"mg/L",45.446934,-88.438141,"Lake"
"42","LAGOS_1128",2005-06-27,0.0065,0.0125,0.0035,"mg/L",45.446934,-88.438141,"Lake"
"43","LAGOS_1128",2005-08-29,0.0064,0.0125,0.0035,"mg/L",45.446934,-88.438141,"Lake"
"44","LAGOS_1128",2005-09-22,0.0094,0.0125,0.0035,"mg/L",45.446934,-88.438141,"Lake"
"45","LAGOS_1128",2005-10-25,0.0065,0.049,0.0086,"mg/L",45.446934,-88.438141,"Lake"
"46","LAGOS_1128",2006-04-26,0.007,0.086,0.0035,"mg/L",45.446934,-88.438141,"Lake"
"47","LAGOS_1128",2006-05-30,0.0072,0.044,0.0035,"mg/L",45.446934,-88.438141,"Lake"
"48","LAGOS_1128",2006-06-22,0.0094,0.0125,0.0035,"mg/L",45.446934,-88.438141,"Lake"
"49","LAGOS_1128",2006-07-27,0.01,0.0125,0.0035,"mg/L",45.446934,-88.438141,"Lake"
"50","LAGOS_1128",2006-08-29,0.0052,0.0125,0.0035,"mg/L",45.446934,-88.438141,"Lake"
"51","LAGOS_1128",2006-09-27,0.0066,0.0125,0.0035,"mg/L",45.446934,-88.438141,"Lake"
"52","LAGOS_1128",2006-10-30,0.0072,0.034,0.0035,"mg/L",45.446934,-88.438141,"Lake"
"53","LAGOS_1128",2006-11-29,0.0066,0.07,0.0035,"mg/L",45.446934,-88.438141,"Lake"
"54","LAGOS_1128",2007-04-25,0.0051,0.046,0.0035,"mg/L",45.446934,-88.438141,"Lake"
"55","LAGOS_1128",2007-05-29,0.0072,0.03,0.004,"mg/L",45.446934,-88.438141,"Lake"
"56","LAGOS_1128",2007-06-26,0.0074,0.05,0.003,"mg/L",45.446934,-88.438141,"Lake"
"57","LAGOS_1128",2007-07-23,0.0081,0.01,0.008,"mg/L",45.446934,-88.438141,"Lake"
"58","LAGOS_1128",2007-08-21,0.0079,0.01,0.006,"mg/L",45.446934,-88.438141,"Lake"
"59","LAGOS_1128",2007-09-24,0.009,0.01,0.008,"mg/L",45.446934,-88.438141,"Lake"
"60","LAGOS_1128",2007-10-29,0.0079,0.01,0.008,"mg/L",45.446934,-88.438141,"Lake"
"61","LAGOS_1128",2007-11-13,0.0074,0.02,0.007,"mg/L",45.446934,-88.438141,"Lake"
"62","LAGOS_1128",2008-05-27,0.0075,0.15,0.0045,"mg/L",45.446934,-88.438141,"Lake"
"63","LAGOS_1128",2008-06-16,0.0083,0.15,0.0045,"mg/L",45.446934,-88.438141,"Lake"
"64","LAGOS_1128",2008-07-29,0.0079,0.15,0.0045,"mg/L",45.446934,-88.438141,"Lake"
"65","LAGOS_1128",2008-08-26,0.0083,0.15,0.0045,"mg/L",45.446934,-88.438141,"Lake"
"66","LAGOS_1128",2008-09-29,0.0079,0.15,0.0045,"mg/L",45.446934,-88.438141,"Lake"
"67","LAGOS_1128",2008-10-27,0.0092,0.15,0.014,"mg/L",45.446934,-88.438141,"Lake"
"68","LAGOS_1128",2008-11-18,0.0081,0.15,0.019,"mg/L",45.446934,-88.438141,"Lake"
"69","LAGOS_1128",2009-06-23,0.00803,0.01,0.0015,"mg/L",45.446934,-88.438141,"Lake"
"70","LAGOS_1128",2009-07-27,0.0095,0.04,0.0015,"mg/L",45.446934,-88.438141,"Lake"
"71","LAGOS_1128",2009-08-18,0.0093,0.01,0.0015,"mg/L",45.446934,-88.438141,"Lake"
"72","LAGOS_1128",2009-09-30,0.0077,0.01,0.0015,"mg/L",45.446934,-88.438141,"Lake"
"73","LAGOS_1128",2009-10-26,0.0084,0.05,0.008,"mg/L",45.446934,-88.438141,"Lake"
"74","LAGOS_1128",2009-11-17,0.0086,0.0125,0.0088,"mg/L",45.446934,-88.438141,"Lake"
"75","LAGOS_1128",2010-04-12,0.0073,0.0125,0.0035,"mg/L",45.446934,-88.438141,"Lake"
"76","LAGOS_1128",2010-05-26,0.0077,0.0125,0.0035,"mg/L",45.446934,-88.438141,"Lake"
"77","LAGOS_1128",2010-06-14,0.008,0.0125,0.0035,"mg/L",45.446934,-88.438141,"Lake"
"78","LAGOS_1128",2010-07-19,0.0086,0.0125,0.0035,"mg/L",45.446934,-88.438141,"Lake"
"79","LAGOS_1128",2010-08-24,0.0079,0.0125,0.0035,"mg/L",45.446934,-88.438141,"Lake"
"80","LAGOS_1128",2010-09-29,0.0079,0.0125,0.0035,"mg/L",45.446934,-88.438141,"Lake"
"81","LAGOS_1128",2010-10-25,0.0089,0.0125,0.0035,"mg/L",45.446934,-88.438141,"Lake"
"82","LAGOS_1128",2011-10-19,0.0093,0.025,0.0035,"mg/L",45.446934,-88.438141,"Lake"
"83","LAGOS_1405",2005-04-20,0.0096,0.051,0.001,"mg/L",45.547602,-88.833577,"Lake"
"84","LAGOS_1405",2005-05-24,0.01,0.0125,0.0035,"mg/L",45.547602,-88.833577,"Lake"
"85","LAGOS_1405",2005-08-29,0.0076,0.0125,0.0035,"mg/L",45.547602,-88.833577,"Lake"
"86","LAGOS_1405",2005-09-22,0.0089,0.0125,0.0035,"mg/L",45.547602,-88.833577,"Lake"
"87","LAGOS_1405",2005-10-25,0.0061,0.043,0.0035,"mg/L",45.547602,-88.833577,"Lake"
"88","LAGOS_1405",2006-04-26,0.0099,0.0125,0.0035,"mg/L",45.547602,-88.833577,"Lake"
"89","LAGOS_1405",2006-05-30,0.013,0.0125,0.0035,"mg/L",45.547602,-88.833577,"Lake"
"90","LAGOS_1405",2006-06-22,0.011,0.0125,0.0035,"mg/L",45.547602,-88.833577,"Lake"
"91","LAGOS_1405",2006-07-27,0.01,0.0125,0.0035,"mg/L",45.547602,-88.833577,"Lake"
"92","LAGOS_1405",2006-08-29,0.0068,0.0125,0.0035,"mg/L",45.547602,-88.833577,"Lake"
"93","LAGOS_1405",2006-09-27,0.0088,0.0125,0.0035,"mg/L",45.547602,-88.833577,"Lake"
"94","LAGOS_1405",2006-10-30,0.0073,0.0125,0.0035,"mg/L",45.547602,-88.833577,"Lake"
"95","LAGOS_1405",2006-11-29,0.0072,0.036,0.0035,"mg/L",45.547602,-88.833577,"Lake"
"96","LAGOS_1405",2007-04-25,0.0064,0.0125,0.0035,"mg/L",45.547602,-88.833577,"Lake"
"97","LAGOS_1405",2007-05-29,0.0099,0.01,0.003,"mg/L",45.547602,-88.833577,"Lake"
"98","LAGOS_1405",2007-06-26,0.01,0.01,0.004,"mg/L",45.547602,-88.833577,"Lake"
"99","LAGOS_1405",2007-08-21,0.0095,0.01,0.0015,"mg/L",45.547602,-88.833577,"Lake"
"100","LAGOS_1405",2007-09-25,0.0095,0.01,0.005,"mg/L",45.547602,-88.833577,"Lake"
"101","LAGOS_1405",2007-10-29,0.0082,0.01,0.0015,"mg/L",45.547602,-88.833577,"Lake"
"102","LAGOS_1405",2007-11-13,0.0077,0.04,0.0015,"mg/L",45.547602,-88.833577,"Lake"
"103","LAGOS_1405",2008-05-27,0.012,0.15,0.0045,"mg/L",45.547602,-88.833577,"Lake"
"104","LAGOS_1405",2008-06-16,0.013,0.15,0.0045,"mg/L",45.547602,-88.833577,"Lake"
"105","LAGOS_1405",2008-07-29,0.011,0.15,0.0045,"mg/L",45.547602,-88.833577,"Lake"
"106","LAGOS_1405",2008-08-26,0.011,0.15,0.0045,"mg/L",45.547602,-88.833577,"Lake"
"107","LAGOS_1405",2008-09-30,0.0092,0.15,0.0045,"mg/L",45.547602,-88.833577,"Lake"
"108","LAGOS_1405",2008-10-27,0.00921,0.15,0.0045,"mg/L",45.547602,-88.833577,"Lake"
"109","LAGOS_1405",2009-04-21,0.0073,0.15,0.004,"mg/L",45.547602,-88.833577,"Lake"
"110","LAGOS_1405",2009-05-19,0.0099,0.065,0.008,"mg/L",45.547602,-88.833577,"Lake"
"111","LAGOS_1405",2009-06-23,0.011,0.04,0.0015,"mg/L",45.547602,-88.833577,"Lake"
"112","LAGOS_1405",2009-08-17,0.0091,0.04,0.0015,"mg/L",45.547602,-88.833577,"Lake"
"113","LAGOS_1405",2009-10-26,0.0077,0.0125,0.0035,"mg/L",45.547602,-88.833577,"Lake"
"114","LAGOS_1405",2009-11-17,0.0077,0.0125,0.0035,"mg/L",45.547602,-88.833577,"Lake"
"115","LAGOS_1405",2010-03-29,0.0069,0.05,0.0035,"mg/L",45.547602,-88.833577,"Lake"
"116","LAGOS_1405",2010-05-26,0.0069,0.0125,0.0035,"mg/L",45.547602,-88.833577,"Lake"
"117","LAGOS_1405",2010-06-14,0.0063,0.0125,0.0035,"mg/L",45.547602,-88.833577,"Lake"
"118","LAGOS_1405",2010-07-19,0.01,0.0125,0.0035,"mg/L",45.547602,-88.833577,"Lake"
"119","LAGOS_1405",2010-08-23,0.0083,0.0125,0.019,"mg/L",45.547602,-88.833577,"Lake"
"120","LAGOS_1405",2010-09-29,0.0095,0.0125,0.0035,"mg/L",45.547602,-88.833577,"Lake"
"121","LAGOS_1405",2010-10-25,0.01,0.0125,0.0035,"mg/L",45.547602,-88.833577,"Lake"
"122","LAGOS_1405",2011-07-19,0.013,0.025,0.0035,"mg/L",45.547602,-88.833577,"Lake"
"123","LAGOS_1405",2011-10-20,0.012,0.075,0.0035,"mg/L",45.547602,-88.833577,"Lake"
"124","LAGOS_1822",2009-05-05,0.011,0.17,0.005,"mg/L",44.981298,-94.426586,"Lake"
"125","LAGOS_2709",2009-10-07,0.012,0.1,0.206,"mg/L",45.184459,-93.058609,"Lake"
"126","LAGOS_2709",2011-04-20,0.0102,0.11,0.006,"mg/L",45.184459,-93.058609,"Lake"
"127","LAGOS_3163",2010-04-29,0.0075,0.45,0.005,"mg/L",43.902899,-93.416973,"Lake"
"128","LAGOS_3163",2010-10-06,0.0062,0.15,0.005,"mg/L",43.902899,-93.416973,"Lake"
"129","LAGOS_3163",2011-04-21,0.0058,0.56,0.005,"mg/L",43.902899,-93.416973,"Lake"
"130","LAGOS_54660",2009-10-20,0.0036,0.07,0.005,"mg/L",46.96561,-95.121864,"Lake"
"131","LAGOS_57306",2005-04-19,0.006,0.0095,0.001,"mg/L",45.420917,-88.4284,"Lake"
"132","LAGOS_57306",2005-05-23,0.0058,0.0125,0.0035,"mg/L",45.420917,-88.4284,"Lake"
"133","LAGOS_57306",2005-06-27,0.0051,0.0125,0.0035,"mg/L",45.420917,-88.4284,"Lake"
"134","LAGOS_57306",2005-07-26,0.0047,0.0125,0.0035,"mg/L",45.420917,-88.4284,"Lake"
"135","LAGOS_57306",2005-08-29,0.0044,0.0125,0.0035,"mg/L",45.420917,-88.4284,"Lake"
"136","LAGOS_57306",2005-09-22,0.0057,0.0125,0.0035,"mg/L",45.420917,-88.4284,"Lake"
"137","LAGOS_57306",2005-10-25,0.0044,0.333,0.0035,"mg/L",45.420917,-88.4284,"Lake"
"138","LAGOS_57306",2006-04-26,0.0044,0.06,0.0035,"mg/L",45.420917,-88.4284,"Lake"
"139","LAGOS_57306",2006-05-30,0.0061,0.065,0.0035,"mg/L",45.420917,-88.4284,"Lake"
"140","LAGOS_57306",2006-06-22,0.0058,0.0125,0.0035,"mg/L",45.420917,-88.4284,"Lake"
"141","LAGOS_57306",2006-07-27,0.0065,0.0125,0.0035,"mg/L",45.420917,-88.4284,"Lake"
"142","LAGOS_57306",2006-08-29,0.0041,0.0125,0.0035,"mg/L",45.420917,-88.4284,"Lake"
"143","LAGOS_57306",2006-09-26,0.0045,0.0125,0.0035,"mg/L",45.420917,-88.4284,"Lake"
"144","LAGOS_57306",2006-10-30,0.0044,0.0125,0.0035,"mg/L",45.420917,-88.4284,"Lake"
"145","LAGOS_57306",2006-11-29,0.0047,0.0125,0.0035,"mg/L",45.420917,-88.4284,"Lake"
"146","LAGOS_57306",2007-04-25,0.0037,0.0125,0.0035,"mg/L",45.420917,-88.4284,"Lake"
"147","LAGOS_57306",2007-05-29,0.0049,0.01,0.009,"mg/L",45.420917,-88.4284,"Lake"
"148","LAGOS_57306",2007-06-26,0.0051,0.01,0.004,"mg/L",45.420917,-88.4284,"Lake"
"149","LAGOS_57306",2007-07-23,0.0058,0.01,0.006,"mg/L",45.420917,-88.4284,"Lake"
"150","LAGOS_57306",2007-08-21,0.0063,0.01,0.0015,"mg/L",45.420917,-88.4284,"Lake"
"151","LAGOS_57306",2007-09-26,0.0061,0.01,0.0015,"mg/L",45.420917,-88.4284,"Lake"
"152","LAGOS_57306",2007-10-29,0.0057,0.01,0.0015,"mg/L",45.420917,-88.4284,"Lake"
"153","LAGOS_57306",2007-11-13,0.0053,0.01,0.0015,"mg/L",45.420917,-88.4284,"Lake"
"154","LAGOS_57306",2008-06-16,0.0062,0.15,0.0045,"mg/L",45.420917,-88.4284,"Lake"
"155","LAGOS_57306",2008-07-29,0.006,0.15,0.0045,"mg/L",45.420917,-88.4284,"Lake"
"156","LAGOS_57306",2008-08-26,0.0061,0.15,0.0045,"mg/L",45.420917,-88.4284,"Lake"
"157","LAGOS_57306",2008-09-30,0.0057,0.15,0.0045,"mg/L",45.420917,-88.4284,"Lake"
"158","LAGOS_57306",2008-10-27,0.006,0.15,0.0045,"mg/L",45.420917,-88.4284,"Lake"
"159","LAGOS_57306",2008-11-18,0.0055,0.6,0.0045,"mg/L",45.420917,-88.4284,"Lake"
"160","LAGOS_57306",2009-06-23,0.0056,0.15,0.0065,"mg/L",45.420917,-88.4284,"Lake"
"161","LAGOS_57306",2009-07-27,0.0061,0.04,0.0065,"mg/L",45.420917,-88.4284,"Lake"
"162","LAGOS_57306",2009-08-17,0.006,0.01,0.0015,"mg/L",45.420917,-88.4284,"Lake"
"163","LAGOS_57306",2009-10-26,0.0052,0.0125,0.0035,"mg/L",45.420917,-88.4284,"Lake"
"164","LAGOS_57306",2009-11-17,0.0057,0.0125,0.0035,"mg/L",45.420917,-88.4284,"Lake"
"165","LAGOS_57306",2010-04-12,0.0047,0.0125,0.0035,"mg/L",45.420917,-88.4284,"Lake"
"166","LAGOS_57306",2010-05-26,0.0056,0.0125,0.0035,"mg/L",45.420917,-88.4284,"Lake"
"167","LAGOS_57306",2010-06-14,0.0051,0.0125,0.0035,"mg/L",45.420917,-88.4284,"Lake"
"168","LAGOS_57306",2010-07-19,0.0056,0.0125,0.0035,"mg/L",45.420917,-88.4284,"Lake"
"169","LAGOS_57306",2010-08-24,0.0051,0.0125,0.0035,"mg/L",45.420917,-88.4284,"Lake"
"170","LAGOS_57306",2010-09-29,0.0047,0.0125,0.0035,"mg/L",45.420917,-88.4284,"Lake"
"171","LAGOS_57306",2010-10-25,0.0062,0.0125,0.0035,"mg/L",45.420917,-88.4284,"Lake"
"172","LAGOS_57306",2011-10-19,0.0054,0.025,0.0035,"mg/L",45.420917,-88.4284,"Lake"
"173","LAGOS_57328",2005-04-20,0.0046,0.0095,0.001,"mg/L",45.578411,-88.826563,"Lake"
"174","LAGOS_57328",2005-05-24,0.0044,0.0125,0.0035,"mg/L",45.578411,-88.826563,"Lake"
"175","LAGOS_57328",2005-08-29,0.0032,0.0125,0.0035,"mg/L",45.578411,-88.826563,"Lake"
"176","LAGOS_57328",2005-09-22,0.0051,0.0125,0.0035,"mg/L",45.578411,-88.826563,"Lake"
"177","LAGOS_57328",2005-10-25,0.0036,0.027,0.0035,"mg/L",45.578411,-88.826563,"Lake"
"178","LAGOS_57328",2006-04-26,0.0041,0.0125,0.0035,"mg/L",45.578411,-88.826563,"Lake"
"179","LAGOS_57328",2006-05-30,0.0045,0.0125,0.0035,"mg/L",45.578411,-88.826563,"Lake"
"180","LAGOS_57328",2006-07-27,0.0046,0.0125,0.0035,"mg/L",45.578411,-88.826563,"Lake"
"181","LAGOS_57328",2006-08-29,0.003,0.0125,0.0035,"mg/L",45.578411,-88.826563,"Lake"
"182","LAGOS_57328",2006-09-26,0.0042,0.0125,0.0035,"mg/L",45.578411,-88.826563,"Lake"
"183","LAGOS_57328",2006-10-30,0.0036,0.0125,0.0035,"mg/L",45.578411,-88.826563,"Lake"
"184","LAGOS_57328",2006-11-29,0.0042,0.0125,0.0035,"mg/L",45.578411,-88.826563,"Lake"
"185","LAGOS_57328",2007-04-25,0.0028,0.0125,0.0035,"mg/L",45.578411,-88.826563,"Lake"
"186","LAGOS_57328",2007-05-29,0.0047,0.03,0.006,"mg/L",45.578411,-88.826563,"Lake"
"187","LAGOS_57328",2007-06-26,0.0047,0.045,0.003,"mg/L",45.578411,-88.826563,"Lake"
"188","LAGOS_57328",2007-07-23,0.0052,0.01,0.006,"mg/L",45.578411,-88.826563,"Lake"
"189","LAGOS_57328",2007-08-21,0.005,0.01,0.006,"mg/L",45.578411,-88.826563,"Lake"
"190","LAGOS_57328",2007-09-25,0.0054,0.01,0.006,"mg/L",45.578411,-88.826563,"Lake"
"191","LAGOS_57328",2007-10-29,0.0049,0.01,0.0015,"mg/L",45.578411,-88.826563,"Lake"
"192","LAGOS_57328",2007-11-13,0.0049,0.02,0.0015,"mg/L",45.578411,-88.826563,"Lake"
"193","LAGOS_57328",2008-05-27,0.0051,0.15,0.0045,"mg/L",45.578411,-88.826563,"Lake"
"194","LAGOS_57328",2008-06-16,0.0063,0.15,0.0045,"mg/L",45.578411,-88.826563,"Lake"
"195","LAGOS_57328",2008-07-29,0.0051,0.15,0.0045,"mg/L",45.578411,-88.826563,"Lake"
"196","LAGOS_57328",2008-08-26,0.0054,0.15,0.0045,"mg/L",45.578411,-88.826563,"Lake"
"197","LAGOS_57328",2008-09-30,0.0053,0.15,0.0045,"mg/L",45.578411,-88.826563,"Lake"
"198","LAGOS_57328",2008-10-27,0.0051,0.15,0.0045,"mg/L",45.578411,-88.826563,"Lake"
"199","LAGOS_57328",2009-06-23,0.0052,0.04,0.0015,"mg/L",45.578411,-88.826563,"Lake"
"200","LAGOS_57328",2009-07-28,0.0057,0.07,0.012,"mg/L",45.578411,-88.826563,"Lake"
"201","LAGOS_57328",2009-08-17,0.0053,0.01,0.0015,"mg/L",45.578411,-88.826563,"Lake"
"202","LAGOS_57328",2009-10-26,0.0046,0.0125,0.0035,"mg/L",45.578411,-88.826563,"Lake"
"203","LAGOS_57328",2009-11-17,0.0049,0.0125,0.0035,"mg/L",45.578411,-88.826563,"Lake"
"204","LAGOS_57328",2010-04-12,0.0043,0.0125,0.0035,"mg/L",45.578411,-88.826563,"Lake"
"205","LAGOS_57328",2010-05-26,0.005,0.0125,0.0035,"mg/L",45.578411,-88.826563,"Lake"
"206","LAGOS_57328",2010-06-14,0.0044,0.0125,0.0035,"mg/L",45.578411,-88.826563,"Lake"
"207","LAGOS_57328",2010-07-19,0.0055,0.0125,0.0035,"mg/L",45.578411,-88.826563,"Lake"
"208","LAGOS_57328",2010-08-23,0.005,0.0125,0.0098,"mg/L",45.578411,-88.826563,"Lake"
"209","LAGOS_57328",2010-09-29,0.0048,0.0125,0.0035,"mg/L",45.578411,-88.826563,"Lake"
"210","LAGOS_57328",2011-07-19,0.0053,0.025,0.0035,"mg/L",45.578411,-88.826563,"Lake"
"211","LAGOS_57328",2011-10-19,0.0057,0.025,0.0035,"mg/L",45.578411,-88.826563,"Lake"
"212","LAGOS_65948",2009-05-05,0.0058,2.3,0.005,"mg/L",45.082405,-94.786436,"Lake"
"213","LAGOS_65948",2010-04-29,0.0056,3.1,0.005,"mg/L",45.082405,-94.786436,"Lake"
"214","LAGOS_827",2000-08-01,0.00756,0.004,0,"mg/L",43.053693,-89.419354,"Lake"
"215","LAGOS_827",2001-06-06,0.00648,0.015,0,"mg/L",43.053693,-89.419354,"Lake"
"216","LAGOS_827",2002-07-18,0.00881,0.072,0,"mg/L",43.053693,-89.419354,"Lake"
"217","LAGOS_827",2002-09-26,0.01127,0.05,0,"mg/L",43.053693,-89.419354,"Lake"
"218","LAGOS_827",2002-10-24,0.00797,0.064,0,"mg/L",43.053693,-89.419354,"Lake"
"219","LAGOS_827",2010-10-08,0.00463,0.061,0,"mg/L",43.053693,-89.419354,"Lake"
"220","LAGOS_474",2011-04-19,0.0061,0.37,0.006,"mg/L",44.404672,-96.358175,"Lake"
"221","LAGOS_474",2011-10-26,0.0077,0.07,0.051,"mg/L",44.404672,-96.358175,"Lake"
"222","LAGOS_4559",2010-04-12,0.00638,0.224,0.005,"mg/L",43.068029,-89.360153,"Lake"
"223","LAGOS_827",2000-07-04,0.00666,0.008,0,"mg/L",43.053693,-89.419354,"Lake"
"224","LAGOS_827",2000-09-26,0.0074,0.012,0,"mg/L",43.053693,-89.419354,"Lake"
"225","LAGOS_827",2000-11-20,0.00762,0.111,0,"mg/L",43.053693,-89.419354,"Lake"
"226","LAGOS_827",2001-05-07,0.00796,0.079,0,"mg/L",43.053693,-89.419354,"Lake"
"227","LAGOS_827",2001-11-29,0.00666,0.056,0.002,"mg/L",43.053693,-89.419354,"Lake"
"228","LAGOS_827",2002-04-22,0.00552,0.005,0,"mg/L",43.053693,-89.419354,"Lake"
"229","LAGOS_827",2002-05-23,0.00586,0.011,0,"mg/L",43.053693,-89.419354,"Lake"
"230","LAGOS_827",2006-06-14,0.00633,0.02,0,"mg/L",43.053693,-89.419354,"Lake"
"231","LAGOS_827",2009-11-04,0.00594,0.02,0,"mg/L",43.053693,-89.419354,"Lake"
"232","LAGOS_827",2010-02-05,0.00608,0.361,0.003,"mg/L",43.053693,-89.419354,"Lake"
"233","LAGOS_2746",2000-08-29,0.00772,0.002,0.003,"mg/L",43.287495,-89.652158,"Lake"
"234","LAGOS_2746",2001-05-08,0.00772,0.015,0.003,"mg/L",43.287495,-89.652158,"Lake"
"235","LAGOS_2746",2001-08-01,0.0087,0.003,0.002,"mg/L",43.287495,-89.652158,"Lake"
"236","LAGOS_2746",2001-09-25,0.0085,0.017,0,"mg/L",43.287495,-89.652158,"Lake"
"237","LAGOS_2746",2002-08-14,0.00868,0.023,0,"mg/L",43.287495,-89.652158,"Lake"
"238","LAGOS_2746",2002-11-21,0.00736,0.014,0,"mg/L",43.287495,-89.652158,"Lake"
"239","LAGOS_4559",2009-08-04,0.00536,0,0,"mg/L",43.068029,-89.360153,"Lake"
"240","LAGOS_4559",2010-08-04,0.00482,0,0,"mg/L",43.068029,-89.360153,"Lake"
"241","LAGOS_5371",2007-08-06,0.0052,0,0,"mg/L",43.107725,-89.422733,"Lake"
"242","LAGOS_687",2010-10-20,0.0061,0.2,0.005,"mg/L",45.398927,-94.306418,"Lake"
"243","LAGOS_1128",2003-02-19,0.0092,0.03,0.006,"mg/L",45.446934,-88.438141,"Lake"
"244","LAGOS_1128",2004-06-28,0.0087,0.0095,0.001,"mg/L",45.446934,-88.438141,"Lake"
"245","LAGOS_1128",2004-07-27,0.0088,0.0095,0.001,"mg/L",45.446934,-88.438141,"Lake"
"246","LAGOS_1128",2004-08-25,0.009,0.0095,0.001,"mg/L",45.446934,-88.438141,"Lake"
"247","LAGOS_1128",2004-10-26,0.0093,0.0095,0.001,"mg/L",45.446934,-88.438141,"Lake"
"248","LAGOS_1128",2004-12-28,0.0091,0.027,0.011,"mg/L",45.446934,-88.438141,"Lake"
"249","LAGOS_1128",2005-01-25,0.0098,0.034,0.02,"mg/L",45.446934,-88.438141,"Lake"
"250","LAGOS_1128",2005-02-23,0.0095,0.035,0.02,"mg/L",45.446934,-88.438141,"Lake"
"251","LAGOS_1128",2005-03-29,0.0055,0.642,0.005,"mg/L",45.446934,-88.438141,"Lake"
"252","LAGOS_1128",2005-11-28,0.0058,0.081,0.007,"mg/L",45.446934,-88.438141,"Lake"
"253","LAGOS_1128",2005-12-21,0.0051,0.03,0.0035,"mg/L",45.446934,-88.438141,"Lake"
"254","LAGOS_1128",2006-01-25,0.0059,0.0125,0.0035,"mg/L",45.446934,-88.438141,"Lake"
"255","LAGOS_1128",2006-02-23,0.0096,0.051,0.0035,"mg/L",45.446934,-88.438141,"Lake"
"256","LAGOS_1128",2006-03-29,0.0077,0.095,0.007,"mg/L",45.446934,-88.438141,"Lake"
"257","LAGOS_1128",2006-12-20,0.0075,0.1,0.0035,"mg/L",45.446934,-88.438141,"Lake"
"258","LAGOS_1128",2007-01-22,0.0072,0.095,0.0035,"mg/L",45.446934,-88.438141,"Lake"
"259","LAGOS_1128",2007-02-27,0.0069,0.05,0.013,"mg/L",45.446934,-88.438141,"Lake"
"260","LAGOS_1128",2007-03-26,0.002,0.086,0.0035,"mg/L",45.446934,-88.438141,"Lake"
"261","LAGOS_1128",2007-12-10,0.0076,0.02,0.014,"mg/L",45.446934,-88.438141,"Lake"
"262","LAGOS_1128",2008-01-29,0.0076,0.36,0.008,"mg/L",45.446934,-88.438141,"Lake"
"263","LAGOS_1128",2008-02-19,0.0076,0.15,0.01,"mg/L",45.446934,-88.438141,"Lake"
"264","LAGOS_1128",2008-03-10,0.008,0.15,0.01,"mg/L",45.446934,-88.438141,"Lake"
"265","LAGOS_1128",2008-12-16,0.009,0.15,0.0045,"mg/L",45.446934,-88.438141,"Lake"
"266","LAGOS_1128",2009-02-23,0.0093,0.3,0.026,"mg/L",45.446934,-88.438141,"Lake"
"267","LAGOS_1128",2009-03-30,0.006,0.21,0.008,"mg/L",45.446934,-88.438141,"Lake"
"268","LAGOS_1128",2009-04-21,0.0077,0.15,0.007,"mg/L",45.446934,-88.438141,"Lake"
"269","LAGOS_1128",2009-12-15,0.0092,0.0125,0.0035,"mg/L",45.446934,-88.438141,"Lake"
"270","LAGOS_1128",2010-01-12,0.01,0.0125,0.016,"mg/L",45.446934,-88.438141,"Lake"
"271","LAGOS_1128",2010-02-24,0.0093,0.05,0.021,"mg/L",45.446934,-88.438141,"Lake"
"272","LAGOS_1128",2010-03-29,0.0072,0.0125,0.0072,"mg/L",45.446934,-88.438141,"Lake"
"273","LAGOS_1128",2011-01-25,0.0097,0.0125,0.01,"mg/L",45.446934,-88.438141,"Lake"
"274","LAGOS_1128",2011-04-18,0.0069,0.025,0.0035,"mg/L",45.446934,-88.438141,"Lake"
"275","LAGOS_1128",2012-01-24,0.0089,0.0125,0.008,"mg/L",45.446934,-88.438141,"Lake"
"276","LAGOS_1405",2004-07-29,0.012,0.0095,0.001,"mg/L",45.547602,-88.833577,"Lake"
"277","LAGOS_1405",2004-08-26,0.01,0.0095,0.001,"mg/L",45.547602,-88.833577,"Lake"
"278","LAGOS_1405",2004-10-26,0.0098,0.0095,0.003,"mg/L",45.547602,-88.833577,"Lake"
"279","LAGOS_1405",2004-11-29,0.0099,0.054,0.004,"mg/L",45.547602,-88.833577,"Lake"
"280","LAGOS_1405",2004-12-28,0.012,0.083,0.006,"mg/L",45.547602,-88.833577,"Lake"
"281","LAGOS_1405",2005-01-24,0.011,0.1,0.01,"mg/L",45.547602,-88.833577,"Lake"
"282","LAGOS_1405",2005-02-22,0.011,0.166,0.012,"mg/L",45.547602,-88.833577,"Lake"
"283","LAGOS_1405",2005-03-21,0.01,0.171,0.009,"mg/L",45.547602,-88.833577,"Lake"
"284","LAGOS_1405",2005-06-27,0.01,0.0125,0.0035,"mg/L",45.547602,-88.833577,"Lake"
"285","LAGOS_1405",2005-11-28,0.0051,0.077,0.0035,"mg/L",45.547602,-88.833577,"Lake"
"286","LAGOS_1405",2005-12-21,0.005,0.042,0.009,"mg/L",45.547602,-88.833577,"Lake"
"287","LAGOS_1405",2006-01-25,0.0062,0.042,0.012,"mg/L",45.547602,-88.833577,"Lake"
"288","LAGOS_1405",2006-02-23,0.0044,0.089,0.0035,"mg/L",45.547602,-88.833577,"Lake"
"289","LAGOS_1405",2006-03-29,0.0075,0.11,0.007,"mg/L",45.547602,-88.833577,"Lake"
"290","LAGOS_1405",2006-12-21,0.0075,0.052,0.0035,"mg/L",45.547602,-88.833577,"Lake"
"291","LAGOS_1405",2007-01-22,0.0086,0.073,0.0035,"mg/L",45.547602,-88.833577,"Lake"
"292","LAGOS_1405",2007-02-28,0.012,0.054,0.007,"mg/L",45.547602,-88.833577,"Lake"
"293","LAGOS_1405",2007-03-26,0.0028,0.064,0.0035,"mg/L",45.547602,-88.833577,"Lake"
"294","LAGOS_1405",2008-01-29,0.0078,0.15,0.006,"mg/L",45.547602,-88.833577,"Lake"
"295","LAGOS_1405",2008-02-19,0.0081,0.15,0.009,"mg/L",45.547602,-88.833577,"Lake"
"296","LAGOS_1405",2008-03-11,0.0085,0.15,0.0045,"mg/L",45.547602,-88.833577,"Lake"
"297","LAGOS_1405",2008-12-10,0.0088,0.05,0.052,"mg/L",45.547602,-88.833577,"Lake"
"298","LAGOS_1405",2008-12-16,0.0088,0.15,0.0045,"mg/L",45.547602,-88.833577,"Lake"
"299","LAGOS_1405",2009-01-27,0.0099,0.01,5e-04,"mg/L",45.547602,-88.833577,"Lake"
"300","LAGOS_1405",2009-02-23,0.01,0.49,0.008,"mg/L",45.547602,-88.833577,"Lake"
"301","LAGOS_1405",2009-07-28,0.01,0.04,0.0065,"mg/L",45.547602,-88.833577,"Lake"
"302","LAGOS_1405",2009-12-15,0.0081,0.0125,0.0035,"mg/L",45.547602,-88.833577,"Lake"
"303","LAGOS_1405",2010-01-12,0.0082,0.0125,0.0035,"mg/L",45.547602,-88.833577,"Lake"
"304","LAGOS_1405",2010-02-24,0.0083,0.0125,0.0072,"mg/L",45.547602,-88.833577,"Lake"
"305","LAGOS_1405",2010-04-12,0.0069,0.0125,0.0035,"mg/L",45.547602,-88.833577,"Lake"
"306","LAGOS_1405",2011-01-24,0.015,0.05,0.0081,"mg/L",45.547602,-88.833577,"Lake"
"307","LAGOS_1405",2011-04-18,0.0087,0.025,0.0035,"mg/L",45.547602,-88.833577,"Lake"
"308","LAGOS_1405",2012-01-25,0.011,0.075,0.0035,"mg/L",45.547602,-88.833577,"Lake"
"309","LAGOS_1405",2012-04-24,0.011,0.025,0.0035,"mg/L",45.547602,-88.833577,"Lake"
"310","LAGOS_57306",2004-06-28,0.0056,0.0095,0.001,"mg/L",45.420917,-88.4284,"Lake"
"311","LAGOS_57306",2004-07-27,0.0058,0.0095,0.001,"mg/L",45.420917,-88.4284,"Lake"
"312","LAGOS_57306",2004-08-25,0.0063,0.0095,0.001,"mg/L",45.420917,-88.4284,"Lake"
"313","LAGOS_57306",2004-10-26,0.0063,0.0095,0.001,"mg/L",45.420917,-88.4284,"Lake"
"314","LAGOS_57306",2004-11-29,0.0061,0.0095,0.001,"mg/L",45.420917,-88.4284,"Lake"
"315","LAGOS_57306",2004-12-28,0.0065,0.023,0.007,"mg/L",45.420917,-88.4284,"Lake"
"316","LAGOS_57306",2005-01-25,0.0073,0.023,0.009,"mg/L",45.420917,-88.4284,"Lake"
"317","LAGOS_57306",2005-02-23,0.0062,0.023,0.007,"mg/L",45.420917,-88.4284,"Lake"
"318","LAGOS_57306",2005-03-21,0.0058,0.0095,0.006,"mg/L",45.420917,-88.4284,"Lake"
"319","LAGOS_57306",2005-11-28,0.0032,0.17,0.0035,"mg/L",45.420917,-88.4284,"Lake"
"320","LAGOS_57306",2005-12-21,0.0034,0.026,0.0035,"mg/L",45.420917,-88.4284,"Lake"
"321","LAGOS_57306",2006-01-25,0.0042,0.029,0.0035,"mg/L",45.420917,-88.4284,"Lake"
"322","LAGOS_57306",2006-02-22,0.0057,0.047,0.0035,"mg/L",45.420917,-88.4284,"Lake"
"323","LAGOS_57306",2006-03-29,0.0045,0.082,0.007,"mg/L",45.420917,-88.4284,"Lake"
"324","LAGOS_57306",2006-12-20,0.0052,0.027,0.0035,"mg/L",45.420917,-88.4284,"Lake"
"325","LAGOS_57306",2007-01-22,0.0055,0.0125,0.0035,"mg/L",45.420917,-88.4284,"Lake"
"326","LAGOS_57306",2007-02-27,0.0047,0.0125,0.0035,"mg/L",45.420917,-88.4284,"Lake"
"327","LAGOS_57306",2007-03-26,8e-04,0.059,0.0035,"mg/L",45.420917,-88.4284,"Lake"
"328","LAGOS_57306",2007-12-10,0.0054,0.03,0.004,"mg/L",45.420917,-88.4284,"Lake"
"329","LAGOS_57306",2008-01-29,0.0052,0.41,0.006,"mg/L",45.420917,-88.4284,"Lake"
"330","LAGOS_57306",2008-02-19,0.0054,0.15,0.0045,"mg/L",45.420917,-88.4284,"Lake"
"331","LAGOS_57306",2008-03-11,0.0062,0.15,0.0045,"mg/L",45.420917,-88.4284,"Lake"
"332","LAGOS_57306",2008-12-16,0.0058,0.15,0.0045,"mg/L",45.420917,-88.4284,"Lake"
"333","LAGOS_57306",2009-01-27,0.0059,0.12,5e-04,"mg/L",45.420917,-88.4284,"Lake"
"334","LAGOS_57306",2009-02-23,0.0029,0.26,0.008,"mg/L",45.420917,-88.4284,"Lake"
"335","LAGOS_57306",2009-03-30,0.0015,0.31,0.0025,"mg/L",45.420917,-88.4284,"Lake"
"336","LAGOS_57306",2009-04-21,0.005,0.11,0.0025,"mg/L",45.420917,-88.4284,"Lake"
"337","LAGOS_57306",2009-12-15,0.0057,0.0125,0.0035,"mg/L",45.420917,-88.4284,"Lake"
"338","LAGOS_57306",2010-01-12,0.006,0.0125,0.0072,"mg/L",45.420917,-88.4284,"Lake"
"339","LAGOS_57306",2010-02-24,0.0056,0.0125,0.0098,"mg/L",45.420917,-88.4284,"Lake"
"340","LAGOS_57306",2010-03-29,0.0053,0.0125,0.0035,"mg/L",45.420917,-88.4284,"Lake"
"341","LAGOS_57306",2011-01-24,0.0059,0.0125,0.0035,"mg/L",45.420917,-88.4284,"Lake"
"342","LAGOS_57306",2011-04-18,0.0011,0.075,0.0035,"mg/L",45.420917,-88.4284,"Lake"
"343","LAGOS_57306",2012-01-24,0.0049,0.025,0.0035,"mg/L",45.420917,-88.4284,"Lake"
"344","LAGOS_57306",2012-04-24,0.0052,0.075,0.0035,"mg/L",45.420917,-88.4284,"Lake"
"345","LAGOS_57328",2004-07-29,0.0057,0.0095,0.001,"mg/L",45.578411,-88.826563,"Lake"
"346","LAGOS_57328",2004-08-26,0.0058,0.0095,0.001,"mg/L",45.578411,-88.826563,"Lake"
"347","LAGOS_57328",2004-11-29,0.005,0.0095,0.005,"mg/L",45.578411,-88.826563,"Lake"
"348","LAGOS_57328",2004-12-28,0.0059,0.0095,0.001,"mg/L",45.578411,-88.826563,"Lake"
"349","LAGOS_57328",2005-01-24,0.0073,0.229,0.01,"mg/L",45.578411,-88.826563,"Lake"
"350","LAGOS_57328",2005-02-22,0.0059,0.026,0.008,"mg/L",45.578411,-88.826563,"Lake"
"351","LAGOS_57328",2005-03-21,0.0055,0.033,0.009,"mg/L",45.578411,-88.826563,"Lake"
"352","LAGOS_57328",2005-06-27,0.0052,0.0125,0.0035,"mg/L",45.578411,-88.826563,"Lake"
"353","LAGOS_57328",2005-11-28,0.0037,0.14,0.0035,"mg/L",45.578411,-88.826563,"Lake"
"354","LAGOS_57328",2005-12-21,0.0027,0.0125,0.0096,"mg/L",45.578411,-88.826563,"Lake"
"355","LAGOS_57328",2006-01-25,0.0041,0.0125,0.0035,"mg/L",45.578411,-88.826563,"Lake"
"356","LAGOS_57328",2006-02-23,0.005,0.035,0.0035,"mg/L",45.578411,-88.826563,"Lake"
"357","LAGOS_57328",2006-03-29,0.005,0.15,0.0035,"mg/L",45.578411,-88.826563,"Lake"
"358","LAGOS_57328",2006-12-21,0.0043,0.029,0.0035,"mg/L",45.578411,-88.826563,"Lake"
"359","LAGOS_57328",2007-01-22,0.0048,0.0125,0.0035,"mg/L",45.578411,-88.826563,"Lake"
"360","LAGOS_57328",2007-02-28,0.0058,0.0125,0.0035,"mg/L",45.578411,-88.826563,"Lake"
"361","LAGOS_57328",2007-03-26,0.0047,0.046,0.0035,"mg/L",45.578411,-88.826563,"Lake"
"362","LAGOS_57328",2007-12-10,0.0047,0.01,0.006,"mg/L",45.578411,-88.826563,"Lake"
"363","LAGOS_57328",2008-01-29,0.0051,0.15,0.005,"mg/L",45.578411,-88.826563,"Lake"
"364","LAGOS_57328",2008-02-19,0.0049,0.15,0.0045,"mg/L",45.578411,-88.826563,"Lake"
"365","LAGOS_57328",2008-03-11,0.0053,0.15,0.0045,"mg/L",45.578411,-88.826563,"Lake"
"366","LAGOS_57328",2008-11-18,0.0047,0.15,0.0045,"mg/L",45.578411,-88.826563,"Lake"
"367","LAGOS_57328",2008-12-16,0.0055,0.15,0.0045,"mg/L",45.578411,-88.826563,"Lake"
"368","LAGOS_57328",2009-01-27,0.0058,0.01,5e-04,"mg/L",45.578411,-88.826563,"Lake"
"369","LAGOS_57328",2009-02-23,0.0056,0.43,0.006,"mg/L",45.578411,-88.826563,"Lake"
"370","LAGOS_57328",2009-03-30,0.0051,0.26,0.005,"mg/L",45.578411,-88.826563,"Lake"
"371","LAGOS_57328",2009-04-21,0.0045,0.21,0.005,"mg/L",45.578411,-88.826563,"Lake"
"372","LAGOS_57328",2009-12-15,0.0054,0.0125,0.0035,"mg/L",45.578411,-88.826563,"Lake"
"373","LAGOS_57328",2010-01-12,0.0056,0.0125,0.0035,"mg/L",45.578411,-88.826563,"Lake"
"374","LAGOS_57328",2010-02-24,0.0053,0.0125,0.0035,"mg/L",45.578411,-88.826563,"Lake"
"375","LAGOS_57328",2010-03-29,0.0045,0.0125,0.0035,"mg/L",45.578411,-88.826563,"Lake"
"376","LAGOS_57328",2011-01-24,0.0065,0.05,0.0035,"mg/L",45.578411,-88.826563,"Lake"
"377","LAGOS_57328",2011-04-18,0.0058,0.025,0.0035,"mg/L",45.578411,-88.826563,"Lake"
"378","LAGOS_57328",2012-01-25,0.0062,0.075,0.0035,"mg/L",45.578411,-88.826563,"Lake"
"379","LAGOS_57328",2012-04-24,0.0052,0.025,0.0035,"mg/L",45.578411,-88.826563,"Lake"
"380","LAGOS_65948",2011-04-19,0.0043,3.8,0.006,"mg/L",45.082405,-94.786436,"Lake"
"381","LAGOS_827",2000-08-29,0.00721,0.007,0,"mg/L",43.053693,-89.419354,"Lake"
"382","LAGOS_827",2000-10-23,0.00714,0.008,0,"mg/L",43.053693,-89.419354,"Lake"
"383","LAGOS_827",2001-04-23,0.0065,0.131,0,"mg/L",43.053693,-89.419354,"Lake"
"384","LAGOS_827",2001-07-03,0.00745,0.005,0,"mg/L",43.053693,-89.419354,"Lake"
"385","LAGOS_827",2001-08-01,0.00732,0.011,0.009,"mg/L",43.053693,-89.419354,"Lake"
"386","LAGOS_827",2002-08-15,0.00835,0.006,0,"mg/L",43.053693,-89.419354,"Lake"
"387","LAGOS_827",2005-02-09,0.00574,0.433,0.009,"mg/L",43.053693,-89.419354,"Lake"
"388","LAGOS_827",2005-08-04,0.00831,0.012,0.003,"mg/L",43.053693,-89.419354,"Lake"
"389","LAGOS_827",2005-10-26,0.00816,0.076,0,"mg/L",43.053693,-89.419354,"Lake"
"390","LAGOS_827",2006-08-09,0.00738,0.012,0.002,"mg/L",43.053693,-89.419354,"Lake"
"391","LAGOS_827",2006-10-04,0.00748,0,0,"mg/L",43.053693,-89.419354,"Lake"
"392","LAGOS_827",2007-06-13,0.00514,0.034,0.003,"mg/L",43.053693,-89.419354,"Lake"
"393","LAGOS_827",2008-04-15,0.00446,0.4,0.002,"mg/L",43.053693,-89.419354,"Lake"
"394","LAGOS_827",2009-08-03,0.00554,0,0,"mg/L",43.053693,-89.419354,"Lake"
"395","LAGOS_827",2010-06-10,0.01024,0.028,0,"mg/L",43.053693,-89.419354,"Lake"
"396","LAGOS_2746",2000-05-10,0.0077,0.018,0,"mg/L",43.287495,-89.652158,"Lake"
"397","LAGOS_2746",2000-07-04,0.00762,0.009,0,"mg/L",43.287495,-89.652158,"Lake"
"398","LAGOS_2746",2000-11-28,0.00728,0.027,0.004,"mg/L",43.287495,-89.652158,"Lake"
"399","LAGOS_2746",2001-11-27,0.00798,0.024,0.002,"mg/L",43.287495,-89.652158,"Lake"
"400","LAGOS_2746",2002-05-22,0.0077,0.112,0,"mg/L",43.287495,-89.652158,"Lake"
"401","LAGOS_2746",2002-10-23,0.00733,0.012,0,"mg/L",43.287495,-89.652158,"Lake"
"402","LAGOS_4559",2007-08-07,0.00529,0,0.003,"mg/L",43.068029,-89.360153,"Lake"
"403","LAGOS_4559",2009-10-30,0.00557,0.039,0.101,"mg/L",43.068029,-89.360153,"Lake"
"404","LAGOS_827",2000-03-16,0.00532,0.344,0,"mg/L",43.053693,-89.419354,"Lake"
"405","LAGOS_827",2000-04-12,0.00583,0.188,0,"mg/L",43.053693,-89.419354,"Lake"
"406","LAGOS_827",2001-10-25,0.00698,0.022,0.002,"mg/L",43.053693,-89.419354,"Lake"
"407","LAGOS_827",2002-06-20,0.00713,0.02,0,"mg/L",43.053693,-89.419354,"Lake"
"408","LAGOS_827",2005-08-31,0.00779,0.001,0,"mg/L",43.053693,-89.419354,"Lake"
"409","LAGOS_827",2006-05-17,0.00535,0.019,0.002,"mg/L",43.053693,-89.419354,"Lake"
"410","LAGOS_827",2006-07-12,0.00639,0.002,0.002,"mg/L",43.053693,-89.419354,"Lake"
"411","LAGOS_827",2007-05-15,0.00497,0.017,0,"mg/L",43.053693,-89.419354,"Lake"
"412","LAGOS_827",2008-05-13,0.00481,0.062,0.003,"mg/L",43.053693,-89.419354,"Lake"
"413","LAGOS_827",2008-11-03,0.00482,0.076,0,"mg/L",43.053693,-89.419354,"Lake"
"414","LAGOS_827",2009-04-13,0.00354,0.129,0,"mg/L",43.053693,-89.419354,"Lake"
"415","LAGOS_827",2009-10-02,0.00504,0.021,0,"mg/L",43.053693,-89.419354,"Lake"
"416","LAGOS_2746",2000-04-12,0.0078,0.154,0,"mg/L",43.287495,-89.652158,"Lake"
"417","LAGOS_2746",2000-10-23,0.00764,0.006,0,"mg/L",43.287495,-89.652158,"Lake"
"418","LAGOS_2746",2001-04-24,0.00738,0.082,0.001,"mg/L",43.287495,-89.652158,"Lake"
"419","LAGOS_2746",2001-07-03,0.01007,0.003,0,"mg/L",43.287495,-89.652158,"Lake"
"420","LAGOS_2746",2002-04-25,0.00769,0.15,0,"mg/L",43.287495,-89.652158,"Lake"
"421","LAGOS_2746",2003-01-27,0.00841,0.048,0,"mg/L",43.287495,-89.652158,"Lake"
"422","LAGOS_4559",2007-02-26,0.00509,0.181,0.067,"mg/L",43.068029,-89.360153,"Lake"
"423","LAGOS_4559",2009-02-05,0.00578,0.407,0.096,"mg/L",43.068029,-89.360153,"Lake"
"424","LAGOS_5371",2009-10-28,0.00542,0.09,0.139,"mg/L",43.107725,-89.422733,"Lake"
"425","LAGOS_827",2000-02-24,0.00569,0.271,0,"mg/L",43.053693,-89.419354,"Lake"
"426","LAGOS_827",2000-05-10,0.00631,0.071,0,"mg/L",43.053693,-89.419354,"Lake"
"427","LAGOS_827",2000-06-05,0.00639,0.09,0,"mg/L",43.053693,-89.419354,"Lake"
"428","LAGOS_827",2002-11-20,0.00786,0.15,0,"mg/L",43.053693,-89.419354,"Lake"
"429","LAGOS_827",2005-06-08,0.00748,0.008,0,"mg/L",43.053693,-89.419354,"Lake"
"430","LAGOS_827",2005-09-29,0.00877,0.005,0.002,"mg/L",43.053693,-89.419354,"Lake"
"431","LAGOS_827",2006-11-02,0.0073,0.064,0.005,"mg/L",43.053693,-89.419354,"Lake"
"432","LAGOS_827",2007-07-11,0.00575,0.004,0,"mg/L",43.053693,-89.419354,"Lake"
"433","LAGOS_827",2007-08-08,0.00625,0.001,0,"mg/L",43.053693,-89.419354,"Lake"
"434","LAGOS_827",2009-05-12,0.00383,0.029,0,"mg/L",43.053693,-89.419354,"Lake"
"435","LAGOS_827",2009-08-31,0.00509,0.036,0,"mg/L",43.053693,-89.419354,"Lake"
"436","LAGOS_827",2010-04-14,0.0053,0.088,0.004,"mg/L",43.053693,-89.419354,"Lake"
"437","LAGOS_827",2010-05-12,0.00178,0.04,0,"mg/L",43.053693,-89.419354,"Lake"
"438","LAGOS_827",2010-08-31,0.00513,0.056,0,"mg/L",43.053693,-89.419354,"Lake"
"439","LAGOS_2746",2000-01-27,0.00899,0.061,0,"mg/L",43.287495,-89.652158,"Lake"
"440","LAGOS_2746",2000-03-16,0.01009,0.167,0,"mg/L",43.287495,-89.652158,"Lake"
"441","LAGOS_2746",2000-06-05,0.00781,0.011,0,"mg/L",43.287495,-89.652158,"Lake"
"442","LAGOS_2746",2000-08-02,0.00751,0.002,0,"mg/L",43.287495,-89.652158,"Lake"
"443","LAGOS_2746",2001-06-06,0.00742,0.01,0,"mg/L",43.287495,-89.652158,"Lake"
"444","LAGOS_2746",2002-07-17,0.00808,0.005,0,"mg/L",43.287495,-89.652158,"Lake"
"445","LAGOS_2746",2002-09-25,0.00924,0.018,0,"mg/L",43.287495,-89.652158,"Lake"
"446","LAGOS_4559",2007-04-17,0.00497,0.192,0.011,"mg/L",43.068029,-89.360153,"Lake"
"447","LAGOS_4559",2007-10-29,0.00526,0.029,0.079,"mg/L",43.068029,-89.360153,"Lake"
"448","LAGOS_5371",2007-02-19,0.00519,0.302,0.112,"mg/L",43.107725,-89.422733,"Lake"
"449","LAGOS_5371",2007-10-29,0.00522,0.058,0.119,"mg/L",43.107725,-89.422733,"Lake"
"450","LAGOS_827",2001-01-08,0.00698,0.193,0.011,"mg/L",43.053693,-89.419354,"Lake"
"451","LAGOS_827",2009-02-16,0.00167,0.174,0,"mg/L",43.053693,-89.419354,"Lake"
"452","LAGOS_827",2010-08-05,0.00507,0.006,0.002,"mg/L",43.053693,-89.419354,"Lake"
"453","LAGOS_4559",2010-02-03,0.00546,0.382,0.102,"mg/L",43.068029,-89.360153,"Lake"
"454","LAGOS_5371",2007-01-03,0.00517,0.259,0.115,"mg/L",43.107725,-89.422733,"Lake"
"455","LAGOS_5371",2009-01-21,0.00657,0.576,0.127,"mg/L",43.107725,-89.422733,"Lake"
"456","LAGOS_5371",2010-02-01,0.00502,0.668,0.112,"mg/L",43.107725,-89.422733,"Lake"
"457","LAGOS_4559",2009-04-17,0.00511,0.461,0.007,"mg/L",43.068029,-89.360153,"Lake"
"458","LAGOS_4559",2006-06-13,0.00593,0,0.003,"mg/L",43.068029,-89.360153,"Lake"
"459","LAGOS_6590",2007-08-22,0.00407,0.003,0.02,"mg/L",41.896782,-73.447314,"Lake"
"460","LAGOS_827",2000-01-26,0.01115,0.121,0.003,"mg/L",43.053693,-89.419354,"Lake"
"461","LAGOS_827",2005-11-22,0.00789,0.036,0,"mg/L",43.053693,-89.419354,"Lake"
"462","LAGOS_2746",2001-01-09,0.00725,0.013,0.004,"mg/L",43.287495,-89.652158,"Lake"
"463","LAGOS_4559",2001-07-30,0.00646,0,0,"mg/L",43.068029,-89.360153,"Lake"
"464","LAGOS_4559",2003-09-30,0.00605,0,0.057,"mg/L",43.068029,-89.360153,"Lake"
"465","LAGOS_4559",2004-04-13,0.0063,0.233,0.013,"mg/L",43.068029,-89.360153,"Lake"
"466","LAGOS_5371",2001-07-02,0.00627,0.176,0.003,"mg/L",43.107725,-89.422733,"Lake"
"467","LAGOS_5371",2001-07-30,0.00566,0.012,0.003,"mg/L",43.107725,-89.422733,"Lake"
"468","LAGOS_5371",2003-04-14,0.00558,0.444,0.046,"mg/L",43.107725,-89.422733,"Lake"
"469","LAGOS_5371",2003-11-25,0.00577,0.124,0.095,"mg/L",43.107725,-89.422733,"Lake"
"470","LAGOS_5371",2004-04-12,0.00598,0.55,0.039,"mg/L",43.107725,-89.422733,"Lake"
"471","LAGOS_5371",2009-04-15,0.00492,1.74,0.133,"mg/L",43.107725,-89.422733,"Lake"
"472","LAGOS_4559",2001-07-02,0.0053,0.044,0.029,"mg/L",43.068029,-89.360153,"Lake"
"473","LAGOS_4559",2001-08-27,0.0061,0.014,0,"mg/L",43.068029,-89.360153,"Lake"
"474","LAGOS_4559",2002-08-13,0.00649,0,0,"mg/L",43.068029,-89.360153,"Lake"
"475","LAGOS_4559",2007-07-09,0.00556,0,0,"mg/L",43.068029,-89.360153,"Lake"
"476","LAGOS_4559",2008-08-05,0.00574,0,0.003,"mg/L",43.068029,-89.360153,"Lake"
"477","LAGOS_4559",2009-09-04,0.00525,0,0,"mg/L",43.068029,-89.360153,"Lake"
"478","LAGOS_5371",2001-08-27,0.00572,0.012,0,"mg/L",43.107725,-89.422733,"Lake"
"479","LAGOS_5371",2009-09-02,0.00494,0,0.002,"mg/L",43.107725,-89.422733,"Lake"
"480","LAGOS_4559",2000-08-01,0.00637,0,0.004,"mg/L",43.068029,-89.360153,"Lake"
"481","LAGOS_4559",2000-08-28,0.00609,0,0.002,"mg/L",43.068029,-89.360153,"Lake"
"482","LAGOS_4559",2003-08-05,0.00723,0,0.004,"mg/L",43.068029,-89.360153,"Lake"
"483","LAGOS_4559",2003-09-03,0.00623,0,0,"mg/L",43.068029,-89.360153,"Lake"
"484","LAGOS_4559",2004-07-07,0.00728,0,0,"mg/L",43.068029,-89.360153,"Lake"
"485","LAGOS_4559",2004-08-05,0.00628,0,0,"mg/L",43.068029,-89.360153,"Lake"
"486","LAGOS_4559",2005-08-03,0.00717,0,0,"mg/L",43.068029,-89.360153,"Lake"
"487","LAGOS_4559",2005-08-30,0.00665,0,0,"mg/L",43.068029,-89.360153,"Lake"
"488","LAGOS_4559",2005-09-27,0.00688,0,0,"mg/L",43.068029,-89.360153,"Lake"
"489","LAGOS_4559",2006-07-12,0.00611,0,0,"mg/L",43.068029,-89.360153,"Lake"
"490","LAGOS_4559",2006-08-08,0.00545,0,0.002,"mg/L",43.068029,-89.360153,"Lake"
"491","LAGOS_4559",2006-09-07,0.00537,0,0.002,"mg/L",43.068029,-89.360153,"Lake"
"492","LAGOS_4559",2007-09-04,0.00526,0,0,"mg/L",43.068029,-89.360153,"Lake"
"493","LAGOS_4559",2008-09-29,0.00562,0,0,"mg/L",43.068029,-89.360153,"Lake"
"494","LAGOS_4559",2009-07-09,0.00546,0,0,"mg/L",43.068029,-89.360153,"Lake"
"495","LAGOS_4559",2010-07-06,0.00488,0,0,"mg/L",43.068029,-89.360153,"Lake"
"496","LAGOS_4559",2010-10-08,0.00471,0,0.009,"mg/L",43.068029,-89.360153,"Lake"
"497","LAGOS_5371",2000-07-03,0.00622,0.428,0.049,"mg/L",43.107725,-89.422733,"Lake"
"498","LAGOS_5371",2000-07-31,0.00684,0.023,0,"mg/L",43.107725,-89.422733,"Lake"
"499","LAGOS_5371",2000-08-28,0.00586,0,0,"mg/L",43.107725,-89.422733,"Lake"
"500","LAGOS_5371",2002-08-12,0.00584,0,0,"mg/L",43.107725,-89.422733,"Lake"
"501","LAGOS_5371",2002-09-23,0.00682,0,0,"mg/L",43.107725,-89.422733,"Lake"
"502","LAGOS_5371",2003-09-02,0.00578,0,0,"mg/L",43.107725,-89.422733,"Lake"
"503","LAGOS_5371",2004-08-03,0.0069,0,0,"mg/L",43.107725,-89.422733,"Lake"
"504","LAGOS_5371",2005-08-01,0.01027,0,0,"mg/L",43.107725,-89.422733,"Lake"
"505","LAGOS_5371",2005-08-29,0.00747,0,0,"mg/L",43.107725,-89.422733,"Lake"
"506","LAGOS_5371",2005-09-26,0.00664,0,0.002,"mg/L",43.107725,-89.422733,"Lake"
"507","LAGOS_5371",2006-07-10,0.00629,0.033,0.003,"mg/L",43.107725,-89.422733,"Lake"
"508","LAGOS_5371",2006-09-06,0.00512,0,0.004,"mg/L",43.107725,-89.422733,"Lake"
"509","LAGOS_5371",2007-07-09,0.00537,0,0,"mg/L",43.107725,-89.422733,"Lake"
"510","LAGOS_5371",2007-09-04,0.00521,0,0,"mg/L",43.107725,-89.422733,"Lake"
"511","LAGOS_5371",2008-08-04,0.00568,0.038,0.003,"mg/L",43.107725,-89.422733,"Lake"
"512","LAGOS_5371",2008-09-29,0.00498,0,0,"mg/L",43.107725,-89.422733,"Lake"
"513","LAGOS_5371",2010-08-30,0.00451,0,0,"mg/L",43.107725,-89.422733,"Lake"
"514","LAGOS_4559",2009-05-11,0.00457,0.525,0.046,"mg/L",43.068029,-89.360153,"Lake"
"515","LAGOS_4559",2000-07-03,0.00658,0.139,0.032,"mg/L",43.068029,-89.360153,"Lake"
"516","LAGOS_4559",2003-10-29,0.00651,0,0.033,"mg/L",43.068029,-89.360153,"Lake"
"517","LAGOS_4559",2005-06-07,0.00633,0.097,0,"mg/L",43.068029,-89.360153,"Lake"
"518","LAGOS_4559",2007-06-11,0.00555,0.05,0.012,"mg/L",43.068029,-89.360153,"Lake"
"519","LAGOS_4559",2008-03-03,0.00531,0.314,0.083,"mg/L",43.068029,-89.360153,"Lake"
"520","LAGOS_4559",2008-04-17,0.00542,0.418,0.005,"mg/L",43.068029,-89.360153,"Lake"
"521","LAGOS_4559",2008-07-08,0.00581,0.027,0.014,"mg/L",43.068029,-89.360153,"Lake"
"522","LAGOS_4559",2010-08-30,0.0047,0,0.002,"mg/L",43.068029,-89.360153,"Lake"
"523","LAGOS_5371",2002-07-15,0.00633,0.159,0,"mg/L",43.107725,-89.422733,"Lake"
"524","LAGOS_5371",2003-08-04,0.00748,0.079,0.003,"mg/L",43.107725,-89.422733,"Lake"
"525","LAGOS_5371",2005-07-05,0.00777,0.095,0,"mg/L",43.107725,-89.422733,"Lake"
"526","LAGOS_5371",2006-08-07,0.0056,0.135,0,"mg/L",43.107725,-89.422733,"Lake"
"527","LAGOS_5371",2007-10-01,0.00538,0,0.025,"mg/L",43.107725,-89.422733,"Lake"
"528","LAGOS_4559",2000-04-10,0.00609,0.288,0.021,"mg/L",43.068029,-89.360153,"Lake"
"529","LAGOS_4559",2001-06-04,0.00564,0.238,0.078,"mg/L",43.068029,-89.360153,"Lake"
"530","LAGOS_4559",2001-09-26,0.00582,0.013,0.066,"mg/L",43.068029,-89.360153,"Lake"
"531","LAGOS_4559",2002-10-22,0.00564,0,0.06,"mg/L",43.068029,-89.360153,"Lake"
"532","LAGOS_4559",2003-04-15,0.00642,0.132,0.007,"mg/L",43.068029,-89.360153,"Lake"
"533","LAGOS_4559",2004-06-08,0.00661,0.154,0.015,"mg/L",43.068029,-89.360153,"Lake"
"534","LAGOS_4559",2004-10-06,0.00611,0,0.043,"mg/L",43.068029,-89.360153,"Lake"
"535","LAGOS_4559",2005-02-03,0.00626,0.207,0.096,"mg/L",43.068029,-89.360153,"Lake"
"536","LAGOS_4559",2005-04-18,0.00703,0.321,0.028,"mg/L",43.068029,-89.360153,"Lake"
"537","LAGOS_4559",2006-05-16,0.00525,0.103,0.066,"mg/L",43.068029,-89.360153,"Lake"
"538","LAGOS_4559",2006-10-04,0.00563,0,0.017,"mg/L",43.068029,-89.360153,"Lake"
"539","LAGOS_4559",2006-10-30,0.00532,0,0.035,"mg/L",43.068029,-89.360153,"Lake"
"540","LAGOS_4559",2006-12-11,0.00541,0.09,0.059,"mg/L",43.068029,-89.360153,"Lake"
"541","LAGOS_4559",2007-10-04,0.00236,0,0.026,"mg/L",43.068029,-89.360153,"Lake"
"542","LAGOS_4559",2008-10-31,0.00506,0.039,0.059,"mg/L",43.068029,-89.360153,"Lake"
"543","LAGOS_5371",2000-06-06,0.00592,0.504,0.07,"mg/L",43.107725,-89.422733,"Lake"
"544","LAGOS_5371",2000-09-25,0.00568,0.011,0.056,"mg/L",43.107725,-89.422733,"Lake"
"545","LAGOS_5371",2001-03-07,0.00594,0.829,0.091,"mg/L",43.107725,-89.422733,"Lake"
"546","LAGOS_5371",2001-06-04,0.00514,0.667,0.072,"mg/L",43.107725,-89.422733,"Lake"
"547","LAGOS_5371",2001-09-26,0.00548,0.021,0.049,"mg/L",43.107725,-89.422733,"Lake"
"548","LAGOS_5371",2002-03-28,0.00559,0.941,0.068,"mg/L",43.107725,-89.422733,"Lake"
"549","LAGOS_5371",2002-10-21,0.00552,0,0.1,"mg/L",43.107725,-89.422733,"Lake"
"550","LAGOS_5371",2003-06-09,0.00615,0.352,0.006,"mg/L",43.107725,-89.422733,"Lake"
"551","LAGOS_5371",2003-09-29,0.00573,0.005,0.018,"mg/L",43.107725,-89.422733,"Lake"
"552","LAGOS_5371",2003-10-27,0.00557,0,0.104,"mg/L",43.107725,-89.422733,"Lake"
"553","LAGOS_5371",2004-07-06,0.00634,0.28,0.015,"mg/L",43.107725,-89.422733,"Lake"
"554","LAGOS_5371",2004-10-05,0.00592,0,0.028,"mg/L",43.107725,-89.422733,"Lake"
"555","LAGOS_5371",2005-04-15,0.00583,0.922,0.098,"mg/L",43.107725,-89.422733,"Lake"
"556","LAGOS_5371",2006-10-02,0.00517,0,0.053,"mg/L",43.107725,-89.422733,"Lake"
"557","LAGOS_5371",2008-04-14,0.00504,0.953,0.024,"mg/L",43.107725,-89.422733,"Lake"
"558","LAGOS_5371",2008-07-07,0.0053,0.465,0.034,"mg/L",43.107725,-89.422733,"Lake"
"559","LAGOS_5371",2009-07-06,0.00506,0.863,0.038,"mg/L",43.107725,-89.422733,"Lake"
"560","LAGOS_5371",2009-09-30,0.00517,0.027,0.034,"mg/L",43.107725,-89.422733,"Lake"
"561","LAGOS_5371",2010-05-10,0.00461,0.639,0.03,"mg/L",43.107725,-89.422733,"Lake"
"562","LAGOS_5371",2010-06-07,0.00548,0.424,0,"mg/L",43.107725,-89.422733,"Lake"
"563","LAGOS_5371",2010-10-05,0.00678,0.032,0.026,"mg/L",43.107725,-89.422733,"Lake"
"564","LAGOS_4559",2000-01-25,0.00653,0.269,0.082,"mg/L",43.068029,-89.360153,"Lake"
"565","LAGOS_4559",2000-05-09,0.0072,0.248,0.039,"mg/L",43.068029,-89.360153,"Lake"
"566","LAGOS_4559",2000-09-25,0.00598,0.013,0.058,"mg/L",43.068029,-89.360153,"Lake"
"567","LAGOS_4559",2000-10-24,0.00618,0.063,0.09,"mg/L",43.068029,-89.360153,"Lake"
"568","LAGOS_4559",2000-11-27,0.00582,0.195,0.113,"mg/L",43.068029,-89.360153,"Lake"
"569","LAGOS_4559",2001-01-15,0.00601,0.229,0.118,"mg/L",43.068029,-89.360153,"Lake"
"570","LAGOS_4559",2001-04-25,0.00604,0.318,0.037,"mg/L",43.068029,-89.360153,"Lake"
"571","LAGOS_4559",2001-05-09,0.00624,0.297,0.072,"mg/L",43.068029,-89.360153,"Lake"
"572","LAGOS_4559",2001-10-22,0.00582,0.032,0.07,"mg/L",43.068029,-89.360153,"Lake"
"573","LAGOS_4559",2001-11-26,0.0068,0.113,0.074,"mg/L",43.068029,-89.360153,"Lake"
"574","LAGOS_4559",2002-04-23,0.00574,0.253,0.01,"mg/L",43.068029,-89.360153,"Lake"
"575","LAGOS_4559",2002-05-21,0.00555,0.276,0.055,"mg/L",43.068029,-89.360153,"Lake"
"576","LAGOS_4559",2002-11-19,0.00611,0.068,0.045,"mg/L",43.068029,-89.360153,"Lake"
"577","LAGOS_4559",2003-02-13,0.00687,0.203,0.023,"mg/L",43.068029,-89.360153,"Lake"
"578","LAGOS_4559",2003-05-13,0.00636,0.14,0.044,"mg/L",43.068029,-89.360153,"Lake"
"579","LAGOS_4559",2003-06-10,0.0068,0.102,0.018,"mg/L",43.068029,-89.360153,"Lake"
"580","LAGOS_4559",2003-12-02,0.00673,0.12,0.049,"mg/L",43.068029,-89.360153,"Lake"
"581","LAGOS_4559",2004-02-17,0.00571,0.279,0.072,"mg/L",43.068029,-89.360153,"Lake"
"582","LAGOS_4559",2004-05-11,0.00655,0.185,0.033,"mg/L",43.068029,-89.360153,"Lake"
"583","LAGOS_4559",2006-04-19,0.00508,0.105,0.022,"mg/L",43.068029,-89.360153,"Lake"
"584","LAGOS_4559",2007-05-21,0.00528,0.157,0.034,"mg/L",43.068029,-89.360153,"Lake"
"585","LAGOS_4559",2007-11-26,0.00539,0.09,0.079,"mg/L",43.068029,-89.360153,"Lake"
"586","LAGOS_4559",2010-05-13,0.00501,0.174,0.053,"mg/L",43.068029,-89.360153,"Lake"
"587","LAGOS_4559",2010-06-09,0.00558,0.094,0.006,"mg/L",43.068029,-89.360153,"Lake"
"588","LAGOS_5371",2000-01-24,0.00623,0.255,0.101,"mg/L",43.107725,-89.422733,"Lake"
"589","LAGOS_5371",2000-02-28,0.00589,0.326,0.091,"mg/L",43.107725,-89.422733,"Lake"
"590","LAGOS_5371",2000-03-13,0.00549,0.377,0.089,"mg/L",43.107725,-89.422733,"Lake"
"591","LAGOS_5371",2000-04-10,0.00593,0.467,0.053,"mg/L",43.107725,-89.422733,"Lake"
"592","LAGOS_5371",2000-05-09,0.00675,0.464,0.028,"mg/L",43.107725,-89.422733,"Lake"
"593","LAGOS_5371",2000-10-24,0.00548,0.063,0.113,"mg/L",43.107725,-89.422733,"Lake"
"594","LAGOS_5371",2000-11-28,0.00596,0.207,0.123,"mg/L",43.107725,-89.422733,"Lake"
"595","LAGOS_5371",2001-01-17,0.00565,0.66,0.12,"mg/L",43.107725,-89.422733,"Lake"
"596","LAGOS_5371",2001-04-23,0.00594,0.802,0.053,"mg/L",43.107725,-89.422733,"Lake"
"597","LAGOS_5371",2001-05-07,0.00584,0.78,0.071,"mg/L",43.107725,-89.422733,"Lake"
"598","LAGOS_5371",2001-10-22,0.00554,0.037,0.125,"mg/L",43.107725,-89.422733,"Lake"
"599","LAGOS_5371",2001-11-26,0.0055,0.185,0.118,"mg/L",43.107725,-89.422733,"Lake"
"600","LAGOS_5371",2002-04-24,0.00547,0.964,0.054,"mg/L",43.107725,-89.422733,"Lake"
"601","LAGOS_5371",2002-05-20,0.00529,0.868,0.073,"mg/L",43.107725,-89.422733,"Lake"
"602","LAGOS_5371",2002-06-18,0.00588,0.78,0.051,"mg/L",43.107725,-89.422733,"Lake"
"603","LAGOS_5371",2002-11-18,0.0058,0.113,0.086,"mg/L",43.107725,-89.422733,"Lake"
"604","LAGOS_5371",2003-01-21,0.00766,0.306,0.078,"mg/L",43.107725,-89.422733,"Lake"
"605","LAGOS_5371",2003-05-13,0.00591,0.449,0.04,"mg/L",43.107725,-89.422733,"Lake"
"606","LAGOS_5371",2004-02-03,0.0056,0.327,0.097,"mg/L",43.107725,-89.422733,"Lake"
"607","LAGOS_5371",2004-05-10,0.00719,0.556,0.05,"mg/L",43.107725,-89.422733,"Lake"
"608","LAGOS_5371",2004-06-07,0.00569,0.565,0.049,"mg/L",43.107725,-89.422733,"Lake"
"609","LAGOS_5371",2005-01-31,0.00601,0.3,0.097,"mg/L",43.107725,-89.422733,"Lake"
"610","LAGOS_5371",2005-05-09,0.00584,0.855,0.096,"mg/L",43.107725,-89.422733,"Lake"
"611","LAGOS_5371",2005-06-06,0.00673,0.669,0.053,"mg/L",43.107725,-89.422733,"Lake"
"612","LAGOS_5371",2006-04-17,0.00464,0.348,0.112,"mg/L",43.107725,-89.422733,"Lake"
"613","LAGOS_5371",2006-05-15,0.00494,0.367,0.105,"mg/L",43.107725,-89.422733,"Lake"
"614","LAGOS_5371",2006-10-30,0.00521,0.057,0.118,"mg/L",43.107725,-89.422733,"Lake"
"615","LAGOS_5371",2006-11-27,0.00497,0.111,0.114,"mg/L",43.107725,-89.422733,"Lake"
"616","LAGOS_5371",2007-05-14,0.00497,0.505,0.06,"mg/L",43.107725,-89.422733,"Lake"
"617","LAGOS_5371",2007-06-11,0.00513,0.437,0.046,"mg/L",43.107725,-89.422733,"Lake"
"618","LAGOS_5371",2007-11-26,0.0051,0.16,0.126,"mg/L",43.107725,-89.422733,"Lake"
"619","LAGOS_5371",2008-02-13,0.00545,0.423,0.122,"mg/L",43.107725,-89.422733,"Lake"
"620","LAGOS_5371",2008-10-29,0.00463,0.105,0.125,"mg/L",43.107725,-89.422733,"Lake"
"621","LAGOS_5371",2009-05-11,0.00452,1.53,0.075,"mg/L",43.107725,-89.422733,"Lake"
"622","LAGOS_5371",2009-12-03,0.00505,0.273,0.128,"mg/L",43.107725,-89.422733,"Lake"
"623","LAGOS_5371",2010-07-05,0.00131,0.07,0,"mg/L",43.107725,-89.422733,"Lake"
"624","LAGOS_4559",2002-09-24,0.00695,0,0,"mg/L",43.068029,-89.360153,"Lake"
"625","LAGOS_2339",2005-07-19,0.002956547063,0.294244575,0.000171503958,"mg/L",42.400018,-85.412049,"Lake"
"626","LAGOS_4559",2004-11-04,0.00635,0.034,0.086,"mg/L",43.068029,-89.360153,"Lake"
"627","LAGOS_5371",2004-11-03,0.00565,0.043,0.102,"mg/L",43.107725,-89.422733,"Lake"
"628","LAGOS_5371",2011-09-12,0.0046,0.05,0,"mg/L",43.107725,-89.422733,"Lake"
"629","LAGOS_447",2006-05-02,0.00302270842,5.154,0.006735,"mg/L",39.572346,-84.748952,"Lake"
"630","LAGOS_447",2006-05-08,0.00293797078,4.823,0.007344,"mg/L",39.572346,-84.748952,"Lake"
"631","LAGOS_447",2006-05-15,0.003063057392,4.7285,0.0049065,"mg/L",39.572346,-84.748952,"Lake"
"632","LAGOS_447",2006-05-30,0.003109254304,6.765,0.005571,"mg/L",39.572346,-84.748952,"Lake"
"633","LAGOS_447",2006-06-05,0.003559877676,7.641,0.006567,"mg/L",39.572346,-84.748952,"Lake"
"634","LAGOS_447",2006-06-12,0.003545361077,7.746,0.005596,"mg/L",39.572346,-84.748952,"Lake"
"635","LAGOS_447",2006-06-19,0.004033883792,7.853,0.004732,"mg/L",39.572346,-84.748952,"Lake"
"636","LAGOS_447",2006-06-26,0.004157368607,7.341,0.003879,"mg/L",39.572346,-84.748952,"Lake"
"637","LAGOS_447",2006-07-03,0.003636340688,6.758,0.004722,"mg/L",39.572346,-84.748952,"Lake"
"638","LAGOS_447",2006-07-10,0.003227052901,5.917,0.003655,"mg/L",39.572346,-84.748952,"Lake"
"639","LAGOS_447",2006-07-17,0.003175226438,5.022,0.005903,"mg/L",39.572346,-84.748952,"Lake"
"640","LAGOS_447",2006-07-24,0.003375711482,3.514,0.005585,"mg/L",39.572346,-84.748952,"Lake"
"641","LAGOS_447",2006-07-31,0.003509713625,3.065,0.006359,"mg/L",39.572346,-84.748952,"Lake"
"642","LAGOS_447",2006-08-07,0.003662489363,2.658,0.005111,"mg/L",39.572346,-84.748952,"Lake"
"643","LAGOS_447",2006-08-14,0.00362167946,1.7875,0.0063825,"mg/L",39.572346,-84.748952,"Lake"
"644","LAGOS_447",2006-08-21,0.003864526634,0.961,0.006772,"mg/L",39.572346,-84.748952,"Lake"
"645","LAGOS_447",2006-08-28,0.003836220231,0.31,0.007915,"mg/L",39.572346,-84.748952,"Lake"
"646","LAGOS_447",2006-09-18,0.003822330775,0.332,0.007763,"mg/L",39.572346,-84.748952,"Lake"
"647","LAGOS_447",2006-09-25,0.003707885555,0.541,0.03053,"mg/L",39.572346,-84.748952,"Lake"
"648","LAGOS_494",2006-08-08,0.00339699853,0.01,0.005525,"mg/L",40.340521,-81.177694,"Lake"
"649","LAGOS_939",2006-09-19,0.003786043266,0.043,0.007888,"mg/L",41.020175,-83.571008,"Lake"
"650","LAGOS_1017",2006-07-25,0.003798675172,0.066,0.002717,"mg/L",39.108881,-83.024548,"Lake"
"651","LAGOS_1728",2006-07-25,0.0049890579,0.031,0.003771,"mg/L",39.341761,-82.909396,"Lake"
"652","LAGOS_2339",2001-08-01,0.007808244272,0.164424173,0.001370106762,"mg/L",42.400018,-85.412049,"Lake"
"653","LAGOS_2339",2005-07-12,0.004248392919,0.340755834,0.000572407045,"mg/L",42.400018,-85.412049,"Lake"
"654","LAGOS_2339",2005-07-26,0.00388825382,0.285058511,0.002052322959,"mg/L",42.400018,-85.412049,"Lake"
"655","LAGOS_2339",2005-08-02,0.003207763672,0.251766523,5.9414991e-05,"mg/L",42.400018,-85.412049,"Lake"
"656","LAGOS_2339",2005-08-09,0.003039550781,0.233491702,0.000490566038,"mg/L",42.400018,-85.412049,"Lake"
"657","LAGOS_3007",2006-08-22,0.005403489184,0.002,0.004454,"mg/L",40.164142,-82.878068,"Lake"
"658","LAGOS_3386",2006-08-22,0.005709606885,0.005,0.010702,"mg/L",40.395784,-83.05476,"Lake"
"659","LAGOS_3866",2006-07-05,0.003158731761,0.366,0.004813,"mg/L",40.637415,-82.347333,"Lake"
"660","LAGOS_3866",2006-09-05,0.002695857263,0.071,0.013711,"mg/L",40.637415,-82.347333,"Lake"
"661","LAGOS_4031",2006-07-18,0.005364700122,0.98,0.076863,"mg/L",40.01739,-82.113493,"Lake"
"662","LAGOS_577",2002-08-22,0.006597134065,0,0.001199815413,"mg/L",42.587319,-83.371703,"Lake"
"663","LAGOS_668",2002-08-30,0.00933992672,0,0.002723745473,"mg/L",42.781932,-83.825843,"Lake"
"664","LAGOS_949",2002-08-23,0.006272893441,0.001767556,0.00371942778,"mg/L",42.811928,-83.675528,"Lake"
"665","LAGOS_1689",2002-08-03,0.006276423066,0.005867501,0.001985666265,"mg/L",42.445154,-85.290949,"Lake"
"666","LAGOS_1782",2002-08-06,0.006961495997,0.003421096,0.000583333333,"mg/L",42.602572,-85.521283,"Lake"
"667","LAGOS_1807",2002-09-01,0.006939400658,0.049219536,0.001714950854,"mg/L",42.190129,-84.403932,"Lake"
"668","LAGOS_2043",2002-08-09,0.005806332414,0.005081456,0.00875,"mg/L",42.076777,-85.866961,"Lake"
"669","LAGOS_2098",2002-08-17,0.005628946335,0.001338577,0.002639593909,"mg/L",42.119345,-84.323237,"Lake"
"670","LAGOS_2116",2002-08-26,0.009237471784,0,0.001559760037,"mg/L",42.086214,-84.210901,"Lake"
"671","LAGOS_2335",2002-08-11,0.006600633456,0.007669833,0.006083333333,"mg/L",42.067157,-86.165536,"Lake"
"672","LAGOS_2603",2002-08-04,0.006109242107,0.019561033,0.001985666265,"mg/L",42.552354,-85.498132,"Lake"
"673","LAGOS_2678",2001-11-03,0.01281989758,0.005110125,0.000854092527,"mg/L",42.490828,-85.429396,"Lake"
"674","LAGOS_2678",2002-08-02,0.008359558558,0,0.002151138454,"mg/L",42.490828,-85.429396,"Lake"
"675","LAGOS_2701",2002-08-18,0.01113682892,0.001814402,0.001739732349,"mg/L",42.722074,-83.519384,"Lake"
"676","LAGOS_3152",2002-08-13,0.007462410726,0.207469616,0.00125,"mg/L",41.900576,-85.978553,"Lake"
"677","LAGOS_3361",2002-08-09,0.01195683607,0.002128906,0.006083333333,"mg/L",42.464809,-85.9592,"Lake"
"678","LAGOS_3538",2002-08-11,0.006577146732,0.005807612,0.00325,"mg/L",42.080803,-86.210324,"Lake"
"679","LAGOS_3729",2002-08-21,0.006296116748,0,0.001199815413,"mg/L",42.609087,-83.369068,"Lake"
"680","LAGOS_4033",2002-08-08,0.008236272234,0,0.004583333333,"mg/L",42.112137,-85.996169,"Lake"
"681","LAGOS_4080",2002-08-15,0.008565954848,0.005621822,0.002459621597,"mg/L",43.097283,-86.185268,"Lake"
"682","LAGOS_4225",2002-09-04,0.009426023502,0.005403304,0.002118468702,"mg/L",42.555052,-83.779496,"Lake"
"683","LAGOS_15496",2001-10-15,0.007072725682,1.096564289,0.002099644128,"mg/L",42.351612,-85.432765,"Lake"
"684","LAGOS_21864",2001-11-17,0.01140171746,0.003550936,0.000271377368,"mg/L",42.408343,-85.381596,"Lake"
"685","LAGOS_23015",2002-08-17,0.01040235207,0,0.003359483156,"mg/L",42.078422,-84.034573,"Lake"
"686","LAGOS_34380",2002-08-05,0.007095171524,0.003362314,0.001158305321,"mg/L",42.47139,-85.52544,"Lake"
"687","LAGOS_54340",2002-08-10,0.008370415791,0.00438457,0.000916666667,"mg/L",42.048729,-85.881902,"Lake"
"688","LAGOS_97891",2002-08-24,0.01581866,0.001511041,0.001199815,"mg/L",43.112492,-83.24147,"Lake"
"689","LAGOS_117329",2001-11-17,0.01063197,0.01352401,0.0001085509,"mg/L",42.37748,-85.34571,"Lake"
"690","LAGOS_661",2006-09-05,0.004326916303,0.05,0.015145,"mg/L",40.70927,-82.631602,"Lake"
"691","LAGOS_2226",2006-08-22,0.004369760409,1.22,0.004112,"mg/L",40.243814,-82.964431,"Lake"
"692","LAGOS_2819",2006-08-10,0.004944457337,0.005,0.004894,"mg/L",39.254748,-84.740037,"Lake"
"693","LAGOS_3066",2006-08-10,0.004451535546,0.0006897,0.007148,"mg/L",39.257387,-84.5145,"Lake"
"694","LAGOS_3644",2006-07-11,0.00581166157,0.054,0.00748,"mg/L",40.177122,-84.267341,"Lake"
"695","LAGOS_3984",2006-07-11,0.005220428135,0.514,0.005741,"mg/L",39.595779,-84.608219,"Lake"
"696","LAGOS_4027",2006-08-10,0.0048135685,0.009,0.246471,"mg/L",39.286416,-84.387192,"Lake"
"697","LAGOS_484",2002-08-20,0.006795109134,0.003735092,0.001379787725,"mg/L",42.580733,-83.431602,"Lake"
"698","LAGOS_1689",2001-07-08,0.008533298347,0.00205236,0.001957295374,"mg/L",42.445154,-85.290949,"Lake"
"699","LAGOS_2288",2000-09-06,0.007506462218,0,0.000652431791,"mg/L",42.349536,-85.390881,"Lake"
"700","LAGOS_2339",2001-06-14,0.00566929264,0.25767954,0.001245551601,"mg/L",42.400018,-85.412049,"Lake"
"701","LAGOS_2339",2005-06-14,0.004111515671,0.36302423,0.001464250735,"mg/L",42.400018,-85.412049,"Lake"
"702","LAGOS_2339",2005-06-21,0.004027986007,0.336554507,0.000615318417,"mg/L",42.400018,-85.412049,"Lake"
"703","LAGOS_2339",2005-06-27,0.00393517527,0.326475556,0.000412885662,"mg/L",42.400018,-85.412049,"Lake"
"704","LAGOS_2339",2005-07-08,0.003942730929,0.330382485,0.000763209393,"mg/L",42.400018,-85.412049,"Lake"
"705","LAGOS_2339",2005-08-16,0.003268066406,0.209222763,6.080449e-05,"mg/L",42.400018,-85.412049,"Lake"
"706","LAGOS_2339",2005-08-22,0.002949033918,0.236211022,0.006986242476,"mg/L",42.400018,-85.412049,"Lake"
"707","LAGOS_2339",2006-08-22,0.004184212561,0,0.00080317495,"mg/L",42.400018,-85.412049,"Lake"
"708","LAGOS_2603",2001-10-07,0.004967143584,0.000664272,0.002407730946,"mg/L",42.552354,-85.498132,"Lake"
"709","LAGOS_2678",2001-07-08,0.01159566426,0,0.001245551601,"mg/L",42.490828,-85.429396,"Lake"
"710","LAGOS_2678",2005-11-05,0.01094642771,0.016679207,0.00038147139,"mg/L",42.490828,-85.429396,"Lake"
"711","LAGOS_2678",2008-02-25,0.007444101186,0.211229769,0.001279642058,"mg/L",42.490828,-85.429396,"Lake"
"712","LAGOS_2678",2008-03-05,0.007448104543,0.068652391,0.001107325383,"mg/L",42.490828,-85.429396,"Lake"
"713","LAGOS_2678",2008-04-07,0.01111893844,0,0.002683124241,"mg/L",42.490828,-85.429396,"Lake"
"714","LAGOS_2678",2008-05-13,0.008435330887,0.004089148,0.000733427362,"mg/L",42.490828,-85.429396,"Lake"
"715","LAGOS_2678",2008-10-22,0.009502386863,0.009139488,0.00036595929,"mg/L",42.490828,-85.429396,"Lake"
"716","LAGOS_21864",2008-09-16,0.006580723018,0,0.003357832843,"mg/L",42.408343,-85.381596,"Lake"
"717","LAGOS_34352",2005-06-13,0.008569524761,0.005388988,0.03278648384,"mg/L",42.397779,-85.384973,"Lake"
"718","LAGOS_34352",2005-08-22,0.01160526925,0.00314564,0.06449699054,"mg/L",42.397779,-85.384973,"Lake"
"719","LAGOS_34352",2005-10-18,0.0127344812,0.004243613,0.004989682212,"mg/L",42.397779,-85.384973,"Lake"
"720","LAGOS_34352",2006-08-22,0.01420398991,0.018898305,0.02329207355,"mg/L",42.397779,-85.384973,"Lake"
"721","LAGOS_34352",2008-03-31,0.007857908856,0.005855503,0.01280502635,"mg/L",42.397779,-85.384973,"Lake"
"722","LAGOS_34352",2008-10-31,0.007846171472,0,0.009723820483,"mg/L",42.397779,-85.384973,"Lake"
"723","LAGOS_43928",2008-06-25,0.0146408249,0,0.002415359207,"mg/L",42.480954,-85.411563,"Lake"
"724","LAGOS_52211",2002-08-05,0.01045444427,0.00247529,0.001820194076,"mg/L",42.48158,-85.359673,"Lake"
"725","LAGOS_68704",2001-10-07,0.01020477,0.03351215,0.002407731,"mg/L",42.609874,-85.41509,"Lake"
"726","LAGOS_99816",2005-06-13,0.004402323,1.478271,0.0003183154,"mg/L",42.422646,-85.44371,"Lake"
"727","LAGOS_99816",2005-08-22,0.00490565,0.6815022,0.007153912,"mg/L",42.422646,-85.44371,"Lake"
"728","LAGOS_99816",2005-10-18,0.00562504,0.4440568,0.00064383,"mg/L",42.422646,-85.44371,"Lake"
"729","LAGOS_99816",2006-08-22,0.004819099,0.4471463,0.001124445,"mg/L",42.422646,-85.44371,"Lake"
"730","LAGOS_99816",2008-03-31,0.003466423,1.156017,0.0003161735,"mg/L",42.422646,-85.44371,"Lake"
"731","LAGOS_99816",2008-10-31,0.006169104,0.5984226,0.0007479862,"mg/L",42.422646,-85.44371,"Lake"
"732","LAGOS_122626",2005-06-13,0.008872707,0.09034669,0.0007002938,"mg/L",42.403177,-85.433328,"Lake"
"733","LAGOS_122626",2005-08-22,0.009750388,0.001862757,0.008159931,"mg/L",42.403177,-85.433328,"Lake"
"734","LAGOS_122626",2005-10-18,0.008663829,0.009395147,0.00064383,"mg/L",42.403177,-85.433328,"Lake"
"735","LAGOS_122626",2006-08-22,0.01133948,0.006469696,0.002088255,"mg/L",42.403177,-85.433328,"Lake"
"736","LAGOS_122626",2008-03-31,0.006767824,0.2653651,0.0003161735,"mg/L",42.403177,-85.433328,"Lake"
"737","LAGOS_122626",2008-10-31,0.007998091,0.1618203,0.000598389,"mg/L",42.403177,-85.433328,"Lake"
"738","LAGOS_3895",2006-09-05,0.005738356689,0.002,0.010676,"mg/L",40.763066,-82.377408,"Lake"
"739","LAGOS_659",2001-10-08,0.005487013417,0.006111846,0.000854092527,"mg/L",42.309716,-85.355511,"Lake"
"740","LAGOS_659",2002-06-21,0.007342365786,0.006980711,0.001423774345,"mg/L",42.309716,-85.355511,"Lake"
"741","LAGOS_659",2002-07-17,0.007006637552,0.007195093,0.002302583026,"mg/L",42.309716,-85.355511,"Lake"
"742","LAGOS_1805",2000-02-22,0.008118597419,0.065555934,0.000711743772,"mg/L",42.392952,-84.348377,"Lake"
"743","LAGOS_2189",2001-06-17,0.008591720201,0.007089677,0.001192170819,"mg/L",42.194629,-85.521584,"Lake"
"744","LAGOS_2288",2002-05-22,0.005606034176,0.001805757,0.004940725244,"mg/L",42.349536,-85.390881,"Lake"
"745","LAGOS_2339",2000-12-08,0.009620355337,0.267865942,0.001364175563,"mg/L",42.400018,-85.412049,"Lake"
"746","LAGOS_2678",2000-05-22,0.0121982557,0,0.00290628707,"mg/L",42.490828,-85.429396,"Lake"
"747","LAGOS_2678",2000-10-15,0.01653554117,0,0.001364175563,"mg/L",42.490828,-85.429396,"Lake"
"748","LAGOS_2678",2001-05-19,0.01173525977,0.005446594,0.001423487544,"mg/L",42.490828,-85.429396,"Lake"
"749","LAGOS_2678",2001-05-20,0.01151959205,0,0.000533807829,"mg/L",42.490828,-85.429396,"Lake"
"750","LAGOS_2678",2004-05-01,0.007372074558,0.011343831,0.000610328638,"mg/L",42.490828,-85.429396,"Lake"
"751","LAGOS_2678",2005-06-11,0.00992765522,0.008261055,0.000509304603,"mg/L",42.490828,-85.429396,"Lake"
"752","LAGOS_2678",2006-10-29,0.008549431951,0.016488678,0.001525915549,"mg/L",42.490828,-85.429396,"Lake"
"753","LAGOS_2678",2008-07-09,0.007712266696,0,0.000361884368,"mg/L",42.490828,-85.429396,"Lake"
"754","LAGOS_2678",2008-09-29,0.01084534642,0.169888888,0.001946680606,"mg/L",42.490828,-85.429396,"Lake"
"755","LAGOS_15496",2000-02-16,0.003753198374,0.238015215,0.002728351127,"mg/L",42.351612,-85.432765,"Lake"
"756","LAGOS_15496",2000-05-10,0.006022273972,0.066274608,0.001126927639,"mg/L",42.351612,-85.432765,"Lake"
"757","LAGOS_15496",2000-10-03,0.008483978303,0.041685344,0.001542111507,"mg/L",42.351612,-85.432765,"Lake"
"758","LAGOS_15496",2005-06-13,0.005219057138,1.015960051,0.001464250735,"mg/L",42.351612,-85.432765,"Lake"
"759","LAGOS_15496",2005-10-29,0.003890543077,0.353134115,0.001126702435,"mg/L",42.351612,-85.432765,"Lake"
"760","LAGOS_21864",2000-02-22,0.008379406457,0.077501152,0.00231316726,"mg/L",42.408343,-85.381596,"Lake"
"761","LAGOS_21864",2000-05-22,0.009131446745,0,0.000948991696,"mg/L",42.408343,-85.381596,"Lake"
"762","LAGOS_21864",2000-10-04,0.0113310627,0,0.00172004745,"mg/L",42.408343,-85.381596,"Lake"
"763","LAGOS_21864",2001-05-13,0.009067954455,0,0.000231316726,"mg/L",42.408343,-85.381596,"Lake"
"764","LAGOS_32345",2000-02-15,0.009379600092,0.04365881,0.003084223013,"mg/L",42.571057,-85.383414,"Lake"
"765","LAGOS_34352",2001-05-11,0.01565052026,0,0.1729733096,"mg/L",42.397779,-85.384973,"Lake"
"766","LAGOS_34352",2005-05-16,0.00856643107,0,0.002610186092,"mg/L",42.397779,-85.384973,"Lake"
"767","LAGOS_34352",2005-10-28,0.00930756036,0.065654287,0.002414362361,"mg/L",42.397779,-85.384973,"Lake"
"768","LAGOS_43928",2000-10-18,0.01588575489,0.007195816,0.002431791222,"mg/L",42.480954,-85.411563,"Lake"
"769","LAGOS_68704",2000-05-11,0.01401652,0.02525844,0.002194543,"mg/L",42.609874,-85.41509,"Lake"
"770","LAGOS_68704",2001-05-10,0.01869033,0,0.002010676,"mg/L",42.609874,-85.41509,"Lake"
"771","LAGOS_71743",2001-10-10,0.007288975,0.06570098,0.001032028,"mg/L",41.812041,-85.518178,"Lake"
"772","LAGOS_74896",2005-10-28,0.005047576,0.2617005,0.0008047875,"mg/L",42.440822,-85.350658,"Lake"
"773","LAGOS_83339",2002-07-16,0.005265821,0.02511613,0.002158672,"mg/L",42.406279,-85.313216,"Lake"
"774","LAGOS_99816",2005-05-16,0.00487085,2.02782,0.0001273262,"mg/L",42.422646,-85.44371,"Lake"
"775","LAGOS_112185",2000-03-26,0.005154689,0,0.001957295,"mg/L",42.31353,-85.350758,"Lake"
"776","LAGOS_112185",2000-04-22,0.00719349,0,0.002371886,"mg/L",42.31353,-85.350758,"Lake"
"777","LAGOS_112185",2000-05-17,0.008256108,0.005895824,0.003202847,"mg/L",42.31353,-85.350758,"Lake"
"778","LAGOS_112185",2000-10-10,0.01086047,0,0.001423488,"mg/L",42.31353,-85.350758,"Lake"
"779","LAGOS_112185",2001-05-14,0.009391298,0.01145424,0.002366548,"mg/L",42.31353,-85.350758,"Lake"
"780","LAGOS_112185",2001-10-08,0.005557073,0.002843625,0.0008540925,"mg/L",42.31353,-85.350758,"Lake"
"781","LAGOS_112185",2002-06-21,0.008824651,0.00484231,0.001245803,"mg/L",42.31353,-85.350758,"Lake"
"782","LAGOS_112185",2002-07-17,0.009116384,0.009239636,0.005180812,"mg/L",42.31353,-85.350758,"Lake"
"783","LAGOS_117329",2001-05-17,0.008882098,0.02528584,0.0003558719,"mg/L",42.37748,-85.34571,"Lake"
"784","LAGOS_117329",2002-05-22,0.009837405,0.01106419,0.005348675,"mg/L",42.37748,-85.34571,"Lake"
"785","LAGOS_117329",2007-02-25,0.007636421,0.1062097,0.001681887,"mg/L",42.37748,-85.34571,"Lake"
"786","LAGOS_119450",2000-03-14,0.004733524,0.02840162,0.002135231,"mg/L",42.360802,-85.410421,"Lake"
"787","LAGOS_119450",2000-05-10,0.005368965,0.09154889,0.001126928,"mg/L",42.360802,-85.410421,"Lake"
"788","LAGOS_119450",2000-10-03,0.009968532,0.02513831,0.001364176,"mg/L",42.360802,-85.410421,"Lake"
"789","LAGOS_122626",2005-05-16,0.008568359,0.3479024,0.0005093046,"mg/L",42.403177,-85.433328,"Lake"
"790","LAGOS_138092",2000-03-10,0.01314088,0.03721059,0.001067616,"mg/L",42.43151,-85.324547,"Lake"
"791","LAGOS_138092",2000-05-15,0.01396005,0.01067587,0.001957295,"mg/L",42.43151,-85.324547,"Lake"
"792","LAGOS_138092",2000-10-16,0.0169994,0.02300817,0.001364176,"mg/L",42.43151,-85.324547,"Lake"
"793","LAGOS_138092",2001-11-06,0.01723447,0.03255689,0.0004982206,"mg/L",42.43151,-85.324547,"Lake"
"794","LAGOS_1479",2006-08-29,0.003646006585,0.041,0.009679,"mg/L",40.97584,-81.129067,"Lake"
"795","LAGOS_1590",2006-08-08,0.006203218071,0.079,0.005822,"mg/L",39.539354,-82.040093,"Lake"
"796","LAGOS_2057",2006-05-09,0.003192109957,0.017,0.004885,"mg/L",41.003327,-81.04182,"Lake"
"797","LAGOS_2057",2006-06-06,0.003129704383,0.007,0.004227,"mg/L",41.003327,-81.04182,"Lake"
"798","LAGOS_2057",2006-06-20,0.003633587786,0.011,0.005354,"mg/L",41.003327,-81.04182,"Lake"
"799","LAGOS_2057",2006-07-05,0.003241834862,0.009,0.003865,"mg/L",41.003327,-81.04182,"Lake"
"800","LAGOS_2057",2006-07-18,0.003337772338,0.032,0.004837,"mg/L",41.003327,-81.04182,"Lake"
"801","LAGOS_2057",2006-08-01,0.003234547846,0.031,0.027933,"mg/L",41.003327,-81.04182,"Lake"
"802","LAGOS_2057",2006-08-15,0.003512816934,0.0004742,0.004225,"mg/L",41.003327,-81.04182,"Lake"
"803","LAGOS_2057",2006-08-29,0.003461306379,0.002,0.006378,"mg/L",41.003327,-81.04182,"Lake"
"804","LAGOS_2057",2006-09-21,0.003379437078,0.049,0.006877,"mg/L",41.003327,-81.04182,"Lake"
"805","LAGOS_2339",2001-06-06,0.005365560193,0.248022199,0.001423487544,"mg/L",42.400018,-85.412049,"Lake"
"806","LAGOS_13455",2005-08-08,0.004870849609,0.042659464,0.002146226415,"mg/L",43.020982,-85.629493,"Lake"
"807","LAGOS_15496",2006-04-23,0.00540931764,2.319761169,0.001129568106,"mg/L",42.351612,-85.432765,"Lake"
"808","LAGOS_34352",2005-08-25,0.009244480615,0.001896541,0.00046875,"mg/L",42.397779,-85.384973,"Lake"
"809","LAGOS_34380",2000-02-15,0.006264955503,0.028955563,0.004507710558,"mg/L",42.47139,-85.52544,"Lake"
"810","LAGOS_74896",2005-08-18,0.004502686,0.1691674,0.007656922,"mg/L",42.440822,-85.350658,"Lake"
