LTER_site,local_site,year,date,time,pH,cond,ANC,acid,alkal,H+,NH4+,Ca++,Mg++,Na+,K+,Cl-,NO3-,SO4--,PO4---,Si,cat_sum,an_sum,chg_bal,TN,TDN,PN,DON,IN,TP,TDP,PP,DOP,IP,d18O,d18O_sdev,dDeut,dD_sdev,D_excess,Trit,T_sdev,TOC,DOC,POC,comments
NWT,ALBION INLET,1984,1984-05-31,DNS,NP,17.6,77.85,NP,NP,NP,NP,138.22,23.86,20.88,15.6,9.027,NP,66.208,NP,33.946,NP,NP,NP,NP,NP,NP,NP,NP,NP,NP,NP,NP,NP,NP,NP,NP,NP,NP,NP,NP,NP,NP,NP,NA
NWT,ALBION INLET,1984,1984-06-07,DNS,NP,16.3,77.85,NP,NP,NP,NP,138.22,23.03,20.45,16.11,7.335,NP,62.044,NP,22.464,NP,NP,NP,NP,NP,NP,NP,NP,NP,NP,NP,NP,NP,NP,NP,NP,NP,NP,NP,NP,NP,NP,NP,NA
NWT,ALBION INLET,1984,1984-06-14,DNS,NP,18.4,83.92,NP,NP,NP,NP,130.24,22.21,19.14,13.55,0.564,NP,53.716,NP,42.432,NP,NP,NP,NP,NP,NP,NP,NP,NP,NP,NP,NP,NP,NP,NP,NP,NP,NP,NP,NP,NP,NP,NP,NA
NWT,ALBION INLET,1984,1984-06-21,DNS,NP,15.4,69.99,NP,NP,NP,NP,125.75,19.74,23.05,17.9,11.002,NP,53.091,NP,33.946,NP,NP,NP,NP,NP,NP,NP,NP,NP,NP,NP,NP,NP,NP,NP,NP,NP,NP,NP,NP,NP,NP,NP,NA
NWT,ALBION INLET,1984,1984-06-28,DNS,NP,14.1,86.87,NP,NP,NP,NP,135.73,18.1,18.27,14.32,5.36,NP,40.183,NP,16.474,NP,NP,NP,NP,NP,NP,NP,NP,NP,NP,NP,NP,NP,NP,NP,NP,NP,NP,NP,NP,NP,NP,NP,NA
NWT,ALBION INLET,1984,1984-07-12,DNS,NP,11.8,77.85,NP,NP,NP,NP,117.27,14.81,14.36,13.04,4.231,NP,28.315,NP,23.13,NP,NP,NP,NP,NP,NP,NP,NP,NP,NP,NP,NP,NP,NP,NP,NP,NP,NP,NP,NP,NP,NP,NP,NA
NWT,ALBION INLET,1984,1984-07-26,DNS,NP,10.7,55.89,NP,NP,NP,NP,94.81,13.16,13.05,5.63,3.103,NP,41.224,NP,9.485,NP,NP,NP,NP,NP,NP,NP,NP,NP,NP,NP,NP,NP,NP,NP,NP,NP,NP,NP,NP,NP,NP,NP,NA
NWT,ALBION INLET,1984,1984-08-09,DNS,NP,10.75,67.85,NP,NP,NP,NP,92.81,13.16,13.92,5.11,3.103,NP,35.186,NP,10.65,NP,NP,NP,NP,NP,NP,NP,NP,NP,NP,NP,NP,NP,NP,NP,NP,NP,NP,NP,NP,NP,NP,NP,NA
NWT,ALBION INLET,1984,1984-08-23,DNS,NP,11.79,76.05,NP,NP,NP,NP,64.37,13.98,15.66,5.63,2.821,NP,26.65,NP,16.307,NP,NP,NP,NP,NP,NP,NP,NP,NP,NP,NP,NP,NP,NP,NP,NP,NP,NP,NP,NP,NP,NP,NP,NA
NWT,ALBION INLET,1984,1984-09-14,DNS,NP,12.57,85.88,NP,NP,NP,NP,66.87,15.63,16.96,6.14,2.821,NP,39.974,NP,38.106,NP,NP,NP,NP,NP,NP,NP,NP,NP,NP,NP,NP,NP,NP,NP,NP,NP,NP,NP,NP,NP,NP,NP,NA
NWT,ALBION INLET,1984,1984-10-05,DNS,NP,13.07,97.85,NP,NP,NP,NP,73.85,20.57,16.53,5.37,1.693,NP,42.681,NP,23.462,NP,NP,NP,NP,NP,NP,NP,NP,NP,NP,NP,NP,NP,NP,NP,NP,NP,NP,NP,NP,NP,NP,NP,NA
NWT,ALBION INLET,1984,1984-10-31,DNS,NP,14.72,103.91,NP,NP,NP,NP,80.34,22.21,16.96,5.63,2.539,NP,53.299,NP,23.462,NP,NP,NP,NP,NP,NP,NP,NP,NP,NP,NP,NP,NP,NP,NP,NP,NP,NP,NP,NP,NP,NP,NP,NA
NWT,ALBION INLET,1985,1985-05-09,DNS,6.38,20.3,103.91,NP,NP,0.42,NP,110.78,26.32,23.49,9.72,7.335,20.3891,97.021,NP,4.992,NP,NP,NP,NP,NP,NP,NP,NP,NP,NP,NP,NP,NP,NP,NP,NP,NP,NP,NP,NP,NP,NP,NP,NA
NWT,ALBION INLET,1985,1985-05-30,DNS,6.6,16.6,95.06,NP,NP,0.25,NP,95.31,22.21,21.32,8.95,7.053,18.2584,77.45,NP,28.122,NP,NP,NP,NP,NP,NP,NP,NP,NP,NP,NP,NP,NP,NP,NP,NP,NP,NP,NP,NP,NP,NP,NP,NA
NWT,ALBION INLET,1985,1985-06-06,DNS,6.41,15.37,98.34,NP,NP,0.39,NP,81.84,19.74,20.01,8.95,5.36,14.1446,70.58,NP,18.304,NP,NP,NP,NP,NP,NP,NP,NP,NP,NP,NP,NP,NP,NP,NP,NP,NP,NP,NP,NP,NP,NP,NP,NA
NWT,ALBION INLET,1985,1985-06-13,DNS,6.45,15,84.9,NP,NP,0.35,NP,75.85,18.1,15.66,7.42,4.231,10.8011,64.126,NP,6.989,NP,NP,NP,NP,NP,NP,NP,NP,NP,NP,NP,NP,NP,NP,NP,NP,NP,NP,NP,NP,NP,NP,NP,NA
NWT,ALBION INLET,1985,1985-06-20,DNS,6.36,14,82.93,NP,NP,0.44,NP,74.85,17.27,14.79,6.9,4.514,10.3586,63.709,NP,4.992,NP,NP,NP,NP,NP,NP,NP,NP,NP,NP,NP,NP,NP,NP,NP,NP,NP,NP,NP,NP,NP,NP,NP,NA
NWT,ALBION INLET,1985,1985-06-27,DNS,6.09,13.5,70.97,NP,NP,0.81,NP,71.36,16.45,13.92,6.65,4.231,9.44069,61.835,NP,6.323,NP,NP,NP,NP,NP,NP,NP,NP,NP,NP,NP,NP,NP,NP,NP,NP,NP,NP,NP,NP,NP,NP,NP,NA
NWT,ALBION INLET,1985,1985-07-02,DNS,6.09,12.6,73.92,NP,NP,0.81,NP,97.3,15.63,13.92,6.14,3.667,7.94902,56.006,NP,8.154,NP,NP,NP,NP,NP,NP,NP,NP,NP,NP,NP,NP,NP,NP,NP,NP,NP,NP,NP,NP,NP,NP,NP,NA
NWT,ALBION INLET,1985,1985-07-04,DNS,5.96,13.1,70.97,NP,NP,1.1,NP,71.86,16.45,14.36,6.39,3.667,9.1784,56.839,NP,16.806,NP,NP,NP,NP,NP,NP,NP,NP,NP,NP,NP,NP,NP,NP,NP,NP,NP,NP,NP,NP,NP,NP,NP,NA
NWT,ALBION INLET,1985,1985-07-08,DNS,6.4,13.2,98.34,NP,NP,0.4,NP,69.86,16.45,14.79,5.88,4.231,8.06399,59.129,NP,10.317,NP,NP,NP,NP,NP,NP,NP,NP,NP,NP,NP,NP,NP,NP,NP,NP,NP,NP,NP,NP,NP,NP,NP,NA
NWT,ALBION INLET,1985,1985-07-11,DNS,6.23,14.3,85.23,NP,NP,0.59,NP,75.85,18.1,16.09,6.14,3.667,8.88349,65.583,NP,13.645,NP,NP,NP,NP,NP,NP,NP,NP,NP,NP,NP,NP,NP,NP,NP,NP,NP,NP,NP,NP,NP,NP,NP,NA
NWT,ALBION INLET,1985,1985-07-16,DNS,6.06,12.2,75.89,NP,NP,0.87,NP,65.37,14.81,12.18,5.37,3.103,6.91669,52.466,NP,4.16,NP,NP,NP,NP,NP,NP,NP,NP,NP,NP,NP,NP,NP,NP,NP,NP,NP,NP,NP,NP,NP,NP,NP,NA
NWT,ALBION INLET,1985,1985-07-18,DNS,6.25,12.7,84.9,NP,NP,0.56,NP,66.87,13.98,12.61,6.39,3.385,7.85089,58.504,NP,8.486,NP,NP,NP,NP,NP,NP,NP,NP,NP,NP,NP,NP,NP,NP,NP,NP,NP,NP,NP,NP,NP,NP,NP,NA
NWT,ALBION INLET,1985,1985-07-22,DNS,6.32,12.2,70.97,NP,NP,0.48,NP,68.36,14.81,13.92,6.65,4.796,7.71961,58.296,NP,3.827,NP,NP,NP,NP,NP,NP,NP,NP,NP,NP,NP,NP,NP,NP,NP,NP,NP,NP,NP,NP,NP,NP,NP,NA
NWT,ALBION INLET,1985,1985-07-25,DNS,6.25,12,77.52,NP,NP,0.56,NP,58.88,13.98,13.48,5.11,5.924,7.60491,55.381,NP,0,NP,NP,NP,NP,NP,NP,NP,NP,NP,NP,NP,NP,NP,NP,NP,NP,NP,NP,NP,NP,NP,NP,NP,NA
NWT,ALBION INLET,1985,1985-07-29,DNS,6.32,11.9,63.92,NP,NP,0.48,NP,65.87,13.98,13.92,5.37,5.36,8.50649,54.757,NP,31.782,NP,NP,NP,NP,NP,NP,NP,NP,NP,NP,NP,NP,NP,NP,NP,NP,NP,NP,NP,NP,NP,NP,NP,NA
NWT,ALBION INLET,1985,1985-08-01,DNS,6.38,12.2,77.85,NP,NP,0.42,NP,63.37,14.81,13.92,5.37,5.642,8.2442,50.801,NP,18.97,NP,NP,NP,NP,NP,NP,NP,NP,NP,NP,NP,NP,NP,NP,NP,NP,NP,NP,NP,NP,NP,NP,NP,NA
NWT,ALBION INLET,1985,1985-08-08,DNS,6.31,14.4,75.89,NP,NP,0.49,NP,77.84,18.1,16.96,6.9,3.667,6.2282,60.17,NP,18.803,NP,NP,NP,NP,NP,NP,NP,NP,NP,NP,NP,NP,NP,NP,NP,NP,NP,NP,NP,NP,NP,NP,NP,NA
NWT,ALBION INLET,1985,1985-08-15,DNS,6.98,28.9,133.91,NP,NP,0.1,NP,129.24,44.42,36.54,7.67,4.231,6.96562,90.359,NP,23.13,NP,NP,NP,NP,NP,NP,NP,NP,NP,NP,NP,NP,NP,NP,NP,NP,NP,NP,NP,NP,NP,NP,NP,NA
NWT,ALBION INLET,1985,1985-08-22,DNS,6.35,31.8,159.8,NP,NP,0.45,NP,125.75,45.24,55.24,10.74,4.796,17.4063,138.453,NP,27.29,NP,NP,NP,NP,NP,NP,NP,NP,NP,NP,NP,NP,NP,NP,NP,NP,NP,NP,NP,NP,NP,NP,NP,NA
NWT,ALBION INLET,1985,1985-08-29,DNS,6.57,28.9,141.77,NP,NP,0.27,NP,106.29,37.84,55.24,7.16,1.693,20.553,113.885,NP,39.437,NP,NP,NP,NP,NP,NP,NP,NP,NP,NP,NP,NP,NP,NP,NP,NP,NP,NP,NP,NP,NP,NP,NP,NA
NWT,ALBION INLET,1985,1985-09-05,DNS,6.28,29.2,134.89,NP,NP,0.52,NP,113.27,41.95,54.81,9.21,7.053,30.6493,117.008,NP,51.418,NP,NP,NP,NP,NP,NP,NP,NP,NP,NP,NP,NP,NP,NP,NP,NP,NP,NP,NP,NP,NP,NP,NP,NA
NWT,ALBION INLET,1985,1985-09-12,DNS,NP,36,89.98,NP,NP,NP,NP,145.71,48.53,42.2,11,5.078,85.4411,135.122,NP,30.618,NP,NP,NP,NP,NP,NP,NP,NP,NP,NP,NP,NP,NP,NP,NP,NP,NP,NP,NP,NP,NP,NP,NP,NA
NWT,ALBION INLET,1985,1985-09-19,DNS,6.54,17.8,75.89,NP,NP,0.29,NP,91.82,22.21,20.88,5.63,0.846,17.2424,95.147,NP,10.15,NP,NP,NP,NP,NP,NP,NP,NP,NP,NP,NP,NP,NP,NP,NP,NP,NP,NP,NP,NP,NP,NP,NP,NA
NWT,ALBION INLET,1985,1985-09-26,DNS,6.25,14.8,71.79,NP,NP,0.56,NP,83.83,18.92,18.27,5.63,2.257,6.26109,70.788,NP,4.992,NP,NP,NP,NP,NP,NP,NP,NP,NP,NP,NP,NP,NP,NP,NP,NP,NP,NP,NP,NP,NP,NP,NP,NA
NWT,ALBION INLET,1985,1985-10-03,DNS,6.22,17.3,79,NP,NP,0.6,NP,91.82,22.21,21.32,9.21,4.231,12.2433,80.782,NP,5.99,NP,NP,NP,NP,NP,NP,NP,NP,NP,NP,NP,NP,NP,NP,NP,NP,NP,NP,NP,NP,NP,NP,NP,NA
NWT,ALBION INLET,1985,1985-10-17,DNS,6.31,21.5,90.96,NP,NP,0.49,NP,100.3,25.5,24.36,7.16,3.949,11.4401,168.226,NP,9.984,NP,NP,NP,NP,NP,NP,NP,NP,NP,NP,NP,NP,NP,NP,NP,NP,NP,NP,NP,NP,NP,NP,NP,NA
NWT,ALBION INLET,1985,1985-10-31,DNS,6.47,28.4,114.89,NP,NP,0.34,NP,125.75,37.02,35.67,8.44,4.514,16.144,155.525,NP,22.131,NP,NP,NP,NP,NP,NP,NP,NP,NP,NP,NP,NP,NP,NP,NP,NP,NP,NP,NP,NP,NP,NP,NP,NA
NWT,ALBION INLET,1986,1986-01-14,DNS,6.43,39.6,139.81,NP,NP,0.37,NP,181.64,53.47,54.38,10.48,5.924,22.1757,194.042,NP,35.942,NP,NP,NP,NP,NP,NP,NP,NP,NP,NP,NP,NP,NP,NP,NP,NP,NP,NP,NP,NP,NP,NP,NP,NA
NWT,ALBION INLET,1986,1986-06-05,DNS,6.47,20,113.91,NP,NP,0.34,NP,124.75,25.5,26.97,10.74,5.924,30.3378,79.949,NP,25.293,NP,NP,NP,NP,NP,NP,NP,NP,NP,NP,NP,NP,NP,NP,NP,NP,NP,NP,NP,NP,NP,NP,NP,NA
NWT,ALBION INLET,1986,1986-06-12,DNS,6.28,17.6,71.95,NP,NP,0.52,NP,115.27,24.68,26.97,10.23,6.206,25.5684,91.816,NP,20.634,NP,NP,NP,NP,NP,NP,NP,NP,NP,NP,NP,NP,NP,NP,NP,NP,NP,NP,NP,NP,NP,NP,NP,NA
NWT,ALBION INLET,1986,1986-06-19,DNS,6.2,14.5,66.87,NP,NP,0.63,NP,89.82,18.92,19.14,9.21,4.514,26.732,57.463,NP,16.141,NP,NP,NP,NP,NP,NP,NP,NP,NP,NP,NP,NP,NP,NP,NP,NP,NP,NP,NP,NP,NP,NP,NP,NA
NWT,ALBION INLET,1986,1986-06-26,DNS,6.05,12.9,68.02,NP,NP,0.89,NP,86.33,17.27,17.4,7.67,2.539,23.0115,47.261,NP,18.97,NP,NP,NP,NP,NP,NP,NP,NP,NP,NP,NP,NP,NP,NP,NP,NP,NP,NP,NP,NP,NP,NP,NP,NA
NWT,ALBION INLET,1986,1986-07-03,DNS,6.08,12.7,67.85,NP,NP,0.83,NP,86.33,14.81,15.66,8.69,3.103,18.6025,41.64,NP,12.314,NP,NP,NP,NP,NP,NP,NP,NP,NP,NP,NP,NP,NP,NP,NP,NP,NP,NP,NP,NP,NP,NP,NP,NA
NWT,ALBION INLET,1986,1986-07-10,DNS,6.38,11,81.95,NP,NP,0.42,NP,55.39,14.81,18.27,11.76,3.103,13.4235,37.06,NP,15.475,NP,NP,NP,NP,NP,NP,NP,NP,NP,NP,NP,NP,NP,NP,NP,NP,NP,NP,NP,NP,NP,NP,NP,NA
NWT,ALBION INLET,1986,1986-07-17,DNS,6.4,10.5,75.89,NP,NP,0.4,NP,136.73,13.16,14.79,26.59,1.411,10.3094,35.81,NP,21.299,NP,NP,NP,NP,NP,NP,NP,NP,NP,NP,NP,NP,NP,NP,NP,NP,NP,NP,NP,NP,NP,NP,NP,NA
NWT,ALBION INLET,1986,1986-07-24,DNS,6.22,10.2,49.99,NP,NP,0.6,NP,91.32,13.16,14.36,14.32,2.821,8.32601,34.769,NP,12.979,NP,NP,NP,NP,NP,NP,NP,NP,NP,NP,NP,NP,NP,NP,NP,NP,NP,NP,NP,NP,NP,NP,NP,NA
NWT,ALBION INLET,1986,1986-07-31,DNS,6.26,10.2,69.99,NP,NP,0.55,NP,73.85,14.81,38.72,25.57,2.257,5.6873,35.186,NP,10.15,NP,NP,NP,NP,NP,NP,NP,NP,NP,NP,NP,NP,NP,NP,NP,NP,NP,NP,NP,NP,NP,NP,NP,NA
NWT,ALBION INLET,1986,1986-08-07,DNS,6.19,10.5,86.87,NP,NP,0.65,NP,70.36,14.81,13.48,4.86,1.693,4.98251,37.892,NP,18.304,NP,NP,NP,NP,NP,NP,NP,NP,NP,NP,NP,NP,NP,NP,NP,NP,NP,NP,NP,NP,NP,NP,NP,NA
NWT,ALBION INLET,1986,1986-08-14,DNS,5.73,11.5,68.02,NP,NP,1.86,NP,81.34,15.63,16.53,7.16,1.975,6.0643,42.056,NP,13.811,NP,NP,NP,NP,NP,NP,NP,NP,NP,NP,NP,NP,NP,NP,NP,NP,NP,NP,NP,NP,NP,NP,NP,NA
NWT,ALBION INLET,1986,1986-08-21,DNS,6.87,12.5,83.92,NP,NP,0.13,NP,82.33,17.27,14.36,7.42,2.821,9.03081,46.429,NP,13.312,NP,NP,NP,NP,NP,NP,NP,NP,NP,NP,NP,NP,NP,NP,NP,NP,NP,NP,NP,NP,NP,NP,NP,NA
NWT,ALBION INLET,1986,1986-08-28,DNS,6.84,10.9,81.95,NP,NP,0.14,NP,78.34,14.81,11.31,6.39,1.975,2.49139,40.183,NP,6.157,NP,NP,NP,NP,NP,NP,NP,NP,NP,NP,NP,NP,NP,NP,NP,NP,NP,NP,NP,NP,NP,NP,NP,NA
NWT,ALBION INLET,1986,1986-09-04,DNS,6.84,11,73.92,NP,NP,0.14,NP,121.26,15.63,14.36,5.37,2.257,2.75341,40.807,NP,4.16,NP,NP,NP,NP,NP,NP,NP,NP,NP,NP,NP,NP,NP,NP,NP,NP,NP,NP,NP,NP,NP,NP,NP,NA
NWT,ALBION INLET,1986,1986-09-11,DNS,6.66,11.3,77.85,NP,NP,0.22,NP,100.3,16.45,15.22,7.93,2.257,1.7537,43.306,NP,1.83,NP,NP,NP,NP,NP,NP,NP,NP,NP,NP,NP,NP,NP,NP,NP,NP,NP,NP,NP,NP,NP,NP,NP,NA
NWT,ALBION INLET,1986,1986-09-18,DNS,6.71,11.7,81.95,NP,NP,0.19,NP,131.24,18.1,25.23,7.67,1.693,1.55718,44.555,NP,0,NP,NP,NP,NP,NP,NP,NP,NP,NP,NP,NP,NP,NP,NP,NP,NP,NP,NP,NP,NP,NP,NP,NP,NA
NWT,ALBION INLET,1986,1986-09-25,DNS,6.9,12.9,75.89,NP,NP,0.13,NP,124.75,18.92,18.7,5.63,1.693,2.19621,51.842,NP,7.322,NP,NP,NP,NP,NP,NP,NP,NP,NP,NP,NP,NP,NP,NP,NP,NP,NP,NP,NP,NP,NP,NP,NP,NA
NWT,ALBION INLET,1986,1986-10-02,DNS,6.72,18.7,77.85,NP,NP,0.19,NP,87.33,26.32,27.41,5.88,2.539,12.1449,69.122,NP,11.981,NP,NP,NP,NP,NP,NP,NP,NP,NP,NP,NP,NP,NP,NP,NP,NP,NP,NP,NP,NP,NP,NP,NP,NA
NWT,ALBION INLET,1986,1986-10-16,DNS,6.66,14.2,87.85,NP,NP,0.22,NP,129.74,21.39,21.32,6.14,2.539,7.9164,63.917,NP,7.821,NP,NP,NP,NP,NP,NP,NP,NP,NP,NP,NP,NP,NP,NP,NP,NP,NP,NP,NP,NP,NP,NP,NP,NA
NWT,ALBION INLET,1986,1986-10-30,DNS,6.78,13.8,93.91,NP,NP,0.17,NP,98.3,22.21,20.88,7.42,1.411,5.60549,61.627,NP,6.822,NP,NP,NP,NP,NP,NP,NP,NP,NP,NP,NP,NP,NP,NP,NP,NP,NP,NP,NP,NP,NP,NP,NP,NA
NWT,ALBION INLET,1987,1987-01-08,DNS,6.56,14.9,100.96,NP,NP,0.28,NP,128.24,23.03,22.18,6.14,2.821,6.3921,69.539,NP,14.81,NP,NP,NP,NP,NP,NP,NP,NP,NP,NP,NP,NP,NP,NP,NP,NP,NP,NP,NP,NP,NP,NP,NP,NA
NWT,ALBION INLET,1987,1987-05-07,DNS,6.62,19,97.85,NP,NP,0.24,NP,112.77,27.15,23.49,8.69,5.36,13.5708,68.081,NP,36.774,NP,NP,NP,NP,NP,NP,NP,NP,NP,NP,NP,NP,NP,NP,NP,NP,NP,NP,NP,NP,NP,NP,NP,NA
NWT,ALBION INLET,1987,1987-05-14,DNS,6.69,17.4,33.93,NP,NP,0.2,NP,107.28,23.86,23.49,8.44,4.231,16.9801,64.958,NP,0,NP,NP,NP,NP,NP,NP,NP,NP,NP,NP,NP,NP,NP,NP,NP,NP,NP,NP,NP,NP,NP,NP,NP,NA
NWT,ALBION INLET,1987,1987-05-21,DNS,6.57,15.6,79.98,NP,NP,0.27,NP,90.32,18.92,17.83,7.16,2.821,7.44101,55.173,NP,0,NP,NP,NP,NP,NP,NP,NP,NP,NP,NP,NP,NP,NP,NP,NP,NP,NP,NP,NP,NP,NP,NP,NP,NA
NWT,ALBION INLET,1987,1987-05-28,DNS,6.65,12.5,81.95,NP,NP,0.22,NP,91.32,19.74,18.7,8.18,2.821,7.83431,56.63,NP,24.96,NP,NP,NP,NP,NP,NP,NP,NP,NP,NP,NP,NP,NP,NP,NP,NP,NP,NP,NP,NP,NP,NP,NP,NA
NWT,ALBION INLET,1987,1987-06-04,DNS,6.63,14.5,75.89,NP,NP,0.23,NP,98.3,18.92,20.88,8.44,2.821,6.68701,56.63,NP,16.64,NP,NP,NP,NP,NP,NP,NP,NP,NP,NP,NP,NP,NP,NP,NP,NP,NP,NP,NP,NP,NP,NP,NP,NA
NWT,ALBION INLET,1987,1987-06-11,DNS,6.64,13.9,73.92,NP,NP,0.23,NP,95.31,21.39,18.27,7.93,3.385,5.76939,47.886,NP,4.493,NP,NP,NP,NP,NP,NP,NP,NP,NP,NP,NP,NP,NP,NP,NP,NP,NP,NP,NP,NP,NP,NP,NP,NA
NWT,ALBION INLET,1987,1987-06-18,DNS,6.77,13.6,78.67,NP,NP,0.17,NP,83.33,19.74,12.61,5.37,2.821,6.1135,51.217,NP,34.944,NP,NP,NP,NP,NP,NP,NP,NP,NP,NP,NP,NP,NP,NP,NP,NP,NP,NP,NP,NP,NP,NP,NP,NA
NWT,ALBION INLET,1987,1987-06-25,DNS,6.49,13.1,101.62,NP,NP,0.32,NP,83.83,17.27,15.66,5.37,2.539,5.1301,47.678,NP,101.504,NP,NP,NP,NP,NP,NP,NP,NP,NP,NP,NP,NP,NP,NP,NP,NP,NP,NP,NP,NP,NP,NP,NP,NA
NWT,ALBION INLET,1987,1987-07-09,DNS,6.24,13.2,96.7,NP,NP,0.58,NP,88.82,18.92,17.4,8.18,2.821,5.2448,48.511,NP,54.912,NP,NP,NP,NP,NP,NP,NP,NP,NP,NP,NP,NP,NP,NP,NP,NP,NP,NP,NP,NP,NP,NP,NP,NA
NWT,ALBION INLET,1987,1987-07-23,DNS,6.45,13.8,101.62,NP,NP,0.35,NP,100.8,19.74,15.22,5.88,3.385,4.22851,46.637,NP,30.784,NP,NP,NP,NP,NP,NP,NP,NP,NP,NP,NP,NP,NP,NP,NP,NP,NP,NP,NP,NP,NP,NP,NP,NA
NWT,ALBION INLET,1987,1987-08-06,DNS,6.44,10.5,93.42,NP,NP,0.36,NP,91.32,17.27,16.96,6.65,2.257,3.8189,45.388,NP,4.992,NP,NP,NP,NP,NP,NP,NP,NP,NP,NP,NP,NP,NP,NP,NP,NP,NP,NP,NP,NP,NP,NP,NP,NA
NWT,ALBION INLET,1987,1987-08-20,DNS,6.64,11.4,90.15,NP,NP,0.23,NP,87.33,17.27,16.96,7.93,3.103,4.4745,48.927,NP,19.302,NP,NP,NP,NP,NP,NP,NP,NP,NP,NP,NP,NP,NP,NP,NP,NP,NP,NP,NP,NP,NP,NP,NP,NA
NWT,ALBION INLET,1988,1988-06-16,DNS,6.03,14.6,49.99,NP,NP,0.93,NP,101.3,17.27,18.7,6.39,3.103,13.9807,66.624,NP,NP,NP,NP,NP,NP,NP,NP,NP,NP,NP,NP,NP,NP,NP,NP,NP,NP,NP,NP,NP,NP,NP,NP,NP,NA
NWT,ALBION INLET,1988,1988-06-30,DNS,5.95,13.8,64.25,NP,NP,1.12,NP,90.82,14.81,19.57,11.25,5.642,15.4229,55.589,NP,NP,NP,NP,NP,NP,NP,NP,NP,NP,NP,NP,NP,NP,NP,NP,NP,NP,NP,NP,NP,NP,NP,NP,NP,NA
NWT,ALBION INLET,1988,1988-07-14,DNS,6.31,12,86.05,NP,NP,0.49,NP,89.32,13.16,19.14,7.67,2.821,11.9484,51.217,NP,NP,NP,NP,NP,NP,NP,NP,NP,NP,NP,NP,NP,NP,NP,NP,NP,NP,NP,NP,NP,NP,NP,NP,NP,NA
NWT,ALBION INLET,1988,1988-07-28,DNS,6.36,11.83,89.33,NP,NP,0.44,NP,62.87,15.63,20.01,8.18,3.949,9.14551,49.552,NP,NP,NP,NP,NP,NP,NP,NP,NP,NP,NP,NP,NP,NP,NP,NP,NP,NP,NP,NP,NP,NP,NP,NP,NP,NA
NWT,ALBION INLET,1988,1988-08-11,DNS,6.33,11,90.47,NP,NP,0.47,NP,93.31,17.27,16.53,7.93,3.667,9.57171,53.924,NP,NP,NP,NP,NP,NP,NP,NP,NP,NP,NP,NP,NP,NP,NP,NP,NP,NP,NP,NP,NP,NP,NP,NP,NP,NA
NWT,ALBION INLET,1988,1988-09-08,DNS,6.6,11.5,91.78,NP,NP,0.25,NP,97.8,18.92,21.75,10.48,3.385,5.9004,57.463,NP,NP,NP,NP,NP,NP,NP,NP,NP,NP,NP,NP,NP,NP,NP,NP,NP,NP,NP,NP,NP,NP,NP,NP,NP,NA
NWT,ALBION INLET,1988,1988-10-06,DNS,6.7,15,98.34,NP,NP,0.2,NP,77.34,22.21,20.01,5.63,3.103,0,58.296,NP,NP,NP,NP,NP,NP,NP,NP,NP,NP,NP,NP,NP,NP,NP,NP,NP,NP,NP,NP,NP,NP,NP,NP,NP,NA
NWT,ALBION INLET,1988,1988-11-01,DNS,6.2,15.93,NP,NP,NP,0.63,NP,79.84,22.21,20.01,7.67,0,0,76.409,NP,2.662,NP,NP,NP,NP,NP,NP,NP,NP,NP,NP,NP,NP,NP,NP,NP,NP,NP,NP,NP,NP,NP,NP,NP,NA
NWT,ALBION INLET,1989,1989-05-25,DNS,6.35,20.9,72.12,NP,NP,0.45,NP,51.4,32.08,24.36,6.9,7.053,21.307,64.542,NP,19.668,NP,NP,NP,NP,NP,NP,NP,NP,NP,NP,NP,NP,NP,NP,NP,NP,NP,NP,NP,NP,NP,NP,NP,NA
NWT,ALBION INLET,1989,1989-06-08,DNS,6.29,16.5,68.84,NP,NP,0.51,NP,48.9,26.32,24.36,6.9,4.796,15.7344,68.706,NP,12.646,NP,NP,NP,NP,NP,NP,NP,NP,NP,NP,NP,NP,NP,NP,NP,NP,NP,NP,NP,NP,NP,NP,NP,NA
NWT,ALBION INLET,1989,1989-06-22,DNS,6.08,15.3,67.69,NP,NP,0.83,NP,58.38,9.87,20.45,5.63,4.231,11.3091,60.378,NP,9.834,NP,NP,NP,NP,NP,NP,NP,NP,NP,NP,NP,NP,NP,NP,NP,NP,NP,NP,NP,NP,NP,NP,NP,NA
NWT,ALBION INLET,1989,1989-07-06,DNS,6.13,15.1,64.58,NP,NP,0.74,NP,66.37,18.1,18.27,4.35,3.667,9.9979,57.463,NP,9.169,NP,NP,NP,NP,NP,NP,NP,NP,NP,NP,NP,NP,NP,NP,NP,NP,NP,NP,NP,NP,NP,NP,NP,NA
NWT,ALBION INLET,1989,1989-07-20,DNS,5.92,14.7,73.43,NP,NP,1.2,NP,377.74,27.15,19.57,2.81,3.385,8.195,55.589,NP,8.603,NP,NP,NP,NP,NP,NP,NP,NP,NP,NP,NP,NP,NP,NP,NP,NP,NP,NP,NP,NP,NP,NP,NP,NA
NWT,ALBION INLET,1989,1989-08-03,DNS,6.19,14.2,65.56,NP,NP,0.65,NP,65.87,19.74,23.05,4.6,3.103,6.8838,53.091,NP,6.589,NP,NP,NP,NP,NP,NP,NP,NP,NP,NP,NP,NP,NP,NP,NP,NP,NP,NP,NP,NP,NP,NP,NP,NA
NWT,ALBION INLET,1989,1989-08-17,DNS,6.02,14.7,67.2,NP,NP,0.95,NP,73.85,18.92,16.96,3.32,3.103,6.8838,56.006,NP,5.192,NP,NP,NP,NP,NP,NP,NP,NP,NP,NP,NP,NP,NP,NP,NP,NP,NP,NP,NP,NP,NP,NP,NP,NA
NWT,ALBION INLET,1989,1989-08-31,DNS,6.51,15.2,70.8,NP,NP,0.31,NP,78.84,18.1,17.4,4.6,4.796,4.7531,58.296,NP,3.112,NP,NP,NP,NP,NP,NP,NP,NP,NP,NP,NP,NP,NP,NP,NP,NP,NP,NP,NP,NP,NP,NP,NP,NA
NWT,ALBION INLET,1989,1989-09-14,DNS,6.06,15.3,68.51,NP,NP,0.87,NP,72.35,19.74,18.7,5.11,3.949,3.278,61.419,NP,2.962,NP,NP,NP,NP,NP,NP,NP,NP,NP,NP,NP,NP,NP,NP,NP,NP,NP,NP,NP,NP,NP,NP,NP,NA
NWT,ALBION INLET,1989,1989-09-28,DNS,6.24,15.6,71.95,NP,NP,0.58,NP,86.83,36.19,17.4,5.88,3.385,4.0975,62.876,NP,0.083,NP,NP,NP,NP,NP,NP,NP,NP,NP,NP,NP,NP,NP,NP,NP,NP,NP,NP,NP,NP,NP,NP,NP,NA
NWT,ALBION INLET,1989,1989-10-26,DNS,6.09,16.3,67.36,NP,NP,0.81,NP,75.35,24.68,13.92,5.88,3.949,6.556,70.163,NP,0.083,NP,NP,NP,NP,NP,NP,NP,NP,NP,NP,NP,NP,NP,NP,NP,NP,NP,NP,NP,NP,NP,NP,NP,NA
NWT,ALBION INLET,1990,1990-06-07,DNS,6,17.2,89.33,NP,NP,1,NP,59.53,25.34,28.06,10.94,6.742,31.0589,72.287,NP,NP,NP,NP,NP,NP,NP,NP,NP,NP,NP,NP,NP,NP,NP,NP,NP,NP,NP,NP,NP,NP,NP,NP,NP,NA
NWT,ALBION INLET,1990,1990-06-21,DNS,6.61,15.4,84.57,NP,NP,0.25,NP,60.48,21.31,21.14,10.69,4.824,17.521,59.837,NP,NP,NP,NP,NP,NP,NP,NP,NP,NP,NP,NP,NP,NP,NP,NP,NP,NP,NP,NP,NP,NP,NP,NP,NP,NA
NWT,ALBION INLET,1990,1990-07-05,DNS,6.69,13.5,79.33,NP,NP,0.2,NP,54.19,14.4,15.27,6.03,1.411,14.9312,48.823,NP,NP,NP,NP,NP,NP,NP,NP,NP,NP,NP,NP,NP,NP,NP,NP,NP,NP,NP,NP,NP,NP,NP,NP,NP,NA
NWT,ALBION INLET,1990,1990-07-19,DNS,6.72,13.3,78.84,NP,NP,0.19,NP,49.8,12.01,0,5.06,0,11.473,48.094,NP,NP,NP,NP,NP,NP,NP,NP,NP,NP,NP,NP,NP,NP,NP,NP,NP,NP,NP,NP,NP,NP,NP,NP,NP,NA
NWT,ALBION INLET,1990,1990-08-02,DNS,5.48,13.6,79.66,NP,NP,3.31,NP,53.44,13.82,16.69,4.83,0,11.1452,48.365,NP,NP,NP,NP,NP,NP,NP,NP,NP,NP,NP,NP,NP,NP,NP,NP,NP,NP,NP,NP,NP,NP,NP,NP,NP,NA
NWT,ALBION INLET,1990,1990-08-16,DNS,5.61,14.3,81.62,NP,NP,2.45,NP,62.52,14.89,14.36,5.45,0,11.3746,53.466,NP,NP,NP,NP,NP,NP,NP,NP,NP,NP,NP,NP,NP,NP,NP,NP,NP,NP,NP,NP,NP,NP,NP,NP,NP,NA
NWT,ALBION INLET,1990,1990-08-30,DNS,5.62,16.2,86.7,NP,NP,2.4,NP,63.77,17.52,17.57,5.68,0,12.5056,59.42,NP,NP,NP,NP,NP,NP,NP,NP,NP,NP,NP,NP,NP,NP,NP,NP,NP,NP,NP,NP,NP,NP,NP,NP,NP,NA
NWT,ALBION INLET,1990,1990-09-13,DNS,5.47,16,86.05,NP,NP,3.39,NP,74,19.74,23.05,5.04,1.411,10.2765,65.167,NP,NP,NP,NP,NP,NP,NP,NP,NP,NP,NP,NP,NP,NP,NP,NP,NP,NP,NP,NP,NP,NP,NP,NP,NP,NA
NWT,ALBION INLET,1990,1990-10-04,DNS,5.88,16.9,88.51,NP,NP,1.32,NP,86.73,18.34,20.01,5.42,1.411,6.6052,68.539,NP,NP,NP,NP,NP,NP,NP,NP,NP,NP,NP,NP,NP,NP,NP,NP,NP,NP,NP,NP,NP,NP,NP,NP,NP,NA
NWT,ALBION INLET,1991,1991-05-24,DNS,4.76,30.4,NP,NP,NP,17.38,NP,97.8,32.82,24.88,10.43,5.45,30.11,93.29,NP,37.01,183.31,NP,NP,NP,NP,NP,NP,NP,NP,NP,NP,NP,NP,NP,NP,NP,NP,NP,NP,NP,NP,NP,NP,NA
NWT,ALBION INLET,1991,1991-05-31,DNS,6.1,27.9,76.71,NP,NP,0.79,NP,81.54,26.41,24.62,10.59,6.74,29.29,86.31,NP,35.31,143.95,199.05,-0.16,NP,NP,NP,NP,NP,NP,NP,NP,NP,NP,NP,NP,NP,NP,NP,NP,NP,NP,NP,NP,NA
NWT,ALBION INLET,1991,1991-06-06,DNS,5.9,20.4,81.62,NP,NP,1.26,NP,77.94,30.35,23.01,9.69,1.41,23.85,69.63,NP,42.73,142.25,176.51,-0.11,NP,NP,NP,NP,NP,NP,NP,NP,NP,NP,NP,NP,NP,NP,NP,NP,NP,NP,NP,NP,NA
NWT,ALBION INLET,1991,1991-06-13,DNS,5.94,19.6,82.93,NP,NP,1.15,NP,74.85,27.15,27.41,10.02,3.61,12.05,NP,NP,39.19,140.58,NP,NP,NP,NP,NP,NP,NP,NP,NP,NP,NP,NP,NP,NP,NP,NP,NP,NP,NP,NP,NP,NP,NA
NWT,ALBION INLET,1991,1991-06-27,DNS,6.1,15.2,85.06,NP,NP,0.79,NP,73.4,19.74,14.66,10.07,1.41,11.72,25.32,NP,15.43,118.66,123.51,-0.02,NP,NP,NP,NP,NP,NP,NP,NP,NP,NP,NP,NP,NP,NP,NP,NP,NP,NP,NP,NP,NA
NWT,ALBION INLET,1991,1991-07-11,DNS,6.84,14,81.46,NP,NP,0.14,NP,66.37,17.6,16.01,16.52,0.71,11.15,38.4,NP,10.33,116.64,131.71,-0.06,NP,NP,NP,NP,NP,NP,NP,NP,NP,NP,NP,NP,NP,NP,NP,NP,NP,NP,NP,NP,NA
NWT,ALBION INLET,1991,1991-07-23,DNS,4.57,13.4,85.23,NP,NP,26.92,NP,63.32,16.78,15.49,6.34,0.28,10.42,48.31,NP,8.25,128.85,144.25,-0.06,NP,NP,NP,NP,NP,NP,NP,NP,NP,NP,NP,NP,NP,NP,NP,NP,NP,NP,NP,NP,NA
NWT,ALBION INLET,1991,1991-08-08,DNS,6.47,13.4,89.33,NP,NP,0.34,NP,60.48,16.7,16.23,5.83,0.28,10.44,49.36,NP,12.11,99.58,149.41,-0.2,NP,NP,NP,NP,NP,NP,NP,NP,NP,NP,NP,NP,NP,NP,NP,NP,NP,NP,NP,NP,NA
NWT,ALBION INLET,1991,1991-08-22,DNS,6.95,13.6,94.9,NP,NP,0.11,NP,74.75,16.86,NP,14.78,0.79,12.24,42.27,NP,14.44,NP,150.2,NP,NP,NP,NP,NP,NP,NP,NP,NP,NP,NP,NP,NP,NP,NP,NP,NP,NP,NP,NP,NP,NA
NWT,ALBION INLET,1991,1991-09-05,DNS,6.96,14.9,NP,NP,NP,0.11,NP,79.74,18.26,NP,13.83,0.79,10.13,48.97,NP,18.1,NP,NP,NP,NP,NP,NP,NP,NP,NP,NP,NP,NP,NP,NP,NP,NP,NP,NP,NP,NP,NP,NP,NP,NA
NWT,ALBION INLET,1991,1991-09-19,DNS,4.92,16.5,NP,NP,NP,12.02,NP,82.68,20.07,NP,5.11,0.86,13.13,73,NP,21.57,NP,NP,NP,NP,NP,NP,NP,NP,NP,NP,NP,NP,NP,NP,NP,NP,NP,NP,NP,NP,NP,NP,NP,NA
NWT,ALBION INLET,1991,1991-10-03,DNS,4.99,18.3,NP,NP,NP,10.23,NP,92.71,22.21,NP,5.24,1.59,9.48,83.83,NP,25.79,NP,NP,NP,NP,NP,NP,NP,NP,NP,NP,NP,NP,NP,NP,NP,NP,NP,NP,NP,NP,NP,NP,NP,NA
NWT,ALBION INLET,1991,1991-10-24,DNS,5.39,19.5,NP,NP,NP,4.07,NP,92.17,23.86,NP,5.86,1.01,8.33,91.03,NP,31.83,NP,NP,NP,NP,NP,NP,NP,NP,NP,NP,NP,NP,NP,NP,NP,NP,NP,NP,NP,NP,NP,NP,NP,NA
NWT,ALBION INLET,1991,1991-10-31,DNS,5.67,20.1,NP,NP,NP,2.14,NP,105.24,25.34,NP,5.45,5.6,8.3,93.57,NP,29.37,NP,NP,NP,NP,NP,NP,NP,NP,NP,NP,NP,NP,NP,NP,NP,NP,NP,NP,NP,NP,NP,NP,NP,NA
NWT,ALBION INLET,1992,1992-05-21,820,6.57,25.9,NP,NP,NP,0.27,NP,NP,12.34,34.8,9.97,NP,NP,NP,NP,NP,NP,NP,NP,NP,NP,NP,NP,NP,NP,NP,NP,NP,NP,NP,NP,NP,NP,NP,NP,NP,NP,NP,NP,NA
NWT,ALBION INLET,1992,1992-05-28,820,6.54,21,78.39,NP,NP,0.29,NP,139.75,32.91,37.41,9.46,6.49,28.98,114.63,NP,38.45,219.82,228.49,-0.02,NP,NP,NP,NP,NP,NP,NP,NP,NP,NP,NP,NP,NP,NP,NP,NP,NP,NP,NP,NP,NA
NWT,ALBION INLET,1992,1992-06-04,900,6.58,23.7,34.1,NP,NP,0.26,NP,129.33,28.79,32.19,8.44,5.25,59.46,114.18,NP,68.68,199.02,212.99,-0.03,NP,NP,NP,NP,NP,NP,NP,NP,NP,NP,NP,NP,NP,NP,NP,NP,NP,NP,NP,NP,NA
NWT,ALBION INLET,1992,1992-06-11,800,6.65,21.5,54.82,NP,NP,0.22,NP,129.96,29.62,32.19,8.95,5.9,42.8,108.49,NP,84.17,200.94,212.01,-0.03,NP,NP,NP,NP,NP,NP,NP,NP,NP,NP,NP,NP,NP,NP,NP,NP,NP,NP,NP,NP,NA
NWT,ALBION INLET,1992,1992-06-18,800,6.34,19.5,50.73,NP,NP,0.46,NP,113.98,23.03,23.05,8.95,6.97,33.53,87.53,NP,40.27,169.47,178.75,-0.03,NP,NP,NP,NP,NP,NP,NP,NP,NP,NP,NP,NP,NP,NP,NP,NP,NP,NP,NP,NP,NA
NWT,ALBION INLET,1992,1992-06-25,815,6.43,20.3,46.69,NP,NP,0.37,NP,102.49,20.57,23.49,8.44,8.12,27.82,81.39,NP,33.04,155.36,164.02,-0.03,NP,NP,NP,NP,NP,NP,NP,NP,NP,NP,NP,NP,NP,NP,NP,NP,NP,NP,NP,NP,NA
NWT,ALBION INLET,1992,1992-07-02,DNS,6.44,14.17,45.8,NP,NP,0.36,NP,76.23,13.98,17.4,8.18,4.88,13,58.11,NP,29.09,116.16,121.79,-0.02,NP,NP,NP,NP,NP,NP,NP,NP,NP,NP,NP,NP,NP,NP,NP,NP,NP,NP,NP,NP,NA
NWT,ALBION INLET,1992,1992-07-09,DNS,6.36,7.04,28.78,NP,NP,0.44,NP,41.86,5.76,6.52,3.84,1.92,5.45,26.09,NP,19.55,58.42,62.24,-0.03,NP,NP,NP,NP,NP,NP,NP,NP,NP,NP,NP,NP,NP,NP,NP,NP,NP,NP,NP,NP,NA
NWT,ALBION INLET,1992,1992-07-23,DNS,6.5,14.3,51.86,NP,NP,0.32,NP,89.67,18.84,20.44,6.39,3.7,21.56,65,NP,20.62,135.66,142.12,-0.02,NP,NP,NP,NP,NP,NP,NP,NP,NP,NP,NP,NP,NP,NP,NP,NP,NP,NP,NP,NP,NA
NWT,ALBION INLET,1992,1992-08-04,DNS,6.49,14.85,61.57,NP,NP,0.32,NP,89.05,20.57,20.01,6.91,3.22,11.37,65.65,NP,22.72,136.85,141.8,-0.02,NP,NP,NP,NP,NP,NP,NP,NP,NP,NP,NP,NP,NP,NP,NP,NP,NP,NP,NP,NP,NA
NWT,ALBION INLET,1992,1992-08-13,DNS,6.69,14.55,58.81,NP,NP,0.2,NP,92.27,18.92,19.14,4.86,2.99,14.81,64.77,NP,16.98,135.4,141.38,-0.02,NP,NP,NP,NP,NP,NP,NP,NP,NP,NP,NP,NP,NP,NP,NP,NP,NP,NP,NP,NP,NA
NWT,ALBION INLET,1992,1992-08-27,DNS,6.54,14.68,70.97,NP,NP,0.29,NP,94.88,16.45,22.18,5.88,2.57,10.87,59.61,NP,18.27,139.69,144.01,-0.02,NP,NP,NP,NP,NP,NP,NP,NP,NP,NP,NP,NP,NP,NP,NP,NP,NP,NP,NP,NP,NA
NWT,ALBION INLET,1992,1992-09-10,DNS,6.78,15.04,71.57,NP,NP,0.17,NP,91.41,18.92,23.05,6.39,3.13,7.69,61.63,NP,21.47,139.94,144.02,-0.01,NP,NP,NP,NP,NP,NP,NP,NP,NP,NP,NP,NP,NP,NP,NP,NP,NP,NP,NP,NP,NA
NWT,ALBION INLET,1992,1992-09-24,DNS,6.71,15.98,79.8,NP,NP,0.19,NP,95.46,19.74,23.05,7.67,1.66,3.42,64.54,NP,19.87,146.12,149.43,-0.01,NP,NP,NP,NP,NP,NP,NP,NP,NP,NP,NP,NP,NP,NP,NP,NP,NP,NP,NP,NP,NA
NWT,ALBION INLET,1992,1992-10-08,DNS,6.61,14.5,71.11,NP,NP,0.25,NP,93.72,18.92,20.44,7.42,1.44,8.06,64.4,NP,18.48,140.75,145.01,-0.01,NP,NP,NP,NP,NP,NP,NP,NP,NP,NP,NP,NP,NP,NP,NP,NP,NP,NP,NP,NP,NA
NWT,ALBION INLET,1992,1992-10-22,DNS,6.75,15.4,51.28,NP,NP,0.18,NP,93.14,19.74,23.05,7.16,4.03,23.71,71.5,NP,23.21,143.28,150.52,-0.02,NP,NP,NP,NP,NP,NP,NP,NP,NP,NP,NP,NP,NP,NP,NP,NP,NP,NP,NP,NP,NA
NWT,ALBION INLET,1993,1993-01-05,1345,6.55,17.97,68.96,NP,NP,0.28,NP,112.37,21.39,23.92,6.65,3.38,7.89,91.15,NP,19.23,164.62,171.38,-0.02,NP,NP,NP,NP,NP,NP,NP,NP,NP,NP,NP,NP,NP,NP,NP,NP,NP,NP,NP,NP,NA
NWT,ALBION INLET,1993,1993-06-03,910,6.67,17.65,76.59,NP,NP,0.21,0.57,123.46,30.36,28.71,7.29,4.96,21.51,94.65,NP,38.28,190.6,197.72,-0.02,NP,NP,NP,NP,NP,NP,NP,NP,NP,NP,NP,NP,NP,NP,NP,NP,NP,NP,NP,NP,NA
NWT,ALBION INLET,1993,1993-06-10,800,7.08,21.5,79.45,NP,NP,0.08,1.86,124.68,30.93,29.06,7.03,5.11,18.45,97.75,NP,38.06,193.64,200.76,-0.02,NP,NP,NP,NP,NP,NP,NP,NP,NP,NP,NP,NP,NP,NP,NP,NP,NP,NP,NP,NP,NA
NWT,ALBION INLET,1993,1993-06-17,830,6.79,20.3,72.33,NP,NP,0.16,1,111.66,27.64,26.84,6.52,9.03,18.5,80.39,NP,34.39,173.82,180.24,-0.02,NP,NP,NP,NP,NP,NP,NP,NP,NP,NP,NP,NP,NP,NP,NP,NP,NP,NP,NP,NP,NA
NWT,ALBION INLET,1993,1993-06-24,900,6.82,17.83,67.47,NP,NP,0.15,1.43,97.46,21.88,20.31,7.8,4.37,18.97,63.67,NP,23.32,149.04,154.48,-0.02,NP,NP,NP,NP,NP,NP,NP,NP,NP,NP,NP,NP,NP,NP,NP,NP,NP,NP,NP,NP,NA
NWT,ALBION INLET,1993,1993-07-01,745,6.61,16.37,59.73,NP,NP,0.25,0.71,90.07,19.17,18.36,6.44,4.43,18.35,57.98,NP,16.27,135,140.5,-0.02,NP,NP,NP,NP,NP,NP,NP,NP,NP,NP,NP,NP,NP,NP,NP,NP,NP,NP,NP,NP,NA
NWT,ALBION INLET,1993,1993-07-08,810,6.7,14.44,55.71,NP,NP,0.2,0.57,80.19,18.84,17.14,5.68,3.24,17.72,50.9,NP,18.84,122.61,127.58,-0.02,NP,NP,NP,NP,NP,NP,NP,NP,NP,NP,NP,NP,NP,NP,NP,NP,NP,NP,NP,NP,NA
NWT,ALBION INLET,1993,1993-07-15,815,7.1,12.68,51.21,NP,NP,0.08,0,73.15,17.19,16.22,5.63,3.02,14.76,48.32,NP,23.18,112.28,117.31,-0.02,NP,NP,NP,NP,NP,NP,NP,NP,NP,NP,NP,NP,NP,NP,NP,NP,NP,NP,NP,NP,NA
NWT,ALBION INLET,1993,1993-07-22,820,6.83,13.65,53.07,NP,NP,0.15,0.14,73.15,16.45,15.62,5.34,2.62,14.14,45.64,NP,15.7,110.86,115.47,-0.02,NP,NP,NP,NP,NP,NP,NP,NP,NP,NP,NP,NP,NP,NP,NP,NP,NP,NP,NP,NP,NA
NWT,ALBION INLET,1993,1993-07-29,1315,7.21,11.34,56.07,NP,NP,0.06,0.07,73.15,16.78,16.44,4.86,3.13,10.82,45.7,NP,13.99,111.37,115.72,-0.02,NP,NP,NP,NP,NP,NP,NP,NP,NP,NP,NP,NP,NP,NP,NP,NP,NP,NP,NP,NP,NA
NWT,ALBION INLET,1993,1993-08-12,830,7.25,11.78,52.99,NP,NP,0.06,0.43,66.17,15.79,15.79,3.84,2.79,6.55,43.7,NP,8.22,102.07,106.03,-0.02,NP,NP,NP,NP,NP,NP,NP,NP,NP,NP,NP,NP,NP,NP,NP,NP,NP,NP,NP,NP,NA
NWT,ALBION INLET,1993,1993-08-26,1330,6.79,12.04,61.56,NP,NP,0.16,1,68.12,15.47,14.75,3.94,1.69,4.08,43.41,NP,1.74,103.44,110.74,-0.03,NP,NP,NP,NP,NP,NP,NP,NP,NP,NP,NP,NP,NP,NP,NP,NP,NP,NP,NP,NP,NA
NWT,ALBION INLET,1993,1993-09-09,1530,6.83,12.48,65.54,NP,NP,0.15,0.93,70.88,16.62,15.35,3.48,1.72,1.84,45.08,NP,0.71,107.41,114.17,-0.03,NP,NP,NP,NP,NP,NP,NP,NP,NP,NP,NP,NP,NP,NP,NP,NP,NP,NP,NP,NP,NA
NWT,ALBION INLET,1993,1993-09-23,1315,6.75,12.82,63.85,NP,NP,0.18,1.21,73.69,16.95,16.66,3.73,1.86,0.98,47.45,NP,0.96,112.42,114.14,-0.01,NP,NP,NP,NP,NP,NP,NP,NP,NP,NP,NP,NP,NP,NP,NP,NP,NP,NP,NP,NP,NA
NWT,ALBION INLET,1993,1993-10-07,DNS,6.77,12.9,68.18,NP,NP,0.17,<0.71,76.67,17.36,16.36,3.89,1.78,0.61,48.03,NP,4.13,114.44,118.6,-0.02,NP,NP,NP,NP,NP,NP,NP,NP,NP,NP,NP,NP,NP,NP,NP,NP,NP,NP,NP,NP,NA
NWT,ALBION INLET,1994,1994-05-19,845,7.03,20.1,73.49,NP,NP,0.09,0.14,113.98,26.74,27.58,8.67,10.32,13.31,85.01,NP,27.7,177.19,182.13,-0.01,NP,NP,NP,NP,13.45,NP,NP,NP,NP,NP,NP,NP,NP,NP,NP,NP,NP,NP,NP,NP,NA
NWT,ALBION INLET,1994,1994-05-26,1410,6.74,17.86,57.9,NP,NP,0.18,0.79,102.89,26.41,37.54,7.85,10.77,17.42,71.91,NP,21.44,175.66,158,0.05,NP,NP,NP,NP,18.2,NP,NP,NP,NP,NP,NP,NP,NP,NP,NP,NP,NP,NP,NP,NP,NA
NWT,ALBION INLET,1994,1994-06-02,815,6.57,16.4,59.68,NP,NP,0.27,1.43,101.96,25.75,24.18,8.18,7.81,15.42,71.1,NP,25.46,161.77,154.01,0.02,NP,NP,NP,NP,16.85,NP,NP,NP,NP,NP,NP,NP,NP,NP,NP,NP,NP,NP,NP,NP,NA
NWT,ALBION INLET,1994,1994-06-09,800,6.52,15.5,47.66,NP,NP,0.3,0.14,93.72,20.48,19.66,8.23,4.77,15.55,61.25,NP,17.02,142.55,129.23,0.05,NP,NP,NP,NP,15.69,NP,NP,NP,NP,NP,NP,NP,NP,NP,NP,NP,NP,NP,NP,NP,NA
NWT,ALBION INLET,1994,1994-06-16,800,6.61,15.7,50.01,NP,NP,0.25,3.25,87.36,20.07,25.23,9.03,6.46,13.32,56.11,NP,15.67,145.18,125.9,0.07,NP,NP,NP,NP,16.57,NP,NP,NP,NP,NP,NP,NP,NP,NP,NP,NP,NP,NP,NP,NP,NA
NWT,ALBION INLET,1994,1994-06-23,1350,6.63,14.29,55.45,NP,NP,0.23,1.43,81.52,17.85,16.96,7.01,4.17,14.1,49.09,NP,10.22,125.01,122.81,0.01,NP,NP,NP,NP,15.52,NP,NP,NP,NP,NP,NP,NP,NP,NP,NP,NP,NP,NP,NP,NP,NA
NWT,ALBION INLET,1994,1994-06-30,1400,6.75,13.35,54.14,NP,NP,0.18,1.07,77.96,16.04,16.66,6.19,2.99,13.11,47.64,NP,8.98,118.1,117.88,0,NP,NP,NP,NP,14.18,NP,NP,NP,NP,NP,NP,NP,NP,NP,NP,NP,NP,NP,NP,NP,NA
NWT,ALBION INLET,1994,1994-07-07,1330,6.73,12.29,51.68,NP,NP,0.19,0.43,78.54,16.95,15.66,6.19,1.75,9.87,43.1,NP,11.48,117.95,106.4,0.05,NP,NP,NP,NP,10.3,NP,NP,NP,NP,NP,NP,NP,NP,NP,NP,NP,NP,NP,NP,NP,NA
NWT,ALBION INLET,1994,1994-07-14,1330,6.67,11.25,55.49,NP,NP,0.21,0.29,72.13,15.71,15.35,5.34,1.61,8.21,40.85,NP,11.25,109.04,106.16,0.01,NP,NP,NP,NP,8.49,NP,NP,NP,NP,NP,NP,NP,NP,NP,NP,NP,NP,NP,NP,NP,NA
NWT,ALBION INLET,1994,1994-07-21,1358,6.97,12.36,50.87,NP,NP,0.11,0.86,77.74,17.44,16.31,6.16,3.5,8.61,44.14,NP,10.79,118.62,107.12,0.05,NP,NP,NP,NP,9.47,NP,NP,NP,NP,NP,NP,NP,NP,NP,NP,NP,NP,NP,NP,NP,NA
NWT,ALBION INLET,1994,1994-07-28,1345,6.85,12.59,53.47,NP,NP,0.14,0.57,74.53,16.78,15.4,6.39,0.87,6.35,42.22,NP,11.14,113.82,102.92,0.05,NP,NP,NP,NP,6.93,NP,NP,NP,NP,NP,NP,NP,NP,NP,NP,NP,NP,NP,NP,NP,NA
NWT,ALBION INLET,1994,1994-08-04,1330,6.9,12.06,57.39,NP,NP,0.13,0.14,70.53,16.78,18.14,5.68,1.3,5.08,38.16,NP,5.06,111.39,101.93,0.04,NP,NP,NP,NP,5.22,NP,NP,NP,NP,NP,NP,NP,NP,NP,NP,NP,NP,NP,NP,NP,NA
NWT,ALBION INLET,1994,1994-08-11,1340,6.86,12.94,61.91,NP,NP,0.14,0.29,75.38,17.03,16.79,6.14,1.58,5.48,41.2,NP,11.36,115.76,110.18,0.02,NP,NP,NP,NP,5.77,NP,NP,NP,NP,NP,NP,NP,NP,NP,NP,NP,NP,NP,NP,NP,NA
NWT,ALBION INLET,1994,1994-08-18,1330,6.76,12.73,58.61,NP,NP,0.17,0.21,77.83,17.19,16.79,6.14,1.95,5.23,42.04,NP,11.04,118.34,107.82,0.05,NP,NP,NP,NP,5.44,NP,NP,NP,NP,NP,NP,NP,NP,NP,NP,NP,NP,NP,NP,NP,NA
NWT,ALBION INLET,1994,1994-08-25,1400,6.76,13.51,67.99,NP,NP,0.17,0.64,76.14,17.36,17.79,6.67,3.55,4.73,43.12,NP,13.21,118.78,119.39,0,NP,NP,NP,NP,5.37,NP,NP,NP,NP,NP,NP,NP,NP,NP,NP,NP,NP,NP,NP,NP,NA
NWT,ALBION INLET,1994,1994-09-01,825,7.06,12.99,63.83,NP,NP,0.09,0.36,77.7,17.69,17.05,6.14,2.26,3.5,43.12,NP,9.54,119.02,112.7,0.03,NP,NP,NP,NP,3.86,NP,NP,NP,NP,NP,NP,NP,NP,NP,NP,NP,NP,NP,NP,NP,NA
NWT,ALBION INLET,1994,1994-09-08,1405,6.95,13.22,78.27,NP,NP,0.11,1.43,76.81,17.52,17.31,5.78,2.12,2.79,43.08,NP,8.79,118.96,126.25,-0.03,NP,NP,NP,NP,4.22,NP,NP,NP,NP,NP,NP,NP,NP,NP,NP,NP,NP,NP,NP,NP,NA
NWT,ALBION INLET,1994,1994-09-15,1350,6.86,14.57,64.63,NP,NP,0.14,0.71,85.4,19.33,19.92,6.14,0.93,3.39,46.67,NP,9.61,131.64,115.62,0.06,NP,NP,NP,NP,4.1,NP,NP,NP,NP,NP,NP,NP,NP,NP,NP,NP,NP,NP,NP,NP,NA
NWT,ALBION INLET,1994,1994-09-22,1350,6.73,14.46,64.65,NP,NP,0.19,0.5,81.52,19.17,16.18,5.58,1.24,2.06,44.66,NP,5.55,123.13,112.61,0.04,NP,NP,NP,NP,2.56,NP,NP,NP,NP,NP,NP,NP,NP,NP,NP,NP,NP,NP,NP,NP,NA
NWT,ALBION INLET,1994,1994-09-29,1300,6.89,14.93,75.05,NP,NP,0.13,0.43,84.11,19,19.44,5.83,1.04,2.82,47.01,NP,6.02,128.94,125.93,0.01,NP,NP,NP,NP,3.25,NP,NP,NP,NP,NP,NP,NP,NP,NP,NP,NP,NP,NP,NP,NP,NA
NWT,ALBION INLET,1994,1994-10-13,1255,6.83,14.25,68.93,NP,NP,0.15,0.86,83.35,18.67,18.7,5.78,2.57,2.92,50.02,NP,7.48,127.51,124.44,0.01,NP,NP,NP,NP,3.78,NP,NP,NP,NP,NP,NP,NP,NP,NP,NP,NP,NP,NP,NP,NP,NA
NWT,ALBION INLET,1994,1994-10-13,1255,6.89,14.5,77.99,NP,NP,0.13,NP,84.73,18.67,18.7,5.52,2.34,2.94,50.57,NP,7.23,127.76,133.84,-0.02,NP,NP,NP,NP,NP,NP,NP,NP,NP,NP,NP,NP,NP,NP,NP,NP,NP,NP,NP,NP,NA
NWT,ALBION INLET,1994,1994-10-27,1050,6.77,14.69,86.19,NP,NP,0.17,0.29,81.97,19,18.44,5.52,2.76,2.56,51.63,NP,6.66,125.39,143.15,-0.07,NP,NP,NP,NP,2.85,NP,NP,NP,NP,NP,NP,NP,NP,NP,NP,NP,NP,NP,NP,NP,NA
NWT,ALBION INLET,1994,1994-12-08,1050,6.89,15.63,75.75,NP,NP,0.13,NP,96.75,22.25,19.88,6.83,3.53,2.44,61.29,NP,4.88,145.84,143.01,0.01,NP,NP,NP,NP,NP,NP,NP,NP,NP,NP,NP,NP,NP,NP,NP,NP,NP,NP,NP,NP,NA
NWT,ALBION INLET,1995,1995-03-29,1040,6.88,17.44,81.81,NP,NP,0.13,1.96,113.58,25.42,22.66,7.01,3.67,1.71,84.92,NP,6.06,170.75,172.11,0,NP,NP,NP,NP,3.67,NP,NP,NP,NP,NP,NP,NP,NP,NP,NP,NP,NP,NP,NP,NP,NA
NWT,ALBION INLET,1995,1995-04-28,915,6.83,21.35,86.95,NP,NP,0.15,0.49,120.03,27.97,24.18,7.49,3.92,3.23,89.59,NP,10.73,180.32,183.68,-0.01,NP,NP,NP,NP,3.72,NP,NP,NP,NP,NP,NP,NP,NP,NP,NP,NP,NP,NP,NP,NP,NA
NWT,ALBION INLET,1995,1995-05-31,1000,7.07,21.9,86.25,NP,NP,0.09,1.37,132.36,30.6,27.23,7.77,4.15,13.21,103.62,NP,30.91,199.42,207.23,-0.02,NP,NP,NP,NP,14.58,NP,NP,NP,NP,NP,NP,NP,NP,NP,NP,NP,NP,NP,NP,NP,NA
NWT,ALBION INLET,1995,1995-06-08,1010,6.55,23.2,80.67,NP,NP,0.28,0.94,128.44,31.18,29.75,9.36,4.63,24.9,84.95,NP,40.95,199.96,195.14,0.01,NP,NP,NP,NP,25.84,NP,NP,NP,NP,NP,NP,NP,NP,NP,NP,NP,NP,NP,NP,NP,NA
NWT,ALBION INLET,1995,1995-06-15,845,6.58,22.4,100.89,NP,NP,0.26,1.26,123.95,33.4,30.54,11.51,6.37,23.77,77.66,NP,41.32,200.92,208.7,-0.02,NP,NP,NP,NP,25.04,NP,NP,NP,NP,NP,NP,NP,NP,NP,NP,NP,NP,NP,NP,NP,NA
NWT,ALBION INLET,1995,1995-06-22,830,6.49,19.81,88.25,NP,NP,0.32,0.69,107.3,29.29,27.06,9.64,4.57,22.95,73.79,NP,42.33,174.29,189.56,-0.04,NP,NP,NP,NP,23.64,NP,NP,NP,NP,NP,NP,NP,NP,NP,NP,NP,NP,NP,NP,NP,NA
NWT,ALBION INLET,1995,1995-06-29,805,6.66,14.03,54.4,NP,NP,0.22,1.24,82.9,19.91,17.14,9.39,3.67,20.03,50.72,NP,26.03,130.79,128.81,0.01,NP,NP,NP,NP,21.27,NP,NP,NP,NP,NP,NP,NP,NP,NP,NP,NP,NP,NP,NP,NP,NA
NWT,ALBION INLET,1995,1995-07-06,750,6.6,16.56,61.49,NP,NP,0.25,1.28,88.74,23.28,18.53,8.57,3.58,19.21,59.46,NP,28.26,140.64,143.74,-0.01,NP,NP,NP,NP,20.49,NP,NP,NP,NP,NP,NP,NP,NP,NP,NP,NP,NP,NP,NP,NP,NA
NWT,ALBION INLET,1995,1995-07-13,755,6.49,13.5,53.68,NP,NP,0.32,1.21,73.78,18.1,16.44,6.91,3.41,17.87,46.2,NP,26.96,116.75,121.16,-0.02,NP,NP,NP,NP,19.08,NP,NP,NP,NP,NP,NP,NP,NP,NP,NP,NP,NP,NP,NP,NP,NA
NWT,ALBION INLET,1995,1995-07-20,805,6.56,11.78,46.38,NP,NP,0.28,0.62,66.92,16.21,14.18,6.55,2.62,14.03,38.23,NP,17.76,104.75,101.26,0.02,NP,NP,NP,NP,14.65,NP,NP,NP,NP,NP,NP,NP,NP,NP,NP,NP,NP,NP,NP,NP,NA
NWT,ALBION INLET,1995,1995-07-27,815,6.39,11.33,49.74,NP,NP,0.41,0.66,64.79,15.47,14.18,5.96,2.19,11.37,36.06,NP,12.62,101.46,99.36,0.01,NP,NP,NP,NP,12.03,NP,NP,NP,NP,NP,NP,NP,NP,NP,NP,NP,NP,NP,NP,NP,NA
NWT,ALBION INLET,1995,1995-08-03,800,6.52,10.95,55.04,NP,NP,0.3,0.83,62.56,14.48,13.92,5.47,1.97,8.58,33.71,NP,5.25,97.56,99.3,-0.01,NP,NP,NP,NP,9.41,NP,NP,NP,NP,NP,NP,NP,NP,NP,NP,NP,NP,NP,NP,NP,NA
NWT,ALBION INLET,1995,1995-08-10,800,6.75,10.67,55.17,NP,NP,0.18,1.72,62.74,14.73,13.35,5.04,2.31,7.48,34.33,NP,1.94,97.75,99.3,-0.01,NP,NP,NP,NP,9.2,NP,NP,NP,NP,NP,NP,NP,NP,NP,NP,NP,NP,NP,NP,NP,NA
NWT,ALBION INLET,1995,1995-08-17,817,6.97,10.62,54.72,NP,NP,0.11,1.63,63.49,14.48,13.01,4.76,1.78,6.24,33.54,NP,1.97,97.48,96.28,0.01,NP,NP,NP,NP,7.88,NP,NP,NP,NP,NP,NP,NP,NP,NP,NP,NP,NP,NP,NP,NP,NA
NWT,ALBION INLET,1995,1995-08-24,755,6.68,10.08,52.86,NP,NP,0.21,1.64,58.6,13.66,13.22,4.32,1.41,4.58,31.71,NP,2.71,91.65,90.56,0.01,NP,NP,NP,NP,6.22,NP,NP,NP,NP,NP,NP,NP,NP,NP,NP,NP,NP,NP,NP,NP,NA
NWT,ALBION INLET,1995,1995-08-31,1400,6.74,10.25,54.79,NP,NP,0.18,0.92,60.11,14.07,13.66,4.32,1.47,3.87,32.65,NP,2.26,93.26,92.77,0,NP,NP,NP,NP,4.79,NP,NP,NP,NP,NP,NP,NP,NP,NP,NP,NP,NP,NP,NP,NP,NA
NWT,ALBION INLET,1995,1995-09-07,800,6.64,10.85,57.74,NP,NP,0.23,0.55,59.02,13.41,14.05,3.86,1.41,2.6,32.04,NP,2,91.12,93.79,-0.01,NP,NP,NP,NP,3.15,NP,NP,NP,NP,NP,NP,NP,NP,NP,NP,NP,NP,NP,NP,NP,NA
NWT,ALBION INLET,1995,1995-09-14,750,6.72,10.37,59.39,NP,NP,0.19,1.14,63.85,15.3,15.49,4.58,1.52,2.31,36.25,NP,1.69,100.54,99.47,0.01,NP,NP,NP,NP,3.44,NP,NP,NP,NP,NP,NP,NP,NP,NP,NP,NP,NP,NP,NP,NP,NA
NWT,ALBION INLET,1995,1995-09-21,825,6.89,10.58,66.11,NP,NP,0.13,0.44,65.54,15.71,15.09,4.42,1.41,1.94,38.12,NP,2.03,101.34,107.58,-0.03,NP,NP,NP,NP,2.38,NP,NP,NP,NP,NP,NP,NP,NP,NP,NP,NP,NP,NP,NP,NP,NA
NWT,ALBION INLET,1995,1995-09-28,740,6.74,10.84,61.82,NP,NP,0.18,0.5,66.92,15.79,15.44,4.76,1.41,1.48,37.93,NP,2.65,103.6,102.65,0,NP,NP,NP,NP,1.98,NP,NP,NP,NP,NP,NP,NP,NP,NP,NP,NP,NP,NP,NP,NP,NA
NWT,ALBION INLET,1995,1995-10-05,800,6.73,11.15,65.91,NP,NP,0.19,0.34,68.35,16.37,13.96,4.5,1.49,1.53,37.6,NP,2.01,103.7,106.54,-0.01,NP,NP,NP,NP,1.87,NP,NP,NP,NP,NP,NP,NP,NP,NP,NP,NP,NP,NP,NP,NP,NA
NWT,ALBION INLET,1995,1995-10-30,850,6.76,11.15,64.53,NP,NP,0.17,0.54,75.29,17.6,9.96,4.68,1.72,1.11,45.47,NP,5.78,108.25,112.83,-0.02,NP,NP,NP,NP,1.65,NP,NP,NP,NP,NP,NP,NP,NP,NP,NP,NP,NP,NP,NP,NP,NA
NWT,ALBION INLET,1996,1996-05-16,1300,6.64,20.2,76.15,NP,NP,0.23,0.69,112.11,28.87,24.66,6.47,4.63,12.53,82.41,NP,11.59,173.03,175.71,-0.01,27.09,19.99,7.1,6.77,13.22,0.42,0.27,0.15,NP,NP,NP,NP,NP,NP,NP,NP,NP,NP,NP,NP,NA
NWT,ALBION INLET,1996,1996-05-23,900,6.56,19.91,78.37,NP,NP,0.28,0.46,114.96,29.53,24.32,6.52,3.75,12.08,84.55,NP,11.34,176.06,178.75,-0.01,28.41,20.75,7.65,8.21,12.54,0.46,0.08,0.38,NP,NP,NP,NP,NP,NP,NP,NP,NP,NP,NP,NP,NA
NWT,ALBION INLET,1996,1996-05-30,855,6.55,19.5,74.12,NP,NP,0.28,0.36,112.24,28.63,24.66,6.73,3.92,14.43,79.49,NP,13.02,172.9,171.97,0,34.37,23.79,10.58,9,14.79,0.43,0.33,0.1,NP,NP,NP,NP,NP,NP,NP,NP,NP,NP,NP,NP,NA
NWT,ALBION INLET,1996,1996-06-06,830,6.48,18.89,54.31,NP,NP,0.33,0.01,106.59,27.64,26.97,7.24,4.03,15.55,74.85,NP,16.97,168.78,148.74,0.06,32.66,24.85,7.82,9.28,15.56,0.55,0.11,0.45,NP,NP,NP,NP,NP,NP,NP,NP,NP,NP,NP,NP,NA
NWT,ALBION INLET,1996,1996-06-13,1515,6.56,17.23,65.86,NP,NP,0.28,NP,97.59,24.6,23.88,7.31,4.96,19.6,68.87,NP,19.32,153.66,159.29,-0.02,31.22,26.62,4.6,7.02,19.6,0.48,0.26,0.22,NP,NP,NP,NP,NP,NP,NP,NP,NP,NP,NP,NP,NA
NWT,ALBION INLET,1996,1996-06-20,1350,6.56,15.79,53.88,NP,NP,0.28,0.59,86.11,20.81,25.32,7.11,4.34,18.66,57.36,NP,15,140.21,134.24,0.02,22.78,23.05,NP,3.81,19.25,0.53,0.23,0.3,NP,NP,NP,NP,NP,NP,NP,NP,NP,NP,NP,NP,NA
NWT,ALBION INLET,1996,1996-06-27,745,6.46,14.01,53.71,NP,NP,0.35,NP,81.17,18.34,22.18,6.88,3.95,17.98,50.07,NP,10.48,128.92,125.71,0.01,24.62,25.07,NP,7.09,17.98,0.22,0,0.22,NP,NP,NP,NP,NP,NP,NP,NP,NP,NP,NP,NP,NA
NWT,ALBION INLET,1996,1996-07-04,730,6.49,12.74,48.41,NP,NP,0.32,0.13,75.96,16.7,19.01,6.7,3.7,15.24,44.01,NP,7.83,118.82,111.36,0.03,16.41,17.26,NP,1.89,15.37,0.31,0,0.31,NP,NP,NP,NP,NP,NP,NP,NP,NP,NP,NP,NP,NA
NWT,ALBION INLET,1996,1996-07-11,1315,6.67,12.5,54.42,NP,NP,0.21,0.61,72.04,16.29,22.66,5.63,3.44,13.5,43.33,NP,7.91,117.44,114.69,0.01,21.35,16.02,5.33,1.92,14.11,0.35,0.11,0.24,NP,NP,NP,NP,NP,NP,NP,NP,NP,NP,NP,NP,NA
NWT,ALBION INLET,1996,1996-07-18,1145,6.56,11.57,47.73,NP,NP,0.28,0.51,67.72,15.22,19.7,4.73,2.82,10.69,37.66,NP,9.46,108.17,98.91,0.04,18.03,12.28,5.75,1.07,11.21,0.35,0.11,0.24,NP,NP,NP,NP,NP,NP,NP,NP,NP,NP,NP,NP,NA
NWT,ALBION INLET,1996,1996-07-25,1220,6.49,15.89,43.85,NP,NP,0.32,0.53,65.59,15.05,12.53,5.01,2.65,8.18,36.93,NP,5.99,99.03,91.61,0.04,16.81,12.2,4.61,3.5,8.71,0.24,0.23,NP,NP,NP,NP,NP,NP,NP,NP,NP,NP,NP,NP,NP,NA
NWT,ALBION INLET,1996,1996-08-01,1230,6.83,10.69,61.66,NP,NP,0.15,0.34,65.59,14.31,16.79,4.4,2.03,6.14,34.92,NP,7.69,101.57,104.75,-0.02,14.3,10.53,3.77,4.05,6.48,0.22,0.18,0.04,NP,NP,NP,NP,NP,NP,NP,NP,NP,NP,NP,NP,NA
NWT,ALBION INLET,1996,1996-08-08,745,6.9,11.1,61.18,NP,NP,0.13,0.24,62.07,15.55,12.53,3.58,2.59,4.92,34.69,NP,7.1,94.09,103.38,-0.05,13.44,7.03,6.4,1.87,5.16,0.07,0.05,0.02,NP,NP,NP,NP,NP,NP,NP,NP,NP,NP,NP,NP,NA
NWT,ALBION INLET,1996,1996-08-15,1315,6.54,10.61,59.51,NP,NP,0.29,1.21,66.48,14.64,20.05,4.4,2.51,4.55,36.6,NP,6.27,107.07,103.17,0.02,11.24,7.16,4.08,1.41,5.75,0.3,0.23,0.06,NP,NP,NP,NP,NP,NP,NP,NP,NP,NP,NP,NP,NA
NWT,ALBION INLET,1996,1996-08-22,1235,6.68,11.02,68.27,NP,NP,0.21,1.81,68.35,15.22,13.35,4.81,2.09,4.34,36.48,NP,6.88,103.75,111.17,-0.03,11.69,7.93,3.76,1.78,6.15,0.57,0.15,0.42,NP,NP,NP,NP,NP,NP,NP,NP,NP,NP,NP,NP,NA
NWT,ALBION INLET,1996,1996-08-29,745,6.58,11.26,59.94,NP,NP,0.26,NP,67.1,15.22,14.14,4.5,2.06,4.56,36.85,NP,8.99,101.22,103.41,-0.01,10.09,7.28,2.81,2.72,4.56,0.29,0.26,0.03,NP,NP,NP,NP,NP,NP,NP,NP,NP,NP,NP,NP,NA
NWT,ALBION INLET,1996,1996-09-10,745,6.69,11.78,59.06,NP,NP,0.2,1,68.35,16.29,14.75,4.63,2.06,4.42,40.27,NP,10.49,105.21,105.8,0,13.15,9.29,3.86,3.87,5.42,0.49,0.27,0.22,NP,NP,NP,NP,NP,NP,NP,NP,NP,NP,NP,NP,NA
NWT,ALBION INLET,1996,1996-09-24,815,6.89,12.21,59.95,NP,NP,0.13,1.45,71.42,16.7,15.18,4.22,2.06,3.4,40.7,NP,12.21,109.1,106.12,0.01,11.62,8.8,2.82,3.95,4.85,0.2,0.18,0.02,NP,NP,NP,NP,NP,NP,NP,NP,NP,NP,NP,NP,NA
NWT,ALBION INLET,1996,1996-10-01,850,6.69,12.3,57.4,NP,NP,0.2,0.14,73.29,16.37,15.79,4.5,2.17,2.55,42.58,NP,12.19,110.3,104.7,0.03,9,7.9,1.1,5.21,2.69,0.17,0.08,0.09,NP,NP,NP,NP,NP,NP,NP,NP,NP,NP,NP,NP,NA
NWT,ALBION INLET,1996,1996-10-08,940,6.74,12.98,60.59,NP,NP,0.18,1.51,79.08,17.36,18.27,4.5,2.34,3.82,47.53,NP,14.64,120.89,114.29,0.03,14.47,9.5,4.97,4.17,5.33,0.26,0.1,0.16,NP,NP,NP,NP,NP,NP,NP,NP,NP,NP,NP,NP,NA
NWT,ALBION INLET,1996,1996-11-19,1230,6.83,14.85,82.05,NP,NP,0.15,0.65,79.48,20.9,22.58,4.65,3.19,3.39,55.17,NP,16.26,128.4,143.8,-0.06,13.95,9.92,4.03,5.89,4.04,0.32,0.22,0.1,NP,NP,NP,NP,NP,NP,NP,NP,NP,NP,NP,NP,NA
NWT,ALBION INLET,1997,1997-03-26,1400,6.9,19.04,77.38,NP,NP,0.13,2.22,112.42,24.51,26.66,6.04,3.44,2.32,82.68,NP,26.76,171.98,165.82,0.02,NP,NP,NP,NP,4.54,NP,NP,NP,NP,NP,NP,NP,NP,NP,NP,NP,NP,NP,NP,NP,NA
NWT,ALBION INLET,1997,1997-05-29,1000,6.49,19.8,77.03,NP,NP,0.32,0.27,113.8,27.39,21.84,6.88,4.32,15.19,83.07,NP,37.27,170.5,179.61,-0.03,NP,NP,NP,NP,15.46,NP,NP,NP,NP,NP,NP,NP,NP,NP,NP,NP,NP,NP,NP,NP,NA
NWT,ALBION INLET,1997,1997-06-05,1505,6.46,18.1,62.28,NP,NP,0.35,0.27,105.61,27.06,23.36,7.98,5.3,17.63,67.98,NP,40.02,164.63,153.19,0.04,NP,NP,NP,NP,17.9,NP,NP,NP,NP,NP,NP,NP,NP,NP,NP,NP,NP,NP,NP,NP,NA
NWT,ALBION INLET,1997,1997-06-19,815,6.63,16.53,59.72,NP,NP,0.23,0.71,92.96,21.88,16.57,7.47,4.74,18.84,57.57,NP,31.09,139.84,140.86,0,NP,NP,NP,NP,19.55,NP,NP,NP,NP,NP,NP,NP,NP,NP,NP,NP,NP,NP,NP,NP,NA
NWT,ALBION INLET,1997,1997-06-26,805,6.61,14.26,50.7,NP,NP,0.25,0.5,77.7,18.43,15.01,6.75,4.26,17.55,48.05,NP,27.44,118.63,120.56,-0.01,NP,NP,NP,NP,18.05,NP,NP,NP,NP,NP,NP,NP,NP,NP,NP,NP,NP,NP,NP,NP,NA
NWT,ALBION INLET,1997,1997-07-03,1350,6.59,13.37,45.85,NP,NP,0.26,0.57,73.29,17.36,16.44,6.14,3.55,14.81,44.66,NP,21.44,114.05,108.87,0.02,NP,NP,NP,NP,15.38,NP,NP,NP,NP,NP,NP,NP,NP,NP,NP,NP,NP,NP,NP,NP,NA
NWT,ALBION INLET,1997,1997-07-10,1400,6.56,12.62,45.62,NP,NP,0.28,1.02,70.53,17.03,15.44,5.73,3.16,12,41.27,NP,17.12,110.02,102.04,0.04,NP,NP,NP,NP,13.02,NP,NP,NP,NP,NP,NP,NP,NP,NP,NP,NP,NP,NP,NP,NP,NA
NWT,ALBION INLET,1997,1997-07-17,745,6.8,12.5,46.29,NP,NP,0.16,0.62,69.28,16.37,15.27,5.47,3.13,10.21,42.04,NP,16.41,107.17,101.67,0.03,NP,NP,NP,NP,10.83,NP,NP,NP,NP,NP,NP,NP,NP,NP,NP,NP,NP,NP,NP,NP,NA
NWT,ALBION INLET,1997,1997-07-24,750,6.84,11.6,39.58,NP,NP,0.14,0.11,63.05,14.64,13.27,4.63,2.62,7.66,38.33,NP,13.27,95.85,88.19,0.04,NP,NP,NP,NP,7.77,NP,NP,NP,NP,NP,NP,NP,NP,NP,NP,NP,NP,NP,NP,NP,NA
NWT,ALBION INLET,1997,1997-07-31,745,6.6,11.18,46.82,NP,NP,0.25,0.14,60.87,14.15,13.53,4.35,2.48,5.85,37,NP,10.39,93.28,92.15,0.01,NP,NP,NP,NP,5.99,NP,NP,NP,NP,NP,NP,NP,NP,NP,NP,NP,NP,NP,NP,NP,NA
NWT,ALBION INLET,1997,1997-08-07,850,6.5,11.11,47.46,NP,NP,0.32,0.36,61,14.48,12.48,4.4,3.16,5.69,37.6,NP,10.37,93.04,93.91,0,NP,NP,NP,NP,6.05,NP,NP,NP,NP,NP,NP,NP,NP,NP,NP,NP,NP,NP,NP,NP,NA
NWT,ALBION INLET,1997,1997-08-14,1240,6.79,11.64,54.91,NP,NP,0.16,0.61,66.66,16.12,13.4,4.91,3.27,6.66,42.66,NP,13.78,101.86,107.5,-0.03,NP,NP,NP,NP,7.27,NP,NP,NP,NP,NP,NP,NP,NP,NP,NP,NP,NP,NP,NP,NP,NA
NWT,ALBION INLET,1997,1997-08-21,1250,6.55,12.53,53.92,NP,NP,0.28,0.65,65.81,15.96,16.92,4.76,3.27,6.82,46.6,NP,14.05,104.38,110.61,-0.03,NP,NP,NP,NP,7.47,NP,NP,NP,NP,NP,NP,NP,NP,NP,NP,NP,NP,NP,NP,NP,NA
NWT,ALBION INLET,1997,1997-08-28,855,7.04,12.54,55.16,NP,NP,0.09,0.66,67.41,16.21,15.7,5.06,2.82,5.69,44.43,NP,10.31,105.13,108.1,-0.01,NP,NP,NP,NP,6.35,NP,NP,NP,NP,NP,NP,NP,NP,NP,NP,NP,NP,NP,NP,NP,NA
NWT,ALBION INLET,1997,1997-09-04,745,6.97,12.54,53.33,NP,NP,0.11,0.91,68.26,17.28,14.48,4.48,2.23,4.47,47.09,NP,7.62,105.51,107.12,-0.01,NP,NP,NP,NP,5.38,NP,NP,NP,NP,NP,NP,NP,NP,NP,NP,NP,NP,NP,NP,NP,NA
NWT,ALBION INLET,1997,1997-09-11,1345,6.88,12.98,61.59,NP,NP,0.13,0.25,72.67,17.44,15.18,4.96,2.06,4.58,49.66,NP,8.1,110.63,117.88,-0.03,NP,NP,NP,NP,4.83,NP,NP,NP,NP,NP,NP,NP,NP,NP,NP,NP,NP,NP,NP,NP,NA
NWT,ALBION INLET,1997,1997-09-18,850,6.58,13.9,63.29,NP,NP,0.26,0.25,76.81,19.17,16.27,4.96,1.95,4.26,52.72,NP,9.49,117.72,122.21,-0.02,NP,NP,NP,NP,4.51,NP,NP,NP,NP,NP,NP,NP,NP,NP,NP,NP,NP,NP,NP,NP,NA
NWT,ALBION INLET,1997,1997-09-25,850,6.18,13.9,58.72,NP,NP,0.66,0.75,74.98,17.19,16.27,4.83,2,3.79,53.74,NP,10.67,114.69,118.25,-0.02,NP,NP,NP,NP,4.54,NP,NP,NP,NP,NP,NP,NP,NP,NP,NP,NP,NP,NP,NP,NP,NA
NWT,ALBION INLET,1997,1997-10-02,835,6.68,13.9,69.58,NP,NP,0.21,1.92,80.1,17.77,17.4,5.22,2.03,4.37,55.63,NP,12.36,122.61,131.61,-0.04,NP,NP,NP,NP,6.29,NP,NP,NP,NP,NP,NP,NP,NP,NP,NP,NP,NP,NP,NP,NP,NA
NWT,ALBION INLET,1997,1997-10-09,830,6.6,15.8,64.92,NP,NP,0.25,1.16,81.75,19,17.4,5.47,2.14,3.39,57.8,NP,12.65,125.03,128.25,-0.01,NP,NP,NP,NP,4.54,NP,NP,NP,NP,NP,NP,NP,NP,NP,NP,NP,NP,NP,NP,NP,NA
NWT,ALBION INLET,1997,1997-10-23,750,6.79,15.8,67.48,NP,NP,0.16,NP,85.13,19.5,18.14,5.34,2.45,3.14,63.69,NP,14.14,128.27,136.77,-0.03,NP,NP,NP,NP,3.14,NP,NP,NP,NP,NP,NP,NP,NP,NP,NP,NP,NP,NP,NP,NP,NA
NWT,ALBION INLET,1997,1997-11-06,1000,6.97,16.01,71.6,NP,NP,0.11,0,86.78,20.73,19.1,5.91,4.32,4.79,65.27,NP,14.87,132.62,145.98,-0.05,NP,NP,NP,NP,4.79,NP,NP,NP,NP,NP,NP,NP,NP,NP,NP,NP,NP,NP,NP,NP,NA
NWT,ALBION INLET,1998,1998-02-12,1145,6.77,20.4,71.28,NP,NP,0.17,0.76,112.42,26.74,22.92,6.37,3.5,5.16,85.22,NP,19.37,169.38,165.15,0.01,9.7,6.12,3.58,0.19,5.92,0.46,0.04,0.42,0.04,NP,NP,NP,NP,NP,NP,NP,NP,NP,NP,NP,NA
NWT,ALBION INLET,1998,1998-04-30,1310,7,22.2,80.88,NP,NP,0.1,0.73,131.47,30.19,26.06,7.11,3.64,7.31,99.17,NP,20.66,195.65,190.99,0.01,10.51,9.72,0.79,1.69,8.03,0.12,0.06,0.06,0.06,NP,NP,NP,NP,NP,NP,NP,NP,NP,NP,NP,NA
NWT,ALBION INLET,1998,1998-05-12,1105,6.78,22.6,78.84,NP,NP,0.17,0.56,133.07,31.26,27.14,7.26,3.5,7.89,100.25,NP,22.29,199.47,190.47,0.02,20.65,21.5,NP,13.05,8.45,0.22,0.15,0.07,0.15,NP,NP,NP,NP,NP,NP,NP,NP,NP,NP,NP,NA
NWT,ALBION INLET,1998,1998-05-21,940,6.7,22.1,80.7,NP,NP,0.2,0.75,130.67,31.59,27.88,7.6,4.63,11.56,98.02,NP,29.31,198.69,194.91,0.01,15.45,14.91,0.54,2.6,12.31,0.27,0.11,0.16,0.11,NP,NP,NP,NP,NP,NP,NP,NP,NP,NP,NP,NA
NWT,ALBION INLET,1998,1998-05-28,1505,6.64,21.1,79.11,NP,NP,0.23,0.79,121.54,29.53,28.75,9.13,6.57,15.6,84.36,NP,31.85,189.98,185.64,0.01,19.78,18.18,1.6,1.79,16.39,0.21,0.13,0.09,0.13,NP,NP,NP,NP,NP,NP,NP,NP,NP,3.36,NP,NA
NWT,ALBION INLET,1998,1998-06-04,825,6.82,20.6,81.6,NP,NP,0.15,0.73,123.55,29.37,28.75,8.18,4.91,13.19,89.05,NP,37.7,190.73,188.75,0.01,19.54,16.36,3.18,2.44,13.92,0.12,0.12,NP,0.12,NP,NP,NP,NP,NP,NP,NP,NP,NP,2.39,NP,NA
NWT,ALBION INLET,1998,1998-06-11,825,6.65,20.3,85.28,NP,NP,0.22,0.49,115.53,29.62,27.66,8.18,5.27,13.87,86.22,NP,38.43,181.71,190.64,-0.02,19.23,16.43,2.81,2.07,14.36,0.25,0.17,0.08,0.17,NP,-15.8,NP,NP,NP,NP,NP,NP,NP,1.97,NP,NA
NWT,ALBION INLET,1998,1998-06-18,830,6.56,19.05,75.28,NP,NP,0.28,NP,106.27,26.65,25.32,7.93,4.26,16.32,76.2,NP,37.52,166.45,172.06,-0.02,18.69,17.61,1.09,1.28,16.32,0.14,0.07,0.07,0.07,NP,NP,NP,NP,NP,NP,NP,NP,NP,1.61,NP,NA
NWT,ALBION INLET,1998,1998-06-25,810,6.62,16.8,67.78,NP,NP,0.24,NP,103.11,22.87,21.4,7.75,3.95,16.71,66.62,NP,34.92,155.37,155.06,0,18.81,17.18,1.63,0.47,16.71,0.3,0.2,0.1,0.2,NP,-16.2,NP,NP,NP,NP,NP,NP,NP,NP,NP,NA
NWT,ALBION INLET,1998,1998-07-02,1320,6.62,14.93,59.55,NP,NP,0.24,0.46,84.86,19.66,18.14,7.16,3.41,16.13,55.74,NP,31.24,130.52,134.83,-0.02,17.58,17.53,0.06,0.94,16.58,0.15,0.07,0.07,0.07,NP,NP,NP,NP,NP,NP,NP,NP,NP,1.13,NP,NA
NWT,ALBION INLET,1998,1998-07-09,1220,6.64,14.35,59.57,NP,NP,0.23,0.64,82.37,18.1,16.88,6.52,2.96,13.81,49.95,NP,27.38,124.74,126.28,-0.01,16.44,15.02,1.42,0.57,14.45,0.14,0.04,0.11,0.04,NP,NP,NP,NP,NP,NP,NP,NP,NP,1.05,NP,NA
NWT,ALBION INLET,1998,1998-07-16,1315,6.57,13.46,59.55,NP,NP,0.27,NP,80.1,18.34,16.88,5.98,2.82,12.03,48.24,NP,26.68,121.57,122.64,0,18.47,14.16,4.31,2.13,12.03,0.35,0.19,0.16,0.19,NP,NP,NP,NP,NP,NP,NP,NP,NP,0.82,NP,NA
NWT,ALBION INLET,1998,1998-07-23,750,6.63,12.54,53.7,NP,NP,0.23,NP,75.96,17.6,15.09,5.6,2.54,9.56,45.78,NP,23.48,114.49,111.59,0.01,14.05,12.62,1.43,3.06,9.56,0.38,0.25,0.14,0.25,NP,NP,NP,NP,NP,NP,NP,NP,NP,NP,NP,NA
NWT,ALBION INLET,1998,1998-07-30,845,6.64,12.22,58.12,NP,NP,0.23,0.93,76.81,17.11,15.44,5.22,2.23,7.74,44.43,NP,21.31,115.73,112.52,0.01,12.73,10.49,2.23,1.83,8.67,0.36,0.13,0.23,0.13,NP,NP,NP,NP,NP,NP,NP,NP,NP,NP,NP,NA
NWT,ALBION INLET,1998,1998-08-06,835,6.5,13.1,63.14,NP,NP,0.32,NP,78.27,17.69,15.7,5.22,2.06,7.19,47.18,NP,20.73,117.2,119.57,-0.01,12.14,10.39,1.76,3.19,7.19,0.27,0.11,0.16,0.11,NP,NP,NP,NP,NP,NP,NP,NP,NP,NP,NP,NA
NWT,ALBION INLET,1998,1998-08-13,835,6.73,13.16,65.56,NP,NP,0.19,0.86,79.08,18.51,16.14,4.99,2.06,6.03,48.14,NP,18.95,119.75,121.79,-0.01,10.37,7.84,2.53,0.95,6.89,0.1,NP,0.1,NP,NP,NP,NP,NP,NP,NP,NP,NP,NP,NP,NP,NA
NWT,ALBION INLET,1998,1998-08-20,900,6.63,13.52,64.41,NP,NP,0.23,1.01,80.95,18.51,17.36,5.47,1.95,4.74,48.47,NP,15.84,123.53,119.57,0.02,8.43,6.91,1.52,1.16,5.76,0.04,NP,0.04,NP,NP,NP,NP,NP,NP,NP,NP,NP,NP,NP,NP,NA
NWT,ALBION INLET,1998,1998-08-27,855,6.57,14.24,67.84,NP,NP,0.27,0.85,81.66,20.48,19.27,5.55,1.86,4.55,53.86,NP,12.34,128.08,128.11,0,8.72,8.75,NP,3.36,5.4,0.09,0.1,NP,0.1,NP,NP,NP,NP,NP,NP,NP,NP,NP,1.27,NP,NA
NWT,ALBION INLET,1998,1998-09-03,925,6.55,14.41,72.4,NP,NP,0.28,1.18,89.45,20.81,19.1,5.7,1.95,3.77,55.44,NP,11.89,136.52,133.56,0.01,6.45,6.53,NP,1.57,4.95,0.1,0.05,0.04,0.05,NP,NP,NP,NP,NP,NP,NP,NP,NP,NP,NP,NA
NWT,ALBION INLET,1998,1998-09-10,905,6.81,16,80.33,NP,NP,0.15,0.73,93.72,24.51,20.36,6.11,2.17,4.08,64.21,NP,11.86,145.59,150.79,-0.02,9.36,8.51,0.85,3.7,4.81,0.09,0.09,NP,0.09,NP,NP,NP,NP,NP,NP,NP,NP,NP,0.92,NP,NA
NWT,ALBION INLET,1998,1998-09-17,830,6.81,15.65,73.47,NP,NP,0.15,1.8,94.03,22.21,19.36,6.11,2.37,2.9,60.02,NP,12.68,143.67,138.77,0.02,9.8,9.51,0.29,4.81,4.7,0.11,0.03,0.08,0.03,NP,NP,NP,NP,NP,NP,NP,NP,NP,NP,NP,NA
NWT,ALBION INLET,1998,1998-09-24,840,6.53,15.31,74.89,NP,NP,0.3,NP,91.94,22.05,19.79,6.18,1.95,1.95,59.86,NP,12.8,140.25,138.65,0.01,7.92,6.08,1.84,4.13,1.95,0.16,0.09,0.07,0.09,NP,NP,NP,NP,NP,NP,NP,NP,NP,1.03,NP,NA
NWT,ALBION INLET,1998,1998-10-01,855,6.65,15.87,75.49,NP,NP,0.22,0.29,94.17,22.46,19.79,6.24,2.09,0.94,61.21,NP,11.87,143.17,139.72,0.01,9.08,6.91,2.17,5.69,1.22,0.56,0.44,0.12,0.44,NP,NP,NP,NP,NP,NP,NP,NP,NP,NP,NP,NA
NWT,ALBION INLET,1998,1998-10-08,815,6.63,16.25,75.3,NP,NP,0.23,2.11,94.17,22.13,20.62,6.24,3.24,0.98,60.98,NP,11.64,145.5,140.51,0.02,6.03,5.16,0.87,2.06,3.1,0.1,0.06,0.05,0.06,NP,NP,NP,NP,NP,NP,NP,NP,NP,NP,NP,NA
NWT,ALBION INLET,1998,1998-10-22,800,6.8,16.21,78.53,NP,NP,0.16,0.54,93.1,22.01,20.4,6.21,3.1,0.79,62.54,NP,10.13,142.41,144.97,-0.01,7.4,5.5,1.9,4.18,1.33,0.15,0.02,0.14,0.02,NP,NP,NP,NP,NP,NP,NP,NP,NP,1.17,NP,NA
NWT,ALBION INLET,1998,1998-10-29,910,6.55,16.03,79.72,NP,NP,0.28,0.56,93.68,22.13,20.44,6.21,2.12,0.76,64.15,NP,8.92,143.3,146.74,-0.01,7.17,4.68,2.48,3.37,1.31,0.15,0.04,0.11,0.04,NP,NP,NP,NP,NP,NP,NP,NP,NP,NP,NP,NA
NWT,ALBION INLET,1998,1998-11-26,950,6.67,16.62,82.35,NP,NP,0.21,1.07,96.75,22.38,21.71,7.19,4.54,1.31,64.4,NP,9.11,149.3,152.59,-0.01,8.6,7.62,0.97,5.25,2.38,0.09,0.07,0.02,0.07,NP,NP,NP,NP,NP,NP,NP,NP,NP,NP,NP,NA
NWT,ALBION INLET,1999,1999-03-25,1145,6.74,21.4,91.82,NP,NP,0.18,NP,129.42,27.81,25.84,7.26,2.91,1.94,98.08,NP,14.7,190.51,194.74,-0.01,6.88,6,0.88,4.07,1.94,0.24,0.05,0.19,0.05,NP,NP,NP,NP,NP,NP,NP,NP,NP,NP,NP,NA
NWT,ALBION INLET,1999,1999-05-20,900,6.8,23.1,103.86,NP,NP,0.16,1.94,132.49,32.82,27.75,7.49,3.19,5.29,101.48,NP,25.61,202.66,213.81,-0.03,10.98,9.68,1.3,2.45,7.23,0.14,NP,0.14,NP,NP,NP,NP,NP,NP,NP,NP,NP,NP,1.25,NP,NA
NWT,ALBION INLET,1999,1999-05-27,1040,6.76,23.6,97.64,NP,NP,0.17,NP,134.01,33.73,30.27,9.23,4.4,15.37,97.98,NP,33.97,207.42,215.39,-0.02,23.07,20.49,2.58,5.12,15.37,0.25,0.1,0.15,0.1,NP,NP,NP,NP,NP,NP,NP,NP,NP,1.39,NP,NA
NWT,ALBION INLET,1999,1999-06-03,845,6.79,22.8,95.58,NP,NP,0.16,1.31,134.01,34.22,29.8,9.23,5.13,15.22,95.9,NP,38.28,208.73,211.83,-0.01,21.65,22.31,NP,5.77,16.54,0.48,0.23,0.25,0.23,NP,NP,NP,NP,NP,NP,NP,NP,NP,1.84,NP,NA
NWT,ALBION INLET,1999,1999-06-10,840,6.38,23.3,90.1,NP,NP,0.42,NP,129.11,33.48,29.53,8.93,4.57,15.69,93.42,NP,39.69,201.47,203.78,-0.01,20.01,17.57,2.44,1.88,15.69,0.26,0.08,0.18,0.08,NP,NP,NP,NP,NP,NP,NP,NP,NP,1.64,NP,NA
NWT,ALBION INLET,1999,1999-06-17,840,6.5,22.3,63.1,NP,NP,0.32,0.54,118.03,30.68,25.88,8.72,4.91,42.27,81.72,NP,43.14,184.17,192,-0.02,48.22,43.1,5.12,0.29,42.81,0.72,0.11,0.6,0.11,NP,NP,NP,NP,NP,NP,NP,NP,NP,2.14,NP,NA
NWT,ALBION INLET,1999,1999-06-24,830,6.38,18.73,65.59,NP,NP,0.42,0.37,98.04,25.58,19.66,8.52,4.03,19.61,67.85,NP,35.33,152.59,157.09,-0.01,25.58,23.73,1.85,3.75,19.98,0.2,0.2,NP,0.2,NP,NP,NP,NP,NP,NP,NP,NP,NP,1.4,NP,NA
NWT,ALBION INLET,1999,1999-07-01,825,6.51,15.76,54.8,NP,NP,0.31,1.05,84.19,19.99,16.4,7.77,3.7,19.21,55.24,NP,30.66,129.72,132.94,-0.01,25.25,24.5,0.76,4.24,20.26,0.28,0.11,0.17,0.11,NP,NP,NP,NP,NP,NP,NP,NP,NP,1.66,NP,NA
NWT,ALBION INLET,1999,1999-07-08,800,6.31,14.24,39.73,NP,NP,0.49,0.44,77.83,18.26,15.7,6.8,3.22,17.48,50.61,NP,27.7,119.52,111.04,0.04,22.43,21.24,1.19,3.32,17.92,0.1,NP,0.1,NP,NP,NP,NP,NP,NP,NP,NP,NP,NP,1.87,NP,NA
NWT,ALBION INLET,1999,1999-07-15,840,6.62,14.37,49.18,NP,NP,0.24,1.06,79.52,18.43,16.79,6.04,3.02,14.98,50.3,NP,28.51,122.08,117.48,0.02,19.63,18.18,1.46,2.13,16.05,0.06,NP,0.06,NP,NP,NP,NP,NP,NP,NP,NP,NP,NP,1.37,NP,NA
NWT,ALBION INLET,1999,1999-07-22,835,6.61,13.18,52.89,NP,NP,0.25,NP,76.32,16.78,15.05,6.01,2.65,12.14,46.03,NP,25.25,114.4,113.72,0,15.94,13.61,2.33,1.46,12.14,0.12,0.11,0.01,0.11,NP,NP,NP,NP,NP,NP,NP,NP,NP,NP,NP,NA
NWT,ALBION INLET,1999,1999-07-29,810,6.61,12.98,56.66,NP,NP,0.25,NP,73.73,15.71,14.7,5.5,2.51,10.53,45.03,NP,23.52,109.89,114.74,-0.02,14.85,12.89,1.96,2.36,10.53,0.19,NP,0.19,NP,NP,NP,NP,NP,NP,NP,NP,NP,NP,1.35,NP,NA
NWT,ALBION INLET,1999,1999-08-05,820,6.45,13.24,56.83,NP,NP,0.35,1.35,74.62,16.29,15.66,5.32,2.2,9.47,46.07,NP,22,113.59,114.57,0,13.57,11.62,1.96,0.8,10.82,0.21,0.04,0.17,0.04,NP,NP,NP,NP,NP,NP,NP,NP,NP,NP,NP,NA
NWT,ALBION INLET,1999,1999-08-12,750,6.61,14.56,63.54,NP,NP,0.25,1.06,83.62,19.41,17.09,5.34,2.09,9.23,53.97,NP,22.77,126.77,128.82,-0.01,14.76,13.18,1.58,2.9,10.28,0.14,0.08,0.06,0.08,NP,NP,NP,NP,NP,NP,NP,NP,NP,NP,NP,NA
NWT,ALBION INLET,1999,1999-08-19,820,6.75,14.93,62.75,NP,NP,0.18,0.41,87.18,19.91,17.57,5.34,2.09,9.29,56.94,NP,22.56,130.59,131.07,0,13.48,12.31,1.17,2.61,9.7,0.14,NP,0.14,NP,NP,NP,NP,NP,NP,NP,NP,NP,NP,0.22,NP,NA
NWT,ALBION INLET,1999,1999-08-26,1250,6.48,14.83,68.07,NP,NP,0.33,0.4,85.57,19.99,17.05,5.52,2.17,8.34,57.59,NP,22.35,128.87,136.17,-0.03,11.52,11.56,NP,2.82,8.74,0.09,0.09,NP,0.09,NP,NP,NP,NP,NP,NP,NP,NP,NP,NP,NP,NA
NWT,ALBION INLET,1999,1999-09-02,1250,6.61,15.5,72.95,NP,NP,0.25,NP,88.11,20.4,18.27,5.52,2.28,8.53,58.9,NP,20.96,132.55,142.67,-0.04,12.92,12.29,0.64,3.76,8.53,0.17,0.11,0.06,0.11,NP,NP,NP,NP,NP,NP,NP,NP,NP,NP,NP,NA
NWT,ALBION INLET,1999,1999-09-07,1245,6.64,15.77,67.22,NP,NP,0.23,NP,89.76,21.06,17.83,5.42,2,7.87,59.88,0.43,20.18,134.3,137.4,-0.01,11.42,10.38,1.04,2.51,7.87,0.26,0.18,0.08,0.04,0.14,NP,NP,NP,NP,NP,NP,NP,NP,NP,NP,NA
NWT,ALBION INLET,1999,1999-09-14,800,6.72,15.82,65.92,NP,NP,0.19,0.61,89.76,20.98,18.31,5.42,2.03,7.06,62.4,NP,21.07,135.27,137.41,-0.01,12.04,8.75,3.29,1.08,7.67,0.16,0.16,NP,0.16,NP,NP,NP,NP,NP,NP,NP,NP,NP,0.76,NP,NA
NWT,ALBION INLET,1999,1999-09-21,1310,6.65,16.46,72.87,NP,NP,0.22,0.83,93.37,20.9,18.62,6.06,2.23,5.97,62.79,NP,20.69,139.99,143.86,-0.01,10.1,8.73,1.37,1.94,6.8,0.14,NP,0.14,NP,NP,NP,NP,NP,NP,NP,NP,NP,NP,NP,NP,NA
NWT,ALBION INLET,1999,1999-09-28,1210,6.67,16.95,75.35,NP,NP,0.21,NP,95.15,21.55,19.97,6.06,2.12,5.16,66.62,NP,20.68,142.94,149.25,-0.02,9.78,8.99,0.79,3.83,5.16,0.32,0.07,0.24,0.07,NP,NP,NP,NP,NP,NP,NP,NP,NP,NP,NP,NA
NWT,ALBION INLET,1999,1999-10-12,1140,6.46,17.14,69.2,NP,NP,0.35,0.58,95.55,20.9,19.7,5.68,2.28,5.29,65.48,NP,20.57,142.75,142.25,0,10.67,8.23,2.43,2.36,5.87,0.2,0.15,0.05,0.15,NP,NP,NP,NP,NP,NP,NP,NP,NP,NP,NP,NA
NWT,ALBION INLET,1999,1999-10-26,1020,6.75,17.48,74.36,NP,NP,0.18,0.69,97.64,21.06,20.18,6.06,2.68,4.11,69.58,NP,19.99,145.81,150.73,-0.02,9.58,7.19,2.39,2.38,4.81,0.16,NP,0.16,NP,NP,NP,NP,NP,NP,NP,NP,NP,NP,NP,NP,NA
NWT,ALBION INLET,1999,1999-11-09,1140,6.82,17.97,75.67,NP,NP,0.15,NP,101.2,22.54,21.44,6.34,2.4,3.95,72.47,NP,20.2,151.68,154.49,-0.01,11.39,7.05,4.34,3.1,3.95,0.34,NP,0.34,NP,NP,NP,NP,NP,NP,NP,NP,NP,NP,NP,NP,NA
NWT,ALBION INLET,1999,1999-11-23,1005,6.84,18.52,82.36,NP,NP,0.14,1.06,103.78,24.35,21.92,6.57,2.51,3.77,73.91,NP,19.64,157.83,162.56,-0.01,9.03,7.96,1.07,3.13,4.83,0.16,0.06,0.1,0.06,NP,NP,NP,NP,NP,NP,NP,NP,NP,NP,NP,NA
NWT,ALBION INLET,2000,2000-03-07,1115,6.51,21.2,90.2,NP,NP,0.31,0.31,126.31,27.03,25.01,6.91,2.68,5.14,98.73,NP,20.05,185.88,196.75,-0.03,NP,5.39,NP,NP,5.46,0.13,0.08,0.05,0.08,NP,NP,NP,NP,NP,NP,NP,NP,NP,NP,NP,NA
NWT,ALBION INLET,2000,2000-04-18,1145,6.68,22.3,77.84,NP,NP,0.21,0.56,128.44,26.24,25.01,6.11,3.07,2.55,103.5,NP,19.79,186.57,186.96,0,NP,3.08,NP,NP,3.11,0.14,0.11,0.03,0.11,NP,-14.44,NP,NP,NP,NP,NP,NP,NP,NP,NP,NA
NWT,ALBION INLET,2000,2000-04-27,1140,6.69,22.6,81.96,NP,NP,0.2,0.41,132.23,27.31,25.71,6.44,2.62,2.85,106.35,NP,19.67,192.3,193.79,0,NP,4.23,NP,0.97,3.26,0.14,NP,0.14,NP,NP,-14.42,NP,NP,NP,NP,NP,NP,NP,1.42,NP,NA
NWT,ALBION INLET,2000,2000-05-04,1050,6.68,23,77.92,NP,NP,0.21,0.36,131.25,29.88,26.75,6.55,3.41,5.6,105.27,NP,21.6,194.99,192.2,0.01,NP,11.92,NP,5.96,5.95,0.05,NP,0.05,NP,NP,NP,NP,NP,NP,NP,NP,NP,NP,2.16,NP,NA
NWT,ALBION INLET,2000,2000-05-11,950,6.66,22.5,87.86,NP,NP,0.22,0.56,132.52,29.89,26.75,7.01,3.41,5.61,100.19,NP,24.41,196.94,197.07,0,NP,NP,NP,NP,6.17,0.15,0.11,0.05,0.11,NP,-14.97,NP,NP,NP,NP,NP,NP,NP,1.43,NP,NA
NWT,ALBION INLET,2000,2000-05-18,945,6.67,22.1,83.46,NP,NP,0.21,0.34,132,29.8,26.23,6.91,3.19,4.71,99.89,NP,24.72,195.48,191.25,0.01,NP,6.52,NP,1.48,5.04,NP,NP,NP,NP,NP,-14.86,NP,NP,NP,NP,NP,NP,NP,1.33,NP,NA
NWT,ALBION INLET,2000,2000-05-25,825,6.68,21.3,79.39,NP,NP,0.21,1.06,122.08,29.47,25.92,7.31,5.02,14.21,87.19,NP,32.12,186.06,185.81,0,NP,17.48,NP,2.21,15.27,0.16,NP,0.16,NP,NP,-15.81,NP,NP,NP,NP,NP,NP,NP,1.73,NP,NA
NWT,ALBION INLET,2000,2000-06-01,810,6.57,20.5,73.64,NP,NP,0.27,0.56,121.5,29.77,24.88,6.73,4.06,11.87,88.3,NP,32.94,183.7,177.87,0.02,NP,13.45,NP,1.03,12.43,0.22,0.12,0.09,0.12,NP,-15.3,NP,NP,NP,NP,NP,NP,NP,1.93,NP,NA
NWT,ALBION INLET,2000,2000-06-08,750,6.63,19.17,65.3,NP,NP,0.23,0.93,110.86,25.33,22.75,6.85,3.58,10.66,80.47,NP,29.06,166.95,160.01,0.02,NP,13.66,NP,2.07,11.59,0.21,0.1,0.11,0.1,NP,-16.22,NP,NP,NP,NP,NP,NP,NP,1.52,NP,NA
NWT,ALBION INLET,2000,2000-06-15,900,6.56,17.85,61.89,NP,NP,0.28,0.36,104.45,23.04,19.18,6.73,3.55,13.1,72,NP,29.63,154.04,150.54,0.01,NP,16.94,NP,3.48,13.46,0.36,0.07,0.3,0.07,NP,-16.76,NP,NP,NP,NP,NP,NP,NP,1.39,NP,NA
NWT,ALBION INLET,2000,2000-06-22,820,6.47,16.79,62.91,NP,NP,0.34,0.36,100.49,22.78,19.57,6.6,3.47,11.79,67.85,NP,28.51,150.14,146.02,0.01,NP,16.1,NP,3.95,12.15,0.21,0.1,0.11,0.1,NP,-16.36,NP,NP,NP,NP,NP,NP,NP,1.45,NP,NA
NWT,ALBION INLET,2000,2000-06-29,800,6.62,16.25,66.12,NP,NP,0.24,0.6,93.85,20.91,18.83,6.85,3.3,11.06,64.42,NP,26.45,141.29,144.9,-0.01,NP,12.06,NP,0.39,11.66,0.17,NP,0.17,NP,NP,-16.92,NP,NP,NP,NP,NP,NP,NP,1.26,NP,NA
NWT,ALBION INLET,2000,2000-07-06,825,6.72,15.6,68.92,NP,NP,0.19,1.37,90.25,20.27,17.75,6.34,3.19,9.55,61.5,NP,23.43,136.17,143.16,-0.03,NP,10.7,NP,NP,10.92,0.12,0.1,0.01,0.1,NP,-16.82,NP,NP,NP,NP,NP,NP,NP,1.2,NP,NA
NWT,ALBION INLET,2000,2000-07-13,1000,6.52,15.53,69.3,NP,NP,0.3,0.5,88.74,20.22,17.96,6.19,2.93,8.45,60.19,NP,22.76,133.91,140.87,-0.03,NP,12.21,NP,3.26,8.95,0.11,0.05,0.05,0.05,NP,-16.96,NP,NP,NP,NP,NP,NP,NP,0.93,NP,NA
NWT,ALBION INLET,2000,2000-07-20,1345,6.57,14.94,69.75,NP,NP,0.27,1.12,86.06,19.27,16.62,5.86,3.22,7.4,57.03,NP,19.92,129.19,137.39,-0.03,NP,10.75,NP,2.22,8.52,0.18,0.19,NP,0.19,NP,NP,NP,NP,NP,NP,NP,NP,NP,NP,NP,NA
NWT,ALBION INLET,2000,2000-07-27,845,6.64,15.46,74.98,NP,NP,0.23,1.11,88.42,21.14,17.7,5.55,2.65,6.63,59.84,NP,18.66,134.16,144.1,-0.04,NP,NP,NP,NP,7.74,0.17,NP,0.17,NP,NP,-16.84,NP,NP,NP,NP,NP,NP,NP,NP,NP,NA
NWT,ALBION INLET,2000,2000-08-10,930,6.75,15.7,78.21,NP,NP,0.18,0.89,88.42,20.75,17.4,6.06,2.31,4.35,60.32,NP,13.61,133.7,145.19,-0.04,NP,8.67,NP,3.43,5.25,NP,NP,NP,NP,NP,-16.59,NP,NP,NP,NP,NP,NP,NP,0.93,NP,NA
NWT,ALBION INLET,2000,2000-08-24,830,6.66,17.16,76.78,NP,NP,0.22,0.56,95.06,23.78,19.1,5.63,2.26,4.21,61,NP,12.68,144.34,144.25,0,NP,9.01,NP,4.25,4.77,0.17,0.12,0.05,0.12,NP,-15.85,NP,NP,NP,NP,NP,NP,NP,1.03,NP,NA
NWT,ALBION INLET,2000,2000-09-07,1330,6.62,15.99,87.17,NP,NP,0.24,1.04,96.97,22.57,22.49,5.55,2.37,2.98,62.54,NP,10.88,148.86,155.07,-0.02,NP,5.63,NP,1.62,4.02,0.11,0.06,0.05,0.06,NP,NP,NP,NP,NP,NP,NP,NP,NP,NP,NP,NA
NWT,ALBION INLET,2000,2000-10-05,1255,6.71,17.82,84.11,NP,NP,0.19,1.94,105.87,24.65,22.05,5.7,2.74,1.81,73.35,NP,13.27,160.41,162,0,NP,4.37,NP,0.62,3.75,0.21,0.12,0.09,0.12,NP,-15.07,NP,NP,NP,NP,NP,NP,NP,NP,NP,NA
NWT,ALBION INLET,2000,2000-10-19,1025,6.74,19.04,87.17,NP,NP,0.18,0.96,110.73,25.88,22.01,6.04,2.85,1.21,77.55,NP,13.84,165.8,168.78,-0.01,NP,3.95,NP,1.78,2.17,0.21,NP,0.21,NP,NP,-14.85,NP,NP,NP,NP,NP,NP,NP,NP,NP,NA
NWT,ALBION INLET,2000,2000-10-26,1000,6.52,21.2,90.69,NP,NP,0.3,1.07,113.04,26.4,22.36,5.88,2.79,1.19,80.16,NP,14.51,169.05,174.83,-0.02,NP,2.66,NP,0.39,2.26,0.15,NP,0.15,NP,NP,-14.74,NP,NP,NP,NP,NP,NP,NP,1.43,NP,NA
NWT,ALBION INLET,2001,2001-04-24,1120,7.03,29.2,116.34,NP,NP,0.09,0.36,169.58,38.08,30.4,7.11,3.95,3.24,136.35,NP,27,245.62,259.88,-0.03,NP,7.09,NP,3.49,3.6,NP,NP,NP,NP,NP,-15.02,NP,NP,NP,NP,NP,NP,NP,NP,NP,NA
NWT,ALBION INLET,2001,2001-05-03,1210,6.98,31.5,128.97,NP,NP,0.1,0.77,181.73,45.45,33.38,7.72,4.09,4.35,145.22,NP,28.9,269.16,282.63,-0.02,NP,6.76,NP,1.64,5.13,0.15,NP,0.15,NP,NP,-14.88,NP,NP,NP,NP,NP,NP,NP,NP,NP,NA
NWT,ALBION INLET,2001,2001-05-17,1215,6.72,28.3,104.09,NP,NP,0.19,1.41,167.84,39.53,31.58,8.16,5.27,12.97,127.63,NP,34.82,248.7,249.96,0,NP,19.67,NP,5.3,14.37,0.33,0.24,0.08,0.24,NP,-15.28,NP,NP,NP,NP,NP,NP,NP,NP,NP,NA
NWT,ALBION INLET,2001,2001-05-24,840,6.71,27.3,95.36,NP,NP,0.19,0.66,160.18,39.27,32.71,7.88,4.57,9.13,124.98,NP,33.07,240.9,234.04,0.01,NP,14.29,NP,4.5,9.79,0.43,0.24,0.19,0.24,NP,-15.07,NP,NP,NP,NP,NP,NP,NP,NP,NP,NA
NWT,ALBION INLET,2001,2001-05-31,745,6.58,24.5,89.97,NP,NP,0.26,NP,141.49,35.13,28.97,7.75,4.43,11.21,115.65,NP,33.15,213.59,221.26,-0.02,NP,16.96,NP,5.75,11.21,0.22,0.15,0.07,0.15,NP,-15.03,NP,NP,NP,NP,NP,NP,NP,2.01,NP,NA
NWT,ALBION INLET,2001,2001-06-07,755,6.42,22.8,79.12,NP,NP,0.38,1.58,134.32,33.47,27.4,7.16,4.09,11.11,109.26,NP,32.18,204.32,203.59,0,NP,11.54,NP,NP,12.7,0.17,0.13,0.04,0.13,NP,-15.05,NP,NP,NP,NP,NP,NP,NP,1.63,NP,NA
NWT,ALBION INLET,2001,2001-06-14,1000,6.5,21.5,64.74,NP,NP,0.32,0.42,126.35,29.34,24.92,7.7,4.01,15.45,97.35,NP,30.92,189.05,181.55,0.02,NP,14.94,NP,NP,15.87,0.13,0.09,0.04,0.09,NP,-15.53,NP,NP,NP,NP,NP,NP,NP,2.71,NP,NA
NWT,ALBION INLET,2001,2001-06-21,1042,6.55,20.8,63.12,NP,NP,0.28,NP,122.34,27.74,22.53,7.49,3.95,12.71,93.34,NP,31.02,180.39,173.11,0.02,NP,NP,NP,NP,12.71,0.1,NP,0.1,NP,NP,NP,NP,NP,NP,NP,NP,NP,NP,1.41,NP,NA
NWT,ALBION INLET,2001,2001-06-28,1108,6.67,19.83,55.79,NP,NP,0.21,0.85,115.36,26.97,20.44,6.7,4.03,13.76,89.65,NP,29.68,170.54,163.23,0.02,NP,13.29,NP,NP,14.61,0.14,NP,0.14,NP,NP,NP,NP,NP,NP,NP,NP,NP,NP,2.23,NP,NA
NWT,ALBION INLET,2001,2001-07-05,1310,6.66,19.1,61.53,NP,NP,0.22,NP,111.84,24,18.7,6.65,3.7,12.84,84.42,NP,28.28,161.42,162.49,0,NP,NP,NP,NP,12.84,0.3,NP,0.3,NP,NP,NP,NP,NP,NP,NP,NP,NP,NP,NP,NP,NA
NWT,ALBION INLET,2001,2001-07-12,1336,6.67,18.05,52.92,NP,NP,0.21,0.93,104.54,23.49,17.79,5.91,3.27,11.92,81.99,NP,27.47,152.87,150.1,0.01,NP,15.72,NP,2.88,12.85,0.09,0.07,0.03,0.07,NP,NP,NP,NP,NP,NP,NP,NP,NP,1.66,NP,NA
NWT,ALBION INLET,2001,2001-07-19,1315,6.78,18.93,59.4,NP,NP,0.17,0.63,107.7,24.93,18.36,6.29,3.16,11.82,81.91,NP,28.58,158.07,156.29,0.01,NP,NP,NP,NP,12.45,0.07,0.06,0.01,0.06,NP,NP,NP,NP,NP,NP,NP,NP,NP,NP,NP,NA
NWT,ALBION INLET,2001,2001-07-26,940,6.7,18.28,62.57,NP,NP,0.2,NP,108.86,25.05,18.36,6.29,3.1,10.6,82.97,NP,28.18,158.75,159.24,0,NP,15.74,NP,5.14,10.6,0.16,0.07,0.1,0.07,NP,NP,NP,NP,NP,NP,NP,NP,NP,0.97,NP,NA
NWT,ALBION INLET,2001,2001-08-02,1445,6.72,19.09,67.27,NP,NP,0.19,NP,109.44,25.44,18.36,6.44,3.05,9.55,82.45,NP,30.28,159.87,162.31,-0.01,NP,15.16,NP,5.61,9.55,0.21,NP,0.21,NP,NP,NP,NP,NP,NP,NP,NP,NP,NP,NP,NP,NA
NWT,ALBION INLET,2001,2001-08-09,945,6.74,18.46,60.38,NP,NP,0.18,NP,108.99,26.47,18.96,5.91,2.96,8.43,82.7,NP,29.69,160.52,154.47,0.02,NP,10.4,NP,1.96,8.43,0.11,NP,0.11,NP,NP,NP,NP,NP,NP,NP,NP,NP,NP,1.18,NP,NA
NWT,ALBION INLET,2001,2001-08-16,1330,6.82,19.2,64.52,NP,NP,0.15,NP,110.01,26.38,19.4,6.62,2.96,8.42,85.2,NP,29.97,162.57,161.1,0,NP,13.05,NP,4.63,8.42,0.23,0.16,0.07,0.16,NP,NP,NP,NP,NP,NP,NP,NP,NP,NP,NP,NA
NWT,ALBION INLET,2001,2001-08-23,1225,6.74,19.5,70.09,NP,NP,0.18,0.42,115.31,27.86,20.44,6.5,2.62,9.26,90.48,NP,32.31,170.72,172.45,-0.01,NP,9.63,NP,NP,9.68,0.14,0.12,0.02,0.12,NP,NP,NP,NP,NP,NP,NP,NP,NP,NP,NP,NA
NWT,ALBION INLET,2001,2001-08-30,1345,6.69,20.2,71.99,NP,NP,0.2,0.73,119.67,27.99,21.79,7.01,2.93,9.19,90.82,NP,33.14,177.39,174.93,0.01,NP,12.44,NP,2.52,9.92,0.08,NP,0.08,NP,NP,NP,NP,NP,NP,NP,NP,NP,NP,1.26,NP,NA
NWT,ALBION INLET,2001,2001-09-06,1355,6.76,21.4,70.21,NP,NP,0.17,1.74,126.44,29.99,23.05,7.34,2.99,10.39,98.85,NP,34.69,188.74,182.44,0.02,NP,15.72,NP,3.59,12.13,0.24,0.11,0.13,0.11,NP,NP,NP,NP,NP,NP,NP,NP,NP,NP,NP,NA
NWT,ALBION INLET,2001,2001-09-13,1215,6.76,21.5,70.69,NP,NP,0.17,0.69,124.79,29.32,23.05,6.83,3.02,11.29,102.73,NP,35.04,184.86,187.72,-0.01,NP,16.33,NP,4.35,11.98,0.09,NP,0.09,NP,NP,NP,NP,NP,NP,NP,NP,NP,NP,NP,NP,NA
NWT,ALBION INLET,2001,2001-10-02,1240,6.75,22.8,73.55,NP,NP,0.18,NP,133.21,30.56,24.27,7.16,3.02,10.95,105.45,NP,36.85,195.38,192.97,0.01,NP,12.75,NP,1.8,10.95,0.16,0.12,0.04,0.12,NP,NP,NP,NP,NP,NP,NP,NP,NP,NP,NP,NA
NWT,ALBION INLET,2001,2001-10-09,1305,6.78,23,66.74,NP,NP,0.17,0.71,134.1,31.47,24.27,7.16,3.3,11.06,109.18,NP,36.45,197.87,190.28,0.02,NP,14.89,NP,3.12,11.77,0.23,0.16,0.06,0.16,NP,NP,NP,NP,NP,NP,NP,NP,NP,NP,NP,NA
NWT,ALBION INLET,2001,2001-10-16,830,6.91,23.4,66.54,NP,NP,0.12,0.44,138.15,32.15,24.58,7.16,3.05,11.52,115.32,NP,37.97,202.6,196.42,0.02,NP,13.22,NP,1.26,11.96,0.32,0.19,0.13,0.19,NP,NP,NP,NP,NP,NP,NP,NP,NP,NP,NP,NA
NWT,ALBION INLET,2001,2001-10-23,825,6.83,23.9,69.86,NP,NP,0.15,0.73,140.28,32.75,25.19,7.26,3.5,11.64,118.92,NP,39.4,206.36,203.93,0.01,NP,12.49,NP,0.12,12.37,0.16,0.11,0.05,0.11,NP,NP,NP,NP,NP,NP,NP,NP,NP,NP,NP,NA
NWT,ALBION INLET,2001,2001-11-08,925,6.87,24.7,66.08,NP,NP,0.13,0.9,143.98,33.12,26.1,7.42,3.22,10.39,123.65,NP,40.09,211.65,203.33,0.02,NP,14.09,NP,2.81,11.29,0.26,0.25,0.01,0.25,NP,NP,NP,NP,NP,NP,NP,NP,NP,NP,NP,NA
NWT,ALBION INLET,2001,2001-11-20,910,6.79,24.7,71.98,NP,NP,0.16,0.62,144.25,33.22,25.79,6.93,3.1,10.14,123.55,NP,40.24,210.97,208.77,0.01,NP,14.07,NP,3.3,10.77,0.22,NP,0.22,NP,NP,NP,NP,NP,NP,NP,NP,NP,NP,NP,NP,NA
NWT,ALBION INLET,2001,2001-12-04,1205,6.82,25.3,71.14,NP,NP,0.15,0.76,147.27,34.22,25.79,7.08,2.93,9.84,126.11,NP,40.23,215.29,210.02,0.01,NP,12.79,NP,2.19,10.6,0.2,NP,0.2,NP,NP,NP,NP,NP,NP,NP,NP,NP,NP,NP,NP,NA
NWT,ALBION INLET,2002,2002-05-06,830,6.67,28.5,83.05,NP,NP,0.21,NP,165.75,42.06,28.97,7.26,3.84,2.77,154.42,NP,41.54,244.26,244.08,0,NP,9.82,NP,7.04,2.77,0.59,0.1,0.49,0.1,NP,NP,NP,NP,NP,NP,NP,NP,1.25,1.21,0.04,NA
NWT,ALBION INLET,2002,2002-05-10,1230,6.74,28.5,88.03,NP,NP,0.18,0.57,163.88,42.01,30.75,7.06,4.01,2.31,154.62,NP,40.89,244.45,248.96,-0.01,NP,15.93,NP,13.05,2.88,0.35,0.07,0.28,0.07,NP,NP,NP,NP,NP,NP,NP,NP,1.27,1.17,0.1,NA
NWT,ALBION INLET,2002,2002-05-17,800,6.77,29.6,83.9,NP,NP,0.17,NP,165.57,42.59,31.97,7.06,4.94,2.06,155.39,NP,41.47,247.36,246.29,0,NP,6.64,NP,4.57,2.06,0.25,NP,0.25,NP,NP,NP,NP,NP,NP,NP,NP,NP,1.73,1.47,0.25,NA
NWT,ALBION INLET,2002,2002-05-23,745,6.8,30,88.68,NP,NP,0.16,0.51,168.6,43.27,32.84,8.29,4.91,2,156.34,NP,41.27,253.66,251.92,0,NP,7.2,NP,4.69,2.51,0.25,0.08,0.17,0.08,NP,NP,NP,NP,NP,NP,NP,NP,1.78,1.57,0.21,NA
NWT,ALBION INLET,2002,2002-05-30,800,6.58,30.3,83.27,NP,NP,0.26,0.47,164.1,43.86,37.06,10.1,6.18,11.93,152.86,NP,47.06,255.86,254.24,0,27.6,19.79,7.81,7.38,12.41,0.32,NP,0.32,NP,NP,NP,NP,NP,NP,NP,NP,NP,2.27,2.12,0.15,NA
NWT,ALBION INLET,2002,2002-06-06,1345,6.5,30.4,82.7,NP,NP,0.32,0.4,170.27,43.31,35.67,8.7,5.78,7.29,153.53,NP,46.25,258.66,249.3,0.02,17.83,13.33,4.5,5.64,7.69,0.37,0.07,0.3,0.07,NP,NP,NP,NP,NP,NP,NP,NP,1.76,1.6,0.16,NA
NWT,ALBION INLET,2002,2002-06-13,1450,6.7,30.35,82.84,NP,NP,0.2,0.26,173.54,43.22,35.49,9.18,4.63,3.64,155.69,NP,45.09,261.9,246.8,0.03,19.8,9.81,9.99,5.9,3.91,0.22,NP,0.22,NP,NP,NP,NP,NP,NP,NP,NP,NP,1.99,1.52,0.46,NA
NWT,ALBION INLET,2002,2002-06-20,1345,6.65,30.4,85.12,NP,NP,0.22,NP,177.01,44.53,34.93,8.47,4.46,3.6,157.34,NP,44.23,265.16,250.51,0.03,18.2,7.9,10.3,4.31,3.6,0.36,0.06,0.3,0.06,NP,NP,NP,NP,NP,NP,NP,NP,1.45,1.25,0.2,NA
NWT,ALBION INLET,2002,2002-06-27,1425,6.81,30.5,87.86,NP,NP,0.15,NP,179.55,44.08,33.15,8.75,4.68,4.1,153.96,NP,42.48,265.67,250.6,0.03,14.29,8.66,5.63,4.56,4.1,0.3,0.08,0.22,0.08,NP,NP,NP,NP,NP,NP,NP,NP,1.56,1.46,0.1,NA
NWT,ALBION INLET,2002,2002-07-04,1300,6.74,29.1,82.31,NP,NP,0.18,0.46,177.46,42.98,31.97,9.05,4.37,6.23,150.59,NP,41.92,262.11,243.5,0.04,15.53,11.45,4.08,4.76,6.69,0.23,0.13,0.1,0.13,NP,NP,NP,NP,NP,NP,NP,NP,1.44,1.36,0.08,NA
NWT,ALBION INLET,2002,2002-07-11,1330,6.69,30.2,87.76,NP,NP,0.2,0.81,177.9,44.37,32.8,9.49,4.74,8.45,147.26,NP,42.84,265.58,248.21,0.03,18.48,15.08,3.4,5.81,9.26,0.15,0.06,0.09,0.06,NP,NP,NP,NP,NP,NP,NP,NP,1.41,1.37,0.04,NA
NWT,ALBION INLET,2002,2002-07-18,1335,6.59,28.9,81.71,NP,NP,0.26,0.82,169.62,43.84,30.27,8.9,4.54,9.89,145.8,NP,40.91,253.71,241.94,0.02,15.46,15.38,0.08,4.68,10.71,0.25,0.1,0.15,0.1,NP,NP,NP,NP,NP,NP,NP,NP,1.13,1.14,NP,NA
NWT,ALBION INLET,2002,2002-07-25,1250,6.74,26.6,77.95,NP,NP,0.18,1.01,161.03,36.15,27.62,8.31,4.46,10.63,131.96,NP,36.82,234.3,224.99,0.02,16.86,15.37,1.49,3.73,11.64,0.11,0.08,0.03,0.08,NP,NP,NP,NP,NP,NP,NP,NP,1.14,1.08,0.07,NA
NWT,ALBION INLET,2002,2002-08-01,1300,6.73,26.8,83.31,NP,NP,0.19,1,158.8,36.31,27.93,8.54,4.29,10.66,131.58,NP,31.86,232.77,229.84,0.01,20.77,15.39,5.38,3.73,11.66,0.17,0.09,0.08,0.09,NP,NP,NP,NP,NP,NP,NP,NP,1.12,1.1,0.01,NA
NWT,ALBION INLET,2002,2002-08-08,1320,6.82,27.2,86.18,NP,NP,0.15,0.55,159.38,36.8,28.53,9.05,4.48,10.21,131.48,NP,28.21,234.47,232.35,0,16.39,14.64,1.76,3.88,10.76,0.27,0.08,0.18,0.08,NP,NP,NP,NP,NP,NP,NP,NP,1.25,1.14,0.11,NA
NWT,ALBION INLET,2002,2002-08-15,1335,6.72,26.6,84.75,NP,NP,0.19,1.66,157.38,36.78,28.01,8.62,4.17,8.56,131.46,NP,24.01,232.64,228.95,0.01,17.26,14.39,2.88,4.16,10.23,0.2,NP,0.2,NP,NP,NP,NP,NP,NP,NP,NP,NP,1.3,1.24,0.06,NA
NWT,ALBION INLET,2002,2002-08-29,1240,6.71,27.4,92.67,NP,NP,0.19,0.86,164.23,38.92,29.01,9.05,4.2,7.93,130.83,NP,28.18,242.28,235.64,0.01,16.01,12.39,3.62,3.59,8.8,NP,NP,NP,NP,NP,NP,NP,NP,NP,NP,NP,NP,1.42,1.37,0.05,NA
NWT,ALBION INLET,2002,2002-09-05,1400,6.67,26.6,84.1,NP,NP,0.21,0.79,158.22,36.81,28.36,8.62,4.26,5.87,129.38,NP,26.91,233.02,223.6,0.02,13.04,9.64,3.4,2.98,6.66,NP,NP,NP,NP,NP,NP,NP,NP,NP,NP,NP,NP,1.57,1.41,0.16,NA
NWT,ALBION INLET,2002,2002-09-12,1300,6.69,27.2,83.47,NP,NP,0.2,0.76,157.56,37.59,29.53,8.31,4.43,7.63,133.73,NP,31.11,233.96,229.25,0.01,13.85,12.09,1.76,3.7,8.39,NP,NP,NP,NP,NP,NP,NP,NP,NP,NP,NP,NP,1.43,1.34,0.09,NA
NWT,ALBION INLET,2002,2002-09-25,1155,6.79,27.5,75.95,NP,NP,0.16,NP,156.93,36.89,28.36,8.16,4.4,7.69,134.16,NP,31.97,230.5,222.2,0.02,15.29,10.72,4.56,3.03,7.69,NP,NP,NP,NP,NP,NP,NP,NP,NP,NP,NP,NP,1.64,1.52,0.12,NA
NWT,ALBION INLET,2002,2002-10-21,1140,6.77,28.7,87.89,NP,NP,0.17,1.16,163.83,38.17,28.84,8.62,4.2,7.16,138.77,NP,34.07,240.8,238.02,0.01,15.23,10.87,4.36,2.55,8.32,0.13,0.13,NP,0.13,NP,NP,NP,NP,NP,NP,NP,NP,1.81,1.61,0.19,NA
NWT,ALBION INLET,2002,2002-11-05,1120,6.76,29.9,92.36,NP,NP,0.17,3.1,166.1,38.94,29.53,9.05,4.74,8.01,140.83,NP,35.07,246.9,245.94,0,21.91,14.31,7.6,3.2,11.11,0.24,0.16,0.08,0.16,NP,NP,NP,NP,NP,NP,NP,NP,1.4,1.64,NP,NA
NWT,ALBION INLET,2003,2003-05-27,1310,6.8,24.8,78.16,NP,NP,0.16,0.41,139.48,36.26,29.49,13.04,5.11,22.34,104.22,NP,46.24,218.85,209.83,0.02,31.19,24.34,6.85,1.59,22.75,0.27,NP,0.27,NP,NP,-15.9,NP,NP,NP,NP,NP,NP,2.41,2.24,0.17,NA
NWT,ALBION INLET,2003,2003-06-05,1425,6.45,21.8,64.48,NP,NP,0.35,0.71,128.62,29.98,21.88,10,4.6,25.05,92.54,NP,38.71,191.55,186.67,0.01,31.8,24.97,6.83,NP,25.76,0.27,0.14,0.13,0.14,NP,-16.47,NP,NP,NP,NP,NP,NP,1.63,1.64,NP,NA
NWT,ALBION INLET,2003,2003-06-12,1400,6.45,23.4,70.15,NP,NP,0.35,0.54,138.33,33.14,23.88,9.62,4.68,23.26,101.27,NP,40.48,205.85,199.36,0.02,24.5,22.52,1.97,NP,23.79,0.32,0.06,0.26,0.06,NP,-16.31,NP,NP,NP,NP,NP,NP,1.53,1.56,NP,NA
NWT,ALBION INLET,2003,2003-06-19,1335,6.53,20.5,66.3,NP,NP,0.3,0.64,122.92,28.72,21.84,9.21,4.12,23.42,87.49,NP,35.47,183.62,181.32,0.01,26.68,24.22,2.46,0.16,24.05,0.3,0.08,0.22,0.08,NP,-16.63,NP,NP,NP,NP,NP,NP,1.5,1.48,0.02,NA
NWT,ALBION INLET,2003,2003-06-26,1415,6.45,20.25,56.35,NP,NP,0.35,0.46,117.36,27.55,21.79,8.62,3.98,22.03,83.03,NP,33.28,176.14,165.39,0.03,23.4,21.18,2.22,NP,22.49,0.16,NP,0.16,NP,NP,-16.6,NP,NP,NP,NP,NP,NP,1.37,1.32,0.05,NA
NWT,ALBION INLET,2003,2003-07-03,1355,6.51,19,61.46,NP,NP,0.31,0.54,113.4,26.22,20.05,7.95,3.5,19.01,81.66,NP,29.56,168.47,165.63,0.01,21.97,21.85,0.11,2.3,19.56,0.23,NP,0.23,NP,NP,-16.66,NP,NP,NP,NP,NP,NP,1.28,1.23,0.04,NA
NWT,ALBION INLET,2003,2003-07-10,1345,6.71,18.6,65.22,NP,NP,0.19,NP,111.44,25.81,19.66,7.29,3.22,16.84,80.05,NP,27.09,164.4,165.33,0,18.44,18.89,NP,2.05,16.84,0.16,NP,0.16,NP,NP,-16.49,NP,NP,NP,NP,NP,NP,1.16,1.06,0.1,NA
NWT,ALBION INLET,2003,2003-07-15,1340,6.54,18.96,70.26,NP,NP,0.29,0.94,110.95,26.27,19.31,7.01,2.96,14.5,79.64,NP,26.32,164.77,167.36,-0.01,19.81,15.9,3.91,0.46,15.44,0.19,NP,0.19,NP,NP,-16.52,NP,NP,NP,NP,NP,NP,1.1,1,0.09,NA
NWT,ALBION INLET,2003,2003-07-17,1250,6.4,17.95,65.26,NP,NP,0.4,1.11,108.46,25.98,19.05,6.6,3.1,13.89,80.24,NP,25.23,161.6,162.49,0,19.72,15.89,3.82,0.89,15,0.15,0.1,0.04,0.1,NP,-16.48,NP,NP,NP,NP,NP,NP,1.06,0.97,0.1,NA
NWT,ALBION INLET,2003,2003-07-24,1400,6.76,17.63,65.36,NP,NP,0.17,0.59,106.14,24.76,18.49,6.34,2.59,12.21,76.93,NP,25.26,156.49,157.09,0,19.88,14.88,5,2.08,12.79,NP,NP,NP,NP,NP,-16.56,NP,NP,NP,NP,NP,NP,1.08,0.96,0.11,NA
NWT,ALBION INLET,2003,2003-07-31,1100,6.48,18.66,65.69,NP,NP,0.33,1.75,107.17,26.1,22.97,6.32,2.43,11.6,79.26,NP,25.42,164.63,158.97,0.02,19.29,17.27,2.02,3.93,13.35,0.08,0.08,NP,0.08,NP,-16.4,NP,NP,NP,NP,NP,NP,0.94,0.82,0.12,NA
NWT,ALBION INLET,2003,2003-08-07,1345,6.62,19.15,71.15,NP,NP,0.24,1.57,116.51,29.67,20.88,7.01,2.43,11.39,89.9,NP,25.75,175.88,174.86,0,17.49,16.51,0.98,3.55,12.96,0.16,NP,0.16,NP,NP,-16.18,NP,NP,NP,NP,NP,NP,0.92,0.86,0.07,NA
NWT,ALBION INLET,2003,2003-08-14,DNS,6.51,19.5,72.65,NP,NP,0.31,1.26,115.62,29.26,20.9,6.01,2.2,10.24,89.01,NP,24.39,173.36,174.1,0,16.9,14.23,2.67,2.73,11.5,0.09,0.05,0.04,0.05,NP,-16.17,NP,NP,NP,NP,NP,NP,1.1,1.02,0.08,NA
NWT,ALBION INLET,2003,2003-08-21,1310,6.54,19.81,67.1,NP,NP,0.29,1.32,114.78,27.71,21.05,6.42,2.09,8.73,86.57,NP,22.77,171.56,164.48,0.02,13.15,12.48,0.67,2.43,10.05,NP,NP,NP,NP,NP,-16.11,NP,NP,NP,NP,NP,NP,0.93,0.92,0.01,NA
NWT,ALBION INLET,2003,2003-08-28,1130,6.68,18.63,74.88,NP,NP,0.21,1.36,115.76,29.31,21.79,6.62,2.03,8.31,86.88,NP,22.98,175.05,172.1,0.01,12.13,10.79,1.34,1.13,9.66,0.07,0.04,0.03,0.04,NP,-15.78,NP,NP,NP,NP,NP,NP,1.03,1.05,NP,NA
NWT,ALBION INLET,2003,2003-09-04,1205,6.74,20.6,76.03,NP,NP,0.18,1.44,116.74,29.37,21.57,5.98,2.06,7.95,90.94,NP,24.33,175.29,176.98,0,12.87,10.97,1.9,1.58,9.39,0.13,0.09,0.04,0.09,NP,-15.74,NP,NP,NP,NP,NP,NP,0.91,0.87,0.05,NA
NWT,ALBION INLET,2003,2003-09-11,1145,6.47,19.65,74.27,NP,NP,0.34,0.43,120.96,30.21,22.01,6.14,2.12,8.56,98.31,NP,25.12,180.09,183.26,-0.01,13.59,10.99,2.6,1.99,8.99,0.14,0.06,0.08,0.06,NP,-15.56,NP,NP,NP,NP,NP,NP,0.88,0.88,NP,NA
NWT,ALBION INLET,2003,2003-09-18,1145,6.39,20.5,76.44,NP,NP,0.41,0.6,128.35,30.01,23.23,6.78,2.45,9.87,97.5,NP,25.5,189.38,186.26,0.01,15.1,12.48,2.63,2.01,10.47,0.14,NP,0.14,NP,NP,-15.35,NP,NP,NP,NP,NP,NP,1.05,1.01,0.04,NA
NWT,ALBION INLET,2003,2003-09-25,1315,6.95,21.6,74.31,NP,NP,0.11,1.16,131.65,30.57,23.71,6.65,2.54,10.42,104.62,NP,25.61,193.85,191.89,0.01,14.8,15.36,NP,3.78,11.58,0.12,0.12,NP,0.12,NP,-15.02,NP,NP,NP,NP,NP,NP,1.04,0.94,0.1,NA
NWT,ALBION INLET,2003,2003-10-02,1315,6.57,21.5,79.27,NP,NP,0.27,1.74,131.2,31.15,24.36,6.85,2.54,9.26,104.56,NP,24.15,195.57,195.62,0,15.25,13.29,1.97,2.29,11,0.2,0.08,0.12,0.08,NP,-15.05,NP,NP,NP,NP,NP,NP,1,1.03,NP,NA
NWT,ALBION INLET,2003,2003-10-09,1335,6.71,22.5,82.27,NP,NP,0.19,1.39,135.52,32.02,24.49,6.96,2.45,8.76,106.39,NP,22.85,200.57,199.87,0,14.77,12.49,2.28,2.34,10.15,0.07,0.05,0.03,0.05,NP,-14.99,NP,NP,NP,NP,NP,NP,1.1,0.94,0.16,NA
NWT,ALBION INLET,2003,2003-10-23,1305,6.79,23.8,83.41,NP,NP,0.16,1.6,138.77,33.09,25.84,7.31,3.78,9.29,114.05,NP,22.43,206.77,210.53,-0.01,16.41,12.85,3.57,1.96,10.89,0.23,0.04,0.2,0.04,NP,-14.56,NP,NP,NP,NP,NP,NP,1.19,1.06,0.13,NA
NWT,ALBION INLET,2003,2003-10-30,1200,6.49,23.5,73.07,NP,NP,0.32,1.53,142.29,34.05,25.71,7.49,2.91,9.11,118.67,NP,22.3,211.39,203.76,0.02,18.56,18.85,NP,NP,10.64,0.14,NP,0.14,NP,NP,-14.47,NP,NP,NP,NP,NP,NP,1.36,1.22,0.14,NA
NWT,ALBION INLET,2004,2004-04-08,1100,6.56,33.9,109.72,NP,NP,0.28,1.8,203.99,45.76,33.67,9.23,4.34,8.14,173.01,NP,24.08,294.72,295.22,0,14.73,13.81,0.92,3.86,9.95,0.75,0.2,0.55,0.2,NP,-14.57,NP,NP,NP,NP,NP,NP,1.09,1.14,NP,NA
NWT,ALBION INLET,2004,2004-05-11,1100,6.56,33.4,95.24,NP,NP,0.28,0.5,203.19,48.85,36.23,9.79,4.99,17.13,171.89,NP,37.28,298.84,289.25,0.02,23.02,19.88,3.14,2.26,17.62,0.3,0.17,0.13,0.17,NP,-14.75,NP,NP,NP,NP,NP,NP,1.39,1.4,NP,NA
NWT,ALBION INLET,2004,2004-05-20,1340,6.55,31,97.37,NP,NP,0.28,1.1,184.73,46.15,35.93,11.59,5.92,29.21,145.47,NP,40.54,279.78,277.97,0,37.34,36.32,1.02,6.01,30.31,0.15,0.05,0.09,0.05,NP,-14.86,NP,NP,NP,NP,NP,NP,1.95,1.97,NP,NA
NWT,ALBION INLET,2004,2004-05-27,1245,6.29,29.5,91.25,NP,NP,0.51,0.78,176.6,44.23,34.23,9.44,5.3,19.79,146.11,NP,39.24,265.78,262.46,0.01,26.72,23.18,3.54,2.61,20.57,0.21,0.09,0.12,0.09,NP,-14.99,NP,NP,NP,NP,NP,NP,1.66,1.53,0.13,NA
NWT,ALBION INLET,2004,2004-06-03,805,6.49,29.6,87.56,NP,NP,0.32,0.72,180.69,42.96,34.23,9.31,5.53,18.97,146.88,NP,41.46,268.23,258.94,0.02,26.68,24.21,2.47,4.53,19.68,0.23,0.08,0.14,0.08,NP,-14.95,NP,NP,NP,NP,NP,NP,NP,1.94,NP,NA
NWT,ALBION INLET,2004,2004-06-10,1400,6.51,28.8,92.4,NP,NP,0.31,0.82,171.46,43.11,33.93,9.13,5.56,22.08,137.95,NP,39.67,258.76,257.99,0,32.17,27.07,5.1,4.17,22.9,0.16,0.07,0.09,NP,NP,-15.03,NP,NP,NP,NP,NP,NP,NP,1.89,NP,NA
NWT,ALBION INLET,2004,2004-06-17,810,6.65,26.5,79.77,NP,NP,0.22,0.56,159.68,37.87,27.84,8.95,4.54,20.61,129.29,NP,31.74,235.13,234.21,0,25.83,24.36,1.46,3.19,21.18,0.3,0.12,0.18,0.12,NP,-14.97,NP,NP,NP,NP,NP,NP,NP,1.82,NP,NA
NWT,ALBION INLET,2004,2004-06-24,815,6.6,25.2,74.65,NP,NP,0.25,0.75,148.6,33.84,26.01,9.21,4.82,22.8,114.74,NP,28.94,218.67,217.02,0,30.16,28.01,2.15,4.45,23.56,0.26,0.12,0.14,0.12,NP,-15.21,NP,NP,NP,NP,NP,NP,NP,1.51,NP,NA
NWT,ALBION INLET,2004,2004-07-08,1420,6.6,24.5,64.01,NP,NP,0.25,0.96,145.51,33.15,25.58,9,4.09,20.47,113.28,NP,24.11,214.45,201.85,0.03,26.91,24.03,2.88,2.61,21.42,0.22,0.1,0.11,0.1,NP,-14.94,NP,NP,NP,NP,NP,NP,NP,0.65,NP,NA
NWT,ALBION INLET,2004,2004-07-15,1300,6.58,23.2,75.02,NP,NP,0.26,0.7,139.42,32.34,24.66,8.23,3.92,17.92,109.7,NP,22.19,205.62,206.56,0,28.45,22.38,6.06,3.76,18.62,0.25,0.1,0.15,0.1,NP,-14.85,NP,NP,NP,NP,NP,NP,NP,0.72,NP,NA
NWT,ALBION INLET,2004,2004-07-29,1440,6.4,24.4,75.88,NP,NP,0.4,NP,142.91,33.71,25.05,8.31,3.53,17.01,110.51,NP,20.72,210.39,206.93,0.01,22.43,21.57,0.86,4.56,17.01,0.21,0.18,0.03,0.18,NP,-14.68,NP,NP,NP,NP,NP,NP,NP,0.69,NP,NA
NWT,ALBION INLET,2004,2004-08-12,1435,6.21,24.4,84.81,NP,NP,0.62,0.64,148.8,35.88,26.1,8.03,3.38,14.05,114.47,NP,16.51,220.07,216.71,0.01,19.81,16.24,3.57,1.55,14.69,0.22,NP,0.22,NP,NP,-14.59,NP,NP,NP,NP,NP,NP,NP,0.8,NP,NA
NWT,ALBION INLET,2004,2004-08-26,1405,6.49,24.7,72.64,NP,NP,0.32,0.88,150.15,36.02,26.45,7.77,3.86,13.24,118.4,NP,15.58,221.59,208.15,0.03,17.45,17.92,NP,3.8,14.12,0.19,0.04,0.15,0.04,NP,-14.39,NP,NP,NP,NP,NP,NP,NP,0.79,NP,NA
NWT,ALBION INLET,2004,2004-09-09,1355,6.63,24.4,82.39,NP,NP,0.23,0.71,149.7,36.38,27.23,7.65,3.3,11.63,121.71,NP,14.98,221.89,219.03,0.01,16.78,17.15,NP,4.81,12.33,0.14,0.08,0.06,0.08,NP,-14.2,NP,NP,NP,NP,NP,NP,NP,0.74,NP,NA
NWT,ALBION INLET,2004,2004-09-23,1030,6.36,24.4,83.5,NP,NP,0.44,NP,154.14,37.17,27.19,8,3.36,12.03,125.25,NP,14.87,226.94,224.14,0.01,17.64,15.71,1.93,3.68,12.03,0.12,0.05,0.07,0.05,NP,-13.99,NP,NP,NP,NP,NP,NP,NP,0.86,NP,NA
NWT,ALBION INLET,2004,2004-10-07,1345,6.75,24.1,74.43,NP,NP,0.18,NP,154.94,37.12,27.88,7.72,3.44,12.98,126.86,NP,18.24,227.84,217.71,0.02,18.9,16.14,2.76,3.16,12.98,0.09,NP,0.09,NP,NP,-13.87,NP,NP,NP,NP,NP,NP,NP,0.78,NP,NA
NWT,ALBION INLET,2004,2004-10-21,1140,6.82,25.5,78.1,NP,NP,0.15,NP,160.93,38.29,28.88,7.95,4.4,14.55,128.85,NP,21.95,236.2,225.9,0.02,16.78,17.41,NP,2.86,14.55,0.13,0.1,0.03,0.1,NP,-13.99,NP,NP,NP,NP,NP,NP,NP,NP,NP,NA
NWT,ALBION INLET,2004,2004-11-11,1120,6.83,26.5,80.55,NP,NP,0.15,NP,171.96,39.71,29.97,8.34,4.67,15.07,136.75,NP,25.13,250.12,237.04,0.03,18.34,15.54,2.8,0.47,15.07,0.16,NP,0.16,NP,NP,-13.81,NP,NP,NP,NP,NP,NP,NP,1.32,NP,NA