LTER_site,local_site,year,date,time,pH,cond,ANC,acid,alkal,H+,NH4+,Ca++,Mg++,Na+,K+,Cl-,NO3-,SO4--,PO4---,Si,cat_sum,an_sum,chg_bal,TN,TDN,PN,DON,IN,TP,TDP,PP,DOP,IP,d18O,d18O_sdev,dDeut,dD_sdev,D_excess,Trit,T_sdev,TOC,DOC,POC,comments
NWT,SPILLWAY,1984,1984-05-31,DNS,NP,18.2,133.91,NP,NP,NP,NP,185.63,23.03,21.75,11.76,4.231,NP,63.709,NP,19.968,NP,NP,NP,NP,NP,NP,NP,NP,NP,NP,NP,NP,NP,NP,NP,NP,NP,NP,NP,NP,NP,NP,NP,NA
NWT,SPILLWAY,1984,1984-06-07,DNS,NP,18.8,140.79,NP,NP,NP,NP,181.14,23.03,22.18,13.04,4.514,NP,53.299,NP,31.117,NP,NP,NP,NP,NP,NP,NP,NP,NP,NP,NP,NP,NP,NP,NP,NP,NP,NP,NP,NP,NP,NP,NP,NA
NWT,SPILLWAY,1984,1984-06-14,DNS,NP,16.2,125.88,NP,NP,NP,NP,164.17,22.21,22.18,11.51,5.36,NP,59.545,NP,23.296,NP,NP,NP,NP,NP,NP,NP,NP,NP,NP,NP,NP,NP,NP,NP,NP,NP,NP,NP,NP,NP,NP,NP,NA
NWT,SPILLWAY,1984,1984-06-21,DNS,6.26,19.3,124.89,NP,NP,0.55,NP,172.16,22.21,24.79,12.53,5.642,NP,57.88,NP,32.282,NP,NP,NP,NP,NP,NP,NP,NP,NP,NP,NP,NP,NP,NP,NP,NP,NP,NP,NP,NP,NP,NP,NP,NA
NWT,SPILLWAY,1984,1984-06-28,DNS,NP,18.4,113.91,NP,NP,NP,NP,189.62,21.39,25.23,11.76,5.078,NP,55.381,NP,24.461,NP,NP,NP,NP,NP,NP,NP,NP,NP,NP,NP,NP,NP,NP,NP,NP,NP,NP,NP,NP,NP,NP,NP,NA
NWT,SPILLWAY,1984,1984-07-12,DNS,7.81,15.8,123.91,NP,NP,0.02,NP,165.17,18.1,20.88,11.76,5.36,NP,50.593,NP,22.298,NP,NP,NP,NP,NP,NP,NP,NP,NP,NP,NP,NP,NP,NP,NP,NP,NP,NP,NP,NP,NP,NP,NP,NA
NWT,SPILLWAY,1984,1984-07-26,DNS,NP,15.3,98.83,NP,NP,NP,NP,128.24,16.45,19.14,6.14,4.514,NP,46.429,NP,18.47,NP,NP,NP,NP,NP,NP,NP,NP,NP,NP,NP,NP,NP,NP,NP,NP,NP,NP,NP,NP,NP,NP,NP,NA
NWT,SPILLWAY,1984,1984-08-09,DNS,8.27,13.8,102.93,NP,NP,0.01,NP,123.75,15.63,18.7,5.63,11.566,NP,42.265,NP,17.306,NP,NP,NP,NP,NP,NP,NP,NP,NP,NP,NP,NP,NP,NP,NP,NP,NP,NP,NP,NP,NP,NP,NP,NA
NWT,SPILLWAY,1984,1984-08-23,DNS,7.4,14.28,110.8,NP,NP,0.04,NP,79.84,14.81,20.88,6.39,3.667,NP,27.482,NP,15.642,NP,NP,NP,NP,NP,NP,NP,NP,NP,NP,NP,NP,NP,NP,NP,NP,NP,NP,NP,NP,NP,NP,NP,NA
NWT,SPILLWAY,1984,1984-09-14,DNS,7.99,14.1,111.94,NP,NP,0.01,NP,80.34,17.27,18.7,5.11,3.385,NP,43.93,NP,38.272,NP,NP,NP,NP,NP,NP,NP,NP,NP,NP,NP,NP,NP,NP,NP,NP,NP,NP,NP,NP,NP,NP,NP,NA
NWT,SPILLWAY,1984,1984-10-05,DNS,NP,14.75,93.91,NP,NP,NP,NP,85.33,17.27,19.14,5.37,1.693,NP,32.896,NP,11.648,NP,NP,NP,NP,NP,NP,NP,NP,NP,NP,NP,NP,NP,NP,NP,NP,NP,NP,NP,NP,NP,NP,NP,NA
NWT,SPILLWAY,1984,1984-10-31,DNS,NP,15.6,105.88,NP,NP,NP,NP,88.82,22.21,20.01,5.63,1.693,NP,34.978,NP,26.458,NP,NP,NP,NP,NP,NP,NP,NP,NP,NP,NP,NP,NP,NP,NP,NP,NP,NP,NP,NP,NP,NP,NP,NA
NWT,SPILLWAY,1985,1985-05-30,DNS,6.48,16.2,131.94,NP,NP,0.33,NP,111.28,18.92,22.62,6.39,5.36,6.40841,67.04,NP,41.6,NP,NP,NP,NP,NP,NP,NP,NP,NP,NP,NP,NP,NP,NP,NP,NP,NP,NP,NP,NP,NP,NP,NP,NA
NWT,SPILLWAY,1985,1985-06-06,DNS,6.67,17.2,129.48,NP,NP,0.21,NP,108.28,19.74,23.93,7.42,4.796,2.16359,66.208,NP,11.149,NP,NP,NP,NP,NP,NP,NP,NP,NP,NP,NP,NP,NP,NP,NP,NP,NP,NP,NP,NP,NP,NP,NP,NA
NWT,SPILLWAY,1985,1985-06-13,DNS,6.52,20.1,128.83,NP,NP,0.3,NP,98.3,20.57,20.88,6.14,4.231,3.34351,64.126,NP,15.309,NP,NP,NP,NP,NP,NP,NP,NP,NP,NP,NP,NP,NP,NP,NP,NP,NP,NP,NP,NP,NP,NP,NP,NA
NWT,SPILLWAY,1985,1985-06-20,DNS,6.46,17.5,125.88,NP,NP,0.35,NP,109.28,19.74,20.88,6.14,3.949,3.34351,66.624,NP,6.49,NP,NP,NP,NP,NP,NP,NP,NP,NP,NP,NP,NP,NP,NP,NP,NP,NP,NP,NP,NP,NP,NP,NP,NA
NWT,SPILLWAY,1985,1985-06-27,DNS,6.22,17.2,105.88,NP,NP,0.6,NP,87.82,18.92,19.57,5.88,3.949,5.5726,67.665,NP,10.65,NP,NP,NP,NP,NP,NP,NP,NP,NP,NP,NP,NP,NP,NP,NP,NP,NP,NP,NP,NP,NP,NP,NP,NA
NWT,SPILLWAY,1985,1985-07-02,DNS,6.24,17.7,108.83,NP,NP,0.58,NP,107.78,18.92,20.88,6.14,3.667,4.11381,68.29,NP,7.654,NP,NP,NP,NP,NP,NP,NP,NP,NP,NP,NP,NP,NP,NP,NP,NP,NP,NP,NP,NP,NP,NP,NP,NA
NWT,SPILLWAY,1985,1985-07-04,DNS,6.22,17.9,98.83,NP,NP,0.6,NP,93.81,18.92,19.14,7.16,3.667,3.34351,65.791,NP,12.314,NP,NP,NP,NP,NP,NP,NP,NP,NP,NP,NP,NP,NP,NP,NP,NP,NP,NP,NP,NP,NP,NP,NP,NA
NWT,SPILLWAY,1985,1985-07-08,DNS,6.62,16.6,122.93,NP,NP,0.24,NP,92.31,18.1,19.14,5.37,4.514,3.67131,67.457,NP,11.315,NP,NP,NP,NP,NP,NP,NP,NP,NP,NP,NP,NP,NP,NP,NP,NP,NP,NP,NP,NP,NP,NP,NP,NA
NWT,SPILLWAY,1985,1985-07-11,DNS,6.41,16.1,106.53,NP,NP,0.39,NP,88.82,18.1,16.96,6.14,3.949,4.2614,67.873,NP,26.957,NP,NP,NP,NP,NP,NP,NP,NP,NP,NP,NP,NP,NP,NP,NP,NP,NP,NP,NP,NP,NP,NP,NP,NA
NWT,SPILLWAY,1985,1985-07-16,DNS,6.12,16.1,91.95,NP,NP,0.76,NP,87.82,18.1,16.53,5.63,3.949,3.9828,61.211,NP,12.979,NP,NP,NP,NP,NP,NP,NP,NP,NP,NP,NP,NP,NP,NP,NP,NP,NP,NP,NP,NP,NP,NP,NP,NA
NWT,SPILLWAY,1985,1985-07-18,DNS,6.35,16.1,103.91,NP,NP,0.45,NP,86.33,16.45,17.4,6.65,3.949,3.01571,64.334,NP,13.978,NP,NP,NP,NP,NP,NP,NP,NP,NP,NP,NP,NP,NP,NP,NP,NP,NP,NP,NP,NP,NP,NP,NP,NA
NWT,SPILLWAY,1985,1985-07-22,DNS,6.24,15.6,106.86,NP,NP,0.58,NP,91.32,17.27,16.09,5.88,4.231,4.57289,68.081,NP,0.998,NP,NP,NP,NP,NP,NP,NP,NP,NP,NP,NP,NP,NP,NP,NP,NP,NP,NP,NP,NP,NP,NP,NP,NA
NWT,SPILLWAY,1985,1985-07-25,DNS,6.33,15.5,110.96,NP,NP,0.47,NP,85.83,17.27,17.83,6.9,5.078,4.81861,63.501,NP,0,NP,NP,NP,NP,NP,NP,NP,NP,NP,NP,NP,NP,NP,NP,NP,NP,NP,NP,NP,NP,NP,NP,NP,NA
NWT,SPILLWAY,1985,1985-07-29,DNS,6.51,15.7,103.91,NP,NP,0.31,NP,91.82,17.27,17.83,6.14,5.078,4.917,64.126,NP,25.126,NP,NP,NP,NP,NP,NP,NP,NP,NP,NP,NP,NP,NP,NP,NP,NP,NP,NP,NP,NP,NP,NP,NP,NA
NWT,SPILLWAY,1985,1985-08-01,DNS,6.5,15.3,95.88,NP,NP,0.32,NP,88.82,17.27,18.27,5.88,6.206,3.7205,54.34,NP,16.141,NP,NP,NP,NP,NP,NP,NP,NP,NP,NP,NP,NP,NP,NP,NP,NP,NP,NP,NP,NP,NP,NP,NP,NA
NWT,SPILLWAY,1985,1985-08-08,DNS,6.48,15.2,105.88,NP,NP,0.33,NP,90.32,16.45,18.7,6.9,5.924,4.13039,54.34,NP,17.472,NP,NP,NP,NP,NP,NP,NP,NP,NP,NP,NP,NP,NP,NP,NP,NP,NP,NP,NP,NP,NP,NP,NP,NA
NWT,SPILLWAY,1985,1985-08-15,DNS,6.86,15.2,105.88,NP,NP,0.14,NP,85.83,17.27,17.4,4.35,3.667,2.65529,56.214,NP,9.651,NP,NP,NP,NP,NP,NP,NP,NP,NP,NP,NP,NP,NP,NP,NP,NP,NP,NP,NP,NP,NP,NP,NP,NA
NWT,SPILLWAY,1985,1985-08-22,DNS,6.46,15.2,102.93,NP,NP,0.35,NP,88.32,18.1,17.83,5.63,0.564,2.1307,55.798,NP,5.99,NP,NP,NP,NP,NP,NP,NP,NP,NP,NP,NP,NP,NP,NP,NP,NP,NP,NP,NP,NP,NP,NP,NP,NA
NWT,SPILLWAY,1985,1985-08-29,DNS,6.62,15.9,111.94,NP,NP,0.24,NP,90.82,16.45,19.57,7.16,1.128,1.95049,54.965,NP,9.818,NP,NP,NP,NP,NP,NP,NP,NP,NP,NP,NP,NP,NP,NP,NP,NP,NP,NP,NP,NP,NP,NP,NP,NA
NWT,SPILLWAY,1985,1985-09-05,DNS,6.2,15.6,105.88,NP,NP,0.63,NP,89.82,17.27,17.4,6.14,2.257,0.3278,54.548,NP,9.818,NP,NP,NP,NP,NP,NP,NP,NP,NP,NP,NP,NP,NP,NP,NP,NP,NP,NP,NP,NP,NP,NP,NP,NA
NWT,SPILLWAY,1985,1985-09-12,DNS,6.35,15.7,109.81,NP,NP,0.45,NP,89.32,18.1,17.83,5.11,2.539,0.426193,56.63,NP,0,NP,NP,NP,NP,NP,NP,NP,NP,NP,NP,NP,NP,NP,NP,NP,NP,NP,NP,NP,NP,NP,NP,NP,NA
NWT,SPILLWAY,1985,1985-09-19,DNS,6.76,16.6,113.91,NP,NP,0.17,NP,89.82,18.1,18.27,5.63,1.269,0,62.46,NP,4.826,NP,NP,NP,NP,NP,NP,NP,NP,NP,NP,NP,NP,NP,NP,NP,NP,NP,NP,NP,NP,NP,NP,NP,NA
NWT,SPILLWAY,1985,1985-09-26,DNS,6.5,16,99.82,NP,NP,0.32,NP,86.83,18.92,18.7,6.65,1.975,0.8195,55.798,NP,0,NP,NP,NP,NP,NP,NP,NP,NP,NP,NP,NP,NP,NP,NP,NP,NP,NP,NP,NP,NP,NP,NP,NP,NA
NWT,SPILLWAY,1985,1985-10-03,DNS,6.41,15.4,128.17,NP,NP,0.39,NP,88.32,17.27,18.7,5.63,4.231,2.39299,59.545,NP,2.662,NP,NP,NP,NP,NP,NP,NP,NP,NP,NP,NP,NP,NP,NP,NP,NP,NP,NP,NP,NP,NP,NP,NP,NA
NWT,SPILLWAY,1985,1985-10-17,DNS,6.38,15.2,95.88,NP,NP,0.42,NP,85.33,18.92,17.4,7.67,3.949,2.6716,93.274,NP,1.83,NP,NP,NP,NP,NP,NP,NP,NP,NP,NP,NP,NP,NP,NP,NP,NP,NP,NP,NP,NP,NP,NP,NP,NA
NWT,SPILLWAY,1985,1985-10-31,DNS,6.4,16.8,94.9,NP,NP,0.4,NP,87.82,18.92,19.57,6.65,3.667,2.6224,64.334,NP,3.494,NP,NP,NP,NP,NP,NP,NP,NP,NP,NP,NP,NP,NP,NP,NP,NP,NP,NP,NP,NP,NP,NP,NP,NA
NWT,SPILLWAY,1986,1986-01-14,DNS,6.64,22.4,126.86,NP,NP,0.23,NP,145.71,27.15,27.84,8.69,4.514,5.14641,86.819,NP,8.32,NP,NP,NP,NP,NP,NP,NP,NP,NP,NP,NP,NP,NP,NP,NP,NP,NP,NP,NP,NP,NP,NP,NP,NA
NWT,SPILLWAY,1986,1986-06-05,DNS,6.36,21,125.88,NP,NP,0.44,NP,142.71,26.32,30.88,8.69,4.231,15.2427,73.703,NP,9.485,NP,NP,NP,NP,NP,NP,NP,NP,NP,NP,NP,NP,NP,NP,NP,NP,NP,NP,NP,NP,NP,NP,NP,NA
NWT,SPILLWAY,1986,1986-06-12,DNS,6.28,20.5,135.87,NP,NP,0.52,NP,146.71,24.68,28.28,8.95,4.231,8.16211,94.731,NP,11.315,NP,NP,NP,NP,NP,NP,NP,NP,NP,NP,NP,NP,NP,NP,NP,NP,NP,NP,NP,NP,NP,NP,NP,NA
NWT,SPILLWAY,1986,1986-06-19,DNS,6.41,19.3,126.86,NP,NP,0.39,NP,148.7,23.86,23.49,9.46,4.231,13.9478,72.662,NP,12.314,NP,NP,NP,NP,NP,NP,NP,NP,NP,NP,NP,NP,NP,NP,NP,NP,NP,NP,NP,NP,NP,NP,NP,NA
NWT,SPILLWAY,1986,1986-06-26,DNS,6.58,17.9,123.91,NP,NP,0.26,NP,95.81,23.03,24.36,6.9,3.667,12.3417,64.334,NP,12.646,NP,NP,NP,NP,NP,NP,NP,NP,NP,NP,NP,NP,NP,NP,NP,NP,NP,NP,NP,NP,NP,NP,NP,NA
NWT,SPILLWAY,1986,1986-07-03,DNS,6.24,17.9,124.73,NP,NP,0.58,NP,145.71,21.39,27.84,9.46,3.667,11.7353,60.586,NP,25.293,NP,NP,NP,NP,NP,NP,NP,NP,NP,NP,NP,NP,NP,NP,NP,NP,NP,NP,NP,NP,NP,NP,NP,NA
NWT,SPILLWAY,1986,1986-07-10,DNS,6.22,16.2,97.85,NP,NP,0.6,NP,83.83,18.92,16.96,10.48,3.385,11.473,53.924,NP,16.973,NP,NP,NP,NP,NP,NP,NP,NP,NP,NP,NP,NP,NP,NP,NP,NP,NP,NP,NP,NP,NP,NP,NP,NA
NWT,SPILLWAY,1986,1986-07-17,DNS,6.45,14.8,97.85,NP,NP,0.35,NP,170.16,17.27,18.7,26.59,1.693,10.3094,49.76,NP,24.794,NP,NP,NP,NP,NP,NP,NP,NP,NP,NP,NP,NP,NP,NP,NP,NP,NP,NP,NP,NP,NP,NP,NP,NA
NWT,SPILLWAY,1986,1986-07-24,DNS,6.32,14.1,75.89,NP,NP,0.48,NP,120.76,16.45,21.32,15.85,3.385,9.21129,46.637,NP,12.314,NP,NP,NP,NP,NP,NP,NP,NP,NP,NP,NP,NP,NP,NP,NP,NP,NP,NP,NP,NP,NP,NP,NP,NA
NWT,SPILLWAY,1986,1986-07-31,DNS,6.19,14.2,87.85,NP,NP,0.65,NP,97.8,18.92,38.72,27.87,2.539,6.24451,44.971,NP,10.982,NP,NP,NP,NP,NP,NP,NP,NP,NP,NP,NP,NP,NP,NP,NP,NP,NP,NP,NP,NP,NP,NP,NP,NA
NWT,SPILLWAY,1986,1986-08-07,DNS,6.26,15.2,99.98,NP,NP,0.55,NP,92.81,16.45,18.27,8.18,1.693,5.53971,44.347,NP,9.318,NP,NP,NP,NP,NP,NP,NP,NP,NP,NP,NP,NP,NP,NP,NP,NP,NP,NP,NP,NP,NP,NP,NP,NA
NWT,SPILLWAY,1986,1986-08-14,DNS,6.89,14.8,105.88,NP,NP,0.13,NP,108.28,18.1,19.14,8.69,1.975,4.3761,44.971,NP,16.973,NP,NP,NP,NP,NP,NP,NP,NP,NP,NP,NP,NP,NP,NP,NP,NP,NP,NP,NP,NP,NP,NP,NP,NA
NWT,SPILLWAY,1986,1986-08-21,DNS,7.26,14.6,93.91,NP,NP,0.05,NP,101.8,17.27,14.36,7.67,2.257,2.9502,44.763,NP,0,NP,NP,NP,NP,NP,NP,NP,NP,NP,NP,NP,NP,NP,NP,NP,NP,NP,NP,NP,NP,NP,NP,NP,NA
NWT,SPILLWAY,1986,1986-08-28,DNS,7.12,13.6,81.95,NP,NP,0.08,NP,105.29,17.27,16.53,7.67,2.257,1.67189,44.971,NP,3.328,NP,NP,NP,NP,NP,NP,NP,NP,NP,NP,NP,NP,NP,NP,NP,NP,NP,NP,NP,NP,NP,NP,NP,NA
NWT,SPILLWAY,1986,1986-09-04,DNS,7.14,13.1,105.88,NP,NP,0.07,NP,96.81,17.27,15.22,6.65,2.257,1.27831,44.763,NP,3.994,NP,NP,NP,NP,NP,NP,NP,NP,NP,NP,NP,NP,NP,NP,NP,NP,NP,NP,NP,NP,NP,NP,NP,NA
NWT,SPILLWAY,1986,1986-09-11,DNS,6.85,14.2,99.98,NP,NP,0.14,NP,130.74,19.74,15.22,7.93,2.257,0.3278,46.22,NP,3.994,NP,NP,NP,NP,NP,NP,NP,NP,NP,NP,NP,NP,NP,NP,NP,NP,NP,NP,NP,NP,NP,NP,NP,NA
NWT,SPILLWAY,1986,1986-09-18,DNS,6.8,13.3,93.91,NP,NP,0.16,NP,142.22,18.1,15.66,8.18,1.975,0,44.347,NP,0,NP,NP,NP,NP,NP,NP,NP,NP,NP,NP,NP,NP,NP,NP,NP,NP,NP,NP,NP,NP,NP,NP,NP,NA
NWT,SPILLWAY,1986,1986-09-25,DNS,6.93,13.5,89.98,NP,NP,0.12,NP,136.73,18.1,19.14,6.39,4.231,0,46.429,NP,2.995,NP,NP,NP,NP,NP,NP,NP,NP,NP,NP,NP,NP,NP,NP,NP,NP,NP,NP,NP,NP,NP,NP,NP,NA
NWT,SPILLWAY,1986,1986-10-02,DNS,6.95,13.1,97.85,NP,NP,0.11,NP,87.33,19.74,17.4,4.86,1.975,0,45.804,NP,6.157,NP,NP,NP,NP,NP,NP,NP,NP,NP,NP,NP,NP,NP,NP,NP,NP,NP,NP,NP,NP,NP,NP,NP,NA
NWT,SPILLWAY,1986,1986-10-16,DNS,6.76,13.1,91.95,NP,NP,0.17,NP,140.22,18.92,18.7,6.65,3.385,0,47.053,NP,1.997,NP,NP,NP,NP,NP,NP,NP,NP,NP,NP,NP,NP,NP,NP,NP,NP,NP,NP,NP,NP,NP,NP,NP,NA
NWT,SPILLWAY,1986,1986-10-30,DNS,6.88,14,97.85,NP,NP,0.13,NP,108.28,20.57,23.93,11,5.642,0,49.135,NP,14.477,NP,NP,NP,NP,NP,NP,NP,NP,NP,NP,NP,NP,NP,NP,NP,NP,NP,NP,NP,NP,NP,NP,NP,NA
NWT,SPILLWAY,1987,1987-01-08,DNS,6.6,16.5,119.97,NP,NP,0.25,NP,139.72,23.03,24.36,7.16,2.539,1.08179,61.419,NP,6.656,NP,NP,NP,NP,NP,NP,NP,NP,NP,NP,NP,NP,NP,NP,NP,NP,NP,NP,NP,NP,NP,NP,NP,NA
NWT,SPILLWAY,1987,1987-05-07,DNS,6.71,16.9,124.89,NP,NP,0.19,NP,120.76,21.39,32.19,6.39,2.539,0,49.968,NP,15.642,NP,NP,NP,NP,NP,NP,NP,NP,NP,NP,NP,NP,NP,NP,NP,NP,NP,NP,NP,NP,NP,NP,NP,NA
NWT,SPILLWAY,1987,1987-05-14,DNS,6.98,16.5,135.71,NP,NP,0.1,NP,118.76,21.39,22.62,6.39,2.539,0,49.135,NP,20.467,NP,NP,NP,NP,NP,NP,NP,NP,NP,NP,NP,NP,NP,NP,NP,NP,NP,NP,NP,NP,NP,NP,NP,NA
NWT,SPILLWAY,1987,1987-05-21,DNS,6.8,17.9,121.94,NP,NP,0.16,NP,113.27,20.57,20.88,6.39,2.821,0,49.968,NP,3.494,NP,NP,NP,NP,NP,NP,NP,NP,NP,NP,NP,NP,NP,NP,NP,NP,NP,NP,NP,NP,NP,NP,NP,NA
NWT,SPILLWAY,1987,1987-05-28,DNS,6.99,16.3,121.94,NP,NP,0.1,NP,114.77,20.57,21.32,7.67,2.257,0,51.842,NP,8.32,NP,NP,NP,NP,NP,NP,NP,NP,NP,NP,NP,NP,NP,NP,NP,NP,NP,NP,NP,NP,NP,NP,NP,NA
NWT,SPILLWAY,1987,1987-06-04,DNS,6.9,16.9,123.91,NP,NP,0.13,NP,126.25,20.57,23.05,6.14,3.103,0,52.883,NP,15.309,NP,NP,NP,NP,NP,NP,NP,NP,NP,NP,NP,NP,NP,NP,NP,NP,NP,NP,NP,NP,NP,NP,NP,NA
NWT,SPILLWAY,1987,1987-06-11,DNS,6.87,16.5,111.94,NP,NP,0.13,NP,122.26,23.86,23.93,8.18,2.821,0,53.299,NP,11.482,NP,NP,NP,NP,NP,NP,NP,NP,NP,NP,NP,NP,NP,NP,NP,NP,NP,NP,NP,NP,NP,NP,NP,NA
NWT,SPILLWAY,1987,1987-06-18,DNS,7.04,15,119.65,NP,NP,0.09,NP,108.28,21.39,18.27,5.63,3.949,0.426193,56.214,NP,34.944,NP,NP,NP,NP,NP,NP,NP,NP,NP,NP,NP,NP,NP,NP,NP,NP,NP,NP,NP,NP,NP,NP,NP,NA
NWT,SPILLWAY,1987,1987-06-25,DNS,6.67,16.6,144.23,NP,NP,0.21,NP,108.28,20.57,20.88,5.37,2.539,0.63929,54.132,NP,36.608,NP,NP,NP,NP,NP,NP,NP,NP,NP,NP,NP,NP,NP,NP,NP,NP,NP,NP,NP,NP,NP,NP,NP,NA
NWT,SPILLWAY,1987,1987-07-09,DNS,6.5,15.6,124.56,NP,NP,0.32,NP,113.27,21.39,21.32,6.9,2.257,1.18019,52.466,NP,47.424,NP,NP,NP,NP,NP,NP,NP,NP,NP,NP,NP,NP,NP,NP,NP,NP,NP,NP,NP,NP,NP,NP,NP,NA
NWT,SPILLWAY,1987,1987-07-23,DNS,6.57,17.3,119.65,NP,NP,0.27,NP,118.26,20.57,19.57,6.9,3.103,1.9176,51.425,NP,23.296,NP,NP,NP,NP,NP,NP,NP,NP,NP,NP,NP,NP,NP,NP,NP,NP,NP,NP,NP,NP,NP,NP,NP,NA
NWT,SPILLWAY,1987,1987-08-06,DNS,6.73,12.6,126.2,NP,NP,0.19,NP,110.78,19.74,20.45,6.14,2.257,3.8844,49.968,NP,4.326,NP,NP,NP,NP,NP,NP,NP,NP,NP,NP,NP,NP,NP,NP,NP,NP,NP,NP,NP,NP,NP,NP,NP,NA
NWT,SPILLWAY,1987,1987-08-20,DNS,6.56,12.4,98.34,NP,NP,0.28,NP,109.78,19.74,19.14,6.14,2.257,1.81921,52.883,NP,23.462,NP,NP,NP,NP,NP,NP,NP,NP,NP,NP,NP,NP,NP,NP,NP,NP,NP,NP,NP,NP,NP,NP,NP,NA
NWT,SPILLWAY,1987,1987-10-01,DNS,6.77,17.8,136.04,NP,NP,0.17,NP,132.23,23.03,24.36,6.39,2.821,1.639,56.63,NP,24.96,NP,NP,NP,NP,NP,NP,NP,NP,NP,NP,NP,NP,NP,NP,NP,NP,NP,NP,NP,NP,NP,NP,NP,NA
NWT,SPILLWAY,1988,1988-06-16,DNS,5.91,15.9,78.51,NP,NP,1.23,NP,122.75,19.74,25.23,6.14,2.595,0.786613,66.312,NP,12.913,NP,NP,NP,NP,NP,NP,NP,NP,NP,NP,NP,NP,NP,NP,NP,NP,NP,NP,NP,NP,NP,NP,NP,NA
NWT,SPILLWAY,1988,1988-06-30,DNS,6.33,15.1,109.65,NP,NP,0.47,NP,116.77,17.27,21.32,7.67,2.511,4.90069,62.481,NP,11.898,NP,NP,NP,NP,NP,NP,NP,NP,NP,NP,NP,NP,NP,NP,NP,NP,NP,NP,NP,NP,NP,NP,NP,NA
NWT,SPILLWAY,1988,1988-07-14,DNS,6.54,14,108.99,NP,NP,0.29,NP,111.78,16.45,23.05,6.14,2.511,4.49081,60.087,NP,NP,NP,NP,NP,NP,NP,NP,NP,NP,NP,NP,NP,NP,NP,NP,NP,NP,NP,NP,NP,NP,NP,NP,NP,NA
NWT,SPILLWAY,1988,1988-07-28,DNS,7.19,13.67,116.37,NP,NP,0.06,NP,72.35,17.27,24.36,7.16,2.539,3.14699,57.422,NP,NP,NP,NP,NP,NP,NP,NP,NP,NP,NP,NP,NP,NP,NP,NP,NP,NP,NP,NP,NP,NP,NP,NP,NP,NA
NWT,SPILLWAY,1988,1988-08-11,DNS,6.44,13.5,119.65,NP,NP,0.36,NP,120.76,18.92,19.14,8.44,2.821,4.62209,58.088,NP,NP,NP,NP,NP,NP,NP,NP,NP,NP,NP,NP,NP,NP,NP,NP,NP,NP,NP,NP,NP,NP,NP,NP,NP,NA
NWT,SPILLWAY,1988,1988-09-08,DNS,6.8,14,121.29,NP,NP,0.16,NP,105.79,17.27,27.84,13.55,4.231,0,55.381,NP,NP,NP,NP,NP,NP,NP,NP,NP,NP,NP,NP,NP,NP,NP,NP,NP,NP,NP,NP,NP,NP,NP,NP,NP,NA
NWT,SPILLWAY,1988,1988-09-22,DNS,6.9,13.5,NP,NP,NP,0.13,NP,79.84,21.39,21.75,5.63,NP,NP,NP,NP,NP,NP,NP,NP,NP,NP,NP,NP,NP,NP,NP,NP,NP,NP,NP,NP,NP,NP,NP,NP,NP,NP,NP,NP,NA
NWT,SPILLWAY,1988,1988-10-06,DNS,6.8,13,124.56,NP,NP,0.16,NP,79.84,21.39,23.05,5.37,2.821,0,54.132,NP,NP,NP,NP,NP,NP,NP,NP,NP,NP,NP,NP,NP,NP,NP,NP,NP,NP,NP,NP,NP,NP,NP,NP,NP,NA
NWT,SPILLWAY,1988,1988-11-01,DNS,6.54,16.4,NP,NP,NP,0.29,NP,87.82,18.92,20.45,7.16,2.821,NP,60.586,NP,5.757,NP,NP,NP,NP,NP,NP,NP,NP,NP,NP,NP,NP,NP,NP,NP,NP,NP,NP,NP,NP,NP,NP,NP,NA
NWT,SPILLWAY,1989,1989-06-22,DNS,6.23,21,91.78,NP,NP,0.59,NP,75.85,12.34,27.41,5.63,4.796,7.7033,76.618,NP,13.578,NP,NP,NP,NP,NP,NP,NP,NP,NP,NP,NP,NP,NP,NP,NP,NP,NP,NP,NP,NP,NP,NP,NP,NA
NWT,SPILLWAY,1989,1989-07-06,DNS,6.13,22,90.47,NP,NP,0.74,NP,93.81,19.74,26.54,4.6,5.078,5.7365,72.454,NP,9.302,NP,NP,NP,NP,NP,NP,NP,NP,NP,NP,NP,NP,NP,NP,NP,NP,NP,NP,NP,NP,NP,NP,NP,NA
NWT,SPILLWAY,1989,1989-07-20,DNS,6.12,18.8,97.36,NP,NP,0.76,NP,454.59,27.97,26.1,4.6,3.949,3.9336,67.457,NP,7.804,NP,NP,NP,NP,NP,NP,NP,NP,NP,NP,NP,NP,NP,NP,NP,NP,NP,NP,NP,NP,NP,NP,NP,NA
NWT,SPILLWAY,1989,1989-08-03,DNS,6.05,18.5,82.28,NP,NP,0.89,NP,73.85,23.03,33.93,5.11,4.514,11.1452,65.583,NP,14.227,NP,NP,NP,NP,NP,NP,NP,NP,NP,NP,NP,NP,NP,NP,NP,NP,NP,NP,NP,NP,NP,NP,NP,NA
NWT,SPILLWAY,1989,1989-08-17,DNS,6.18,18.6,82.28,NP,NP,0.66,NP,63.87,20.57,21.75,3.84,3.385,9.834,64.958,NP,9.318,NP,NP,NP,NP,NP,NP,NP,NP,NP,NP,NP,NP,NP,NP,NP,NP,NP,NP,NP,NP,NP,NP,NP,NA
NWT,SPILLWAY,1989,1989-08-31,DNS,5.8,18.4,83.59,NP,NP,1.58,NP,80.84,19.74,22.62,4.6,6.206,5.0809,64.334,NP,7.937,NP,NP,NP,NP,NP,NP,NP,NP,NP,NP,NP,NP,NP,NP,NP,NP,NP,NP,NP,NP,NP,NP,NP,NA
NWT,SPILLWAY,1989,1989-09-14,DNS,6.33,17.3,79.82,NP,NP,0.47,NP,68.36,21.39,22.18,5.11,3.949,4.5892,64.542,NP,10.034,NP,NP,NP,NP,NP,NP,NP,NP,NP,NP,NP,NP,NP,NP,NP,NP,NP,NP,NP,NP,NP,NP,NP,NA
NWT,SPILLWAY,1989,1989-09-28,DNS,6.45,17.2,82.93,NP,NP,0.35,NP,71.36,36.19,20.45,5.37,4.231,2.7863,64.958,NP,14.61,NP,NP,NP,NP,NP,NP,NP,NP,NP,NP,NP,NP,NP,NP,NP,NP,NP,NP,NP,NP,NP,NP,NP,NA
NWT,SPILLWAY,1990,1990-06-07,DNS,6.12,21.2,128.33,NP,NP,0.76,NP,81.14,25.5,29.58,9.95,5.078,5.81832,74.515,NP,NP,NP,NP,NP,NP,NP,NP,NP,NP,NP,NP,NP,NP,NP,NP,NP,NP,NP,NP,NP,NP,NP,NP,NP,NA
NWT,SPILLWAY,1990,1990-06-21,DNS,6.67,20.2,124.4,NP,NP,0.21,NP,73.95,25.09,28.32,10.23,4.006,6.65439,70.038,NP,NP,NP,NP,NP,NP,NP,NP,NP,NP,NP,NP,NP,NP,NP,NP,NP,NP,NP,NP,NP,NP,NP,NP,NP,NA
NWT,SPILLWAY,1990,1990-07-05,DNS,6.58,18.2,116.21,NP,NP,0.26,NP,80.74,19.82,23.01,6.09,5.275,6.42499,62.772,NP,NP,NP,NP,NP,NP,NP,NP,NP,NP,NP,NP,NP,NP,NP,NP,NP,NP,NP,NP,NP,NP,NP,NP,NP,NA
NWT,SPILLWAY,1990,1990-07-19,DNS,6.74,17.1,111.78,NP,NP,0.18,NP,112.08,19.41,13.48,6.11,1.411,7.0969,59.254,NP,NP,NP,NP,NP,NP,NP,NP,NP,NP,NP,NP,NP,NP,NP,NP,NP,NP,NP,NP,NP,NP,NP,NP,NP,NA
NWT,SPILLWAY,1990,1990-08-02,DNS,5.64,16.8,110.63,NP,NP,2.29,NP,69.31,16.86,22.01,6.32,1.411,6.35921,56.464,NP,NP,NP,NP,NP,NP,NP,NP,NP,NP,NP,NP,NP,NP,NP,NP,NP,NP,NP,NP,NP,NP,NP,NP,NP,NA
NWT,SPILLWAY,1990,1990-08-16,DNS,5.83,18.4,117.02,NP,NP,1.48,NP,68.26,15.22,20.4,4.32,1.411,5.06459,56.61,NP,NP,NP,NP,NP,NP,NP,NP,NP,NP,NP,NP,NP,NP,NP,NP,NP,NP,NP,NP,NP,NP,NP,NP,NP,NA
NWT,SPILLWAY,1990,1990-09-13,DNS,5.62,16.9,110.96,NP,NP,2.4,NP,68.46,17.36,20.45,4.73,1.411,3.29431,59.233,NP,NP,NP,NP,NP,NP,NP,NP,NP,NP,NP,NP,NP,NP,NP,NP,NP,NP,NP,NP,NP,NP,NP,NP,NP,NA
NWT,SPILLWAY,1990,1990-10-04,DNS,6.08,17.4,113.09,NP,NP,0.83,NP,71.01,18.26,23.49,6.03,1.411,0,61.919,NP,NP,NP,NP,NP,NP,NP,NP,NP,NP,NP,NP,NP,NP,NP,NP,NP,NP,NP,NP,NP,NP,NP,NP,NP,NA
NWT,SPILLWAY,1990,1990-11-01,DNS,5.82,17.1,111.78,NP,NP,1.51,NP,54.84,17.11,27.41,4.22,NP,NP,NP,NP,NP,NP,NP,NP,NP,NP,NP,NP,NP,NP,NP,NP,NP,NP,NP,NP,NP,NP,NP,NP,NP,NP,NP,NP,NA
NWT,SPILLWAY,1991,1991-05-24,DNS,5.04,25.4,99.32,NP,NP,9.12,NP,103.19,25.01,21.71,7.21,6.23,38.55,60.26,NP,10.92,166.24,204.36,-0.1,NP,NP,NP,NP,NP,NP,NP,NP,NP,NP,NP,NP,NP,NP,NP,NP,NP,NP,NP,NP,NA
NWT,SPILLWAY,1991,1991-05-31,DNS,5.7,25.2,99.16,NP,NP,2,NP,93.21,26.32,23.4,8.05,3.81,28.49,66.33,NP,11.57,152.98,197.78,-0.13,NP,NP,NP,NP,NP,NP,NP,NP,NP,NP,NP,NP,NP,NP,NP,NP,NP,NP,NP,NP,NA
NWT,SPILLWAY,1991,1991-06-06,DNS,5.7,19.8,98.83,NP,NP,2,NP,124.75,25.83,21.75,6.78,4.82,19.67,62.74,NP,12.66,181.11,186.06,-0.01,NP,NP,NP,NP,NP,NP,NP,NP,NP,NP,NP,NP,NP,NP,NP,NP,NP,NP,NP,NP,NA
NWT,SPILLWAY,1991,1991-06-13,DNS,6.43,20.9,132.6,NP,NP,0.37,NP,101.8,25.67,29.97,8.51,1.41,12.87,NP,NP,14.36,166.32,NP,NP,NP,NP,NP,NP,NP,NP,NP,NP,NP,NP,NP,NP,NP,NP,NP,NP,NP,NP,NP,NP,NA
NWT,SPILLWAY,1991,1991-06-27,DNS,6.34,19.5,126.53,NP,NP,0.46,NP,89.87,23.36,20.14,8.72,NP,11.47,48.09,NP,10.12,142.55,186.1,-0.13,NP,NP,NP,NP,NP,NP,NP,NP,NP,NP,NP,NP,NP,NP,NP,NP,NP,NP,NP,NP,NA
NWT,SPILLWAY,1991,1991-07-11,DNS,6.5,18.4,110.14,NP,NP,0.32,NP,93.46,22.13,23.88,7.31,2.6,14.75,53.09,NP,6.61,147.1,180.58,-0.1,NP,NP,NP,NP,NP,NP,NP,NP,NP,NP,NP,NP,NP,NP,NP,NP,NP,NP,NP,NP,NA
NWT,SPILLWAY,1991,1991-07-23,DNS,5.6,17.7,NP,NP,NP,2.51,NP,90.42,20.98,22.4,7.44,24.04,19.42,58.09,NP,9.44,143.75,NP,NP,NP,NP,NP,NP,NP,NP,NP,NP,NP,NP,NP,NP,NP,NP,NP,NP,NP,NP,NP,NP,NA
NWT,SPILLWAY,1991,1991-08-08,DNS,6.5,17.2,94.08,NP,NP,0.32,NP,83.03,19.74,21.66,6.42,NP,7.63,54.82,NP,4.19,131.17,156.53,-0.09,NP,NP,NP,NP,NP,NP,NP,NP,NP,NP,NP,NP,NP,NP,NP,NP,NP,NP,NP,NP,NA
NWT,SPILLWAY,1991,1991-08-22,DNS,7.11,16.3,114.24,NP,NP,0.08,NP,93.46,19.33,NP,16.29,19.59,7.89,48.79,NP,5.74,NP,190.51,NP,NP,NP,NP,NP,NP,NP,NP,NP,NP,NP,NP,NP,NP,NP,NP,NP,NP,NP,NP,NP,NA
NWT,SPILLWAY,1991,1991-09-05,DNS,6.42,16.9,120.63,NP,NP,0.38,NP,94.76,19.5,NP,14.5,NP,NP,NP,NP,8,NP,NP,NP,NP,NP,NP,NP,NP,NP,NP,NP,NP,NP,NP,NP,NP,NP,NP,NP,NP,NP,NP,NP,NA
NWT,SPILLWAY,1991,1991-09-19,DNS,6.03,16.4,NP,NP,NP,0.93,NP,87.92,19.5,NP,5.37,1.52,NP,64.46,NP,8.62,NP,NP,NP,NP,NP,NP,NP,NP,NP,NP,NP,NP,NP,NP,NP,NP,NP,NP,NP,NP,NP,NP,NP,NA
NWT,SPILLWAY,1991,1991-10-03,DNS,5.13,16.8,NP,NP,NP,7.41,NP,88.97,20.32,NP,6.32,1.99,NP,65.55,NP,10.98,NP,NP,NP,NP,NP,NP,NP,NP,NP,NP,NP,NP,NP,NP,NP,NP,NP,NP,NP,NP,NP,NP,NP,NA
NWT,SPILLWAY,1991,1991-10-24,DNS,5.93,17.2,NP,NP,NP,1.17,NP,94.16,20.89,NP,5.01,1.29,NP,69.51,NP,12.06,NP,NP,NP,NP,NP,NP,NP,NP,NP,NP,NP,NP,NP,NP,NP,NP,NP,NP,NP,NP,NP,NP,NP,NA
NWT,SPILLWAY,1991,1991-10-31,1250,6.77,20.7,NP,NP,NP,0.17,NP,114.11,21.39,30.01,8.44,6.83,31.53,86.61,NP,19.94,174.12,NP,NP,NP,NP,NP,NP,NP,NP,NP,NP,NP,NP,NP,NP,NP,NP,NP,NP,NP,NP,NP,NP,NA
NWT,SPILLWAY,1992,1992-05-14,900,NP,31.4,NP,NP,NP,NP,NP,NP,43.6,40.02,12.02,NP,NP,NP,NP,NP,95.64,NP,NP,NP,NP,NP,NP,NP,NP,NP,NP,NP,NP,NP,NP,NP,NP,NP,NP,NP,NP,NP,NP,NA
NWT,SPILLWAY,1992,1992-06-25,745,6.55,24.9,95.14,NP,NP,0.28,NP,147.36,26.32,36.97,7.42,7.59,21.56,101.23,NP,45.25,218.36,225.52,-0.02,NP,NP,NP,NP,NP,NP,NP,NP,NP,NP,NP,NP,NP,NP,NP,NP,NP,NP,NP,NP,NA
NWT,SPILLWAY,1992,1992-07-02,DNS,6.61,17.24,87.39,NP,NP,0.25,NP,112.37,9.87,14.35,4.09,2.43,2.75,52.5,NP,38.77,140.94,145.06,-0.01,NP,NP,NP,NP,NP,NP,NP,NP,NP,NP,NP,NP,NP,NP,NP,NP,NP,NP,NP,NP,NA
NWT,SPILLWAY,1992,1992-07-09,745,6.58,17.08,66.4,NP,NP,0.26,NP,102.49,13.16,18.7,4.6,3.41,5.21,70.18,NP,27.56,139.22,145.21,-0.02,NP,NP,NP,NP,NP,NP,NP,NP,NP,NP,NP,NP,NP,NP,NP,NP,NP,NP,NP,NP,NA
NWT,SPILLWAY,1992,1992-07-23,DNS,6.6,20.9,83.06,NP,NP,0.25,NP,128.71,24.1,28.27,6.91,6.91,15.72,89.28,NP,23.32,188.24,194.97,-0.02,NP,NP,NP,NP,NP,NP,NP,NP,NP,NP,NP,NP,NP,NP,NP,NP,NP,NP,NP,NP,NA
NWT,SPILLWAY,1992,1992-08-04,DNS,6.82,20.9,63.34,NP,NP,0.15,NP,133.34,23.86,26.53,7.16,4.17,42.63,91.3,NP,44.86,191.04,201.44,-0.03,NP,NP,NP,NP,NP,NP,NP,NP,NP,NP,NP,NP,NP,NP,NP,NP,NP,NP,NP,NP,NA
NWT,SPILLWAY,1992,1992-08-13,DNS,6.92,19.3,83.17,NP,NP,0.12,NP,121.72,21.39,27.4,6.91,3.58,13.32,83.59,NP,43.65,177.54,183.67,-0.02,NP,NP,NP,NP,NP,NP,NP,NP,NP,NP,NP,NP,NP,NP,NP,NP,NP,NP,NP,NP,NA
NWT,SPILLWAY,1992,1992-08-27,DNS,6.77,20.4,98.92,NP,NP,0.17,NP,133.34,22.21,28.71,6.39,3.44,14.89,78.69,NP,32.4,190.82,195.94,-0.01,NP,NP,NP,NP,NP,NP,NP,NP,NP,NP,NP,NP,NP,NP,NP,NP,NP,NP,NP,NP,NA
NWT,SPILLWAY,1992,1992-09-10,DNS,6.83,18.52,93.4,NP,NP,0.15,NP,119.94,21.39,29.14,6.65,3.92,2.27,82.03,NP,25.35,177.27,181.63,-0.01,NP,NP,NP,NP,NP,NP,NP,NP,NP,NP,NP,NP,NP,NP,NP,NP,NP,NP,NP,NP,NA
NWT,SPILLWAY,1992,1992-09-24,DNS,6.59,18.05,103.48,NP,NP,0.26,NP,118.21,29.62,30.88,6.91,4.96,5.71,74.16,NP,36.17,185.87,188.31,-0.01,NP,NP,NP,NP,NP,NP,NP,NP,NP,NP,NP,NP,NP,NP,NP,NP,NP,NP,NP,NP,NA
NWT,SPILLWAY,1992,1992-10-08,DNS,6.84,21.4,112.56,NP,NP,0.14,NP,153.77,21.39,28.71,8.18,4.99,17.57,82.72,NP,30.51,212.2,217.84,-0.01,NP,NP,NP,NP,NP,NP,NP,NP,NP,NP,NP,NP,NP,NP,NP,NP,NP,NP,NP,NP,NA
NWT,SPILLWAY,1992,1992-10-22,DNS,6.85,20.4,87.02,NP,NP,0.14,NP,121.79,13.98,29.14,5.63,2.93,8.27,77.99,NP,29.87,170.68,176.22,-0.02,NP,NP,NP,NP,NP,NP,NP,NP,NP,NP,NP,NP,NP,NP,NP,NP,NP,NP,NP,NP,NA
NWT,SPILLWAY,1993,1993-07-15,800,7.4,17.54,79.13,NP,NP,0.04,0.43,105.47,20.98,23.23,6.14,4.29,12.02,65.77,NP,29.2,156.28,161.2,-0.02,NP,NP,NP,NP,NP,NP,NP,NP,NP,NP,NP,NP,NP,NP,NP,NP,NP,NP,NP,NP,NA
NWT,SPILLWAY,1993,1993-07-22,745,7.46,17.27,80.64,NP,NP,0.03,0.07,102.67,19.99,22.01,5.88,2.91,10.22,61.25,NP,8.9,150.66,155.02,-0.01,NP,NP,NP,NP,NP,NP,NP,NP,NP,NP,NP,NP,NP,NP,NP,NP,NP,NP,NP,NP,NA
NWT,SPILLWAY,1993,1993-07-29,1340,7.12,16.54,78.76,NP,NP,0.08,0.5,99.15,19.83,23.62,5.37,3.64,8.76,61.52,NP,18.76,148.54,152.68,-0.01,NP,NP,NP,NP,NP,NP,NP,NP,NP,NP,NP,NP,NP,NP,NP,NP,NP,NP,NP,NP,NA
NWT,SPILLWAY,1993,1993-08-12,805,7.25,16.04,85.39,NP,NP,0.06,0.29,99.15,19.5,23.31,5.11,2.59,6.24,56.4,NP,14.78,147.42,150.63,-0.01,NP,NP,NP,NP,NP,NP,NP,NP,NP,NP,NP,NP,NP,NP,NP,NP,NP,NP,NP,NP,NA
NWT,SPILLWAY,1993,1993-08-26,1350,7.1,15.83,78.8,NP,NP,0.08,1,92.47,19.5,20.84,4.96,2.4,3.89,57.28,NP,5.55,138.85,142.36,-0.01,NP,NP,NP,NP,NP,NP,NP,NP,NP,NP,NP,NP,NP,NP,NP,NP,NP,NP,NP,NP,NA
NWT,SPILLWAY,1993,1993-09-09,1545,7.05,16.22,84.37,NP,NP,0.09,1,98.75,19.66,22.75,5.52,4.96,3.85,57.48,NP,7.12,147.77,150.67,-0.01,NP,NP,NP,NP,NP,NP,NP,NP,NP,NP,NP,NP,NP,NP,NP,NP,NP,NP,NP,NP,NA
NWT,SPILLWAY,1993,1993-09-23,1300,7.02,15.76,80.11,NP,NP,0.1,<0.71,95.99,19.41,22.1,4.5,2.57,1.29,56.19,NP,5.91,142.1,140.16,0.01,NP,NP,NP,NP,NP,NP,NP,NP,NP,NP,NP,NP,NP,NP,NP,NP,NP,NP,NP,NP,NA
NWT,SPILLWAY,1993,1993-10-07,DNS,6.84,16.83,90.66,NP,NP,0.14,<0.71,104.94,19.33,21.79,4.94,2.17,<0.161,59.39,NP,6.2,151.14,152.22,0,NP,NP,NP,NP,NP,NP,NP,NP,NP,NP,NP,NP,NP,NP,NP,NP,NP,NP,NP,NP,NA
NWT,SPILLWAY,1994,1994-06-23,1415,6.9,18.55,89.23,NP,NP,0.13,1,111.75,21.8,26.19,6.62,3.7,5.84,61.11,NP,21.11,167.48,159.87,0.02,NP,NP,NP,NP,6.84,NP,NP,NP,NP,NP,NP,NP,NP,NP,NP,NP,NP,NP,NP,NP,NA
NWT,SPILLWAY,1994,1994-06-30,1415,6.91,16.51,84.89,NP,NP,0.12,1.86,103.74,19.83,23.97,6.42,3.89,5.63,59.23,NP,20.43,155.93,153.64,0.01,NP,NP,NP,NP,7.48,NP,NP,NP,NP,NP,NP,NP,NP,NP,NP,NP,NP,NP,NP,NP,NA
NWT,SPILLWAY,1994,1994-07-07,1345,6.94,16.55,85.17,NP,NP,0.11,0.29,105.92,17.36,22.18,6.6,3.22,5.84,57.96,NP,19.44,152.46,152.19,0,NP,NP,NP,NP,6.12,NP,NP,NP,NP,NP,NP,NP,NP,NP,NP,NP,NP,NP,NP,NP,NA
NWT,SPILLWAY,1994,1994-07-14,1350,6.91,17.22,86.93,NP,NP,0.12,1.43,101.78,20.15,23.1,6.34,2.2,4.76,54.51,NP,19.33,152.92,148.39,0.02,NP,NP,NP,NP,6.19,NP,NP,NP,NP,NP,NP,NP,NP,NP,NP,NP,NP,NP,NP,NP,NA
NWT,SPILLWAY,1994,1994-07-21,1420,7.03,16.81,72.61,NP,NP,0.09,1.93,98.57,19.33,22.75,6.67,2.09,5.39,52.78,NP,17.73,149.35,132.86,0.06,NP,NP,NP,NP,7.31,NP,NP,NP,NP,NP,NP,NP,NP,NP,NP,NP,NP,NP,NP,NP,NA
NWT,SPILLWAY,1994,1994-07-28,1400,7.08,16.35,83.38,NP,NP,0.08,1,98.57,19.58,22.75,6.62,3.07,4.34,52.3,NP,17.27,148.61,143.09,0.02,NP,NP,NP,NP,5.34,NP,NP,NP,NP,NP,NP,NP,NP,NP,NP,NP,NP,NP,NP,NP,NA
NWT,SPILLWAY,1994,1994-08-04,1345,7.16,15.72,85.25,NP,NP,0.07,1,96.17,19.41,21.53,5.93,1.64,4.27,49.28,NP,15.7,144.12,140.43,0.01,NP,NP,NP,NP,5.27,NP,NP,NP,NP,NP,NP,NP,NP,NP,NP,NP,NP,NP,NP,NP,NA
NWT,SPILLWAY,1994,1994-08-11,1355,6.97,16.2,85.55,NP,NP,0.11,0.21,94.88,18.26,21.36,6.39,1.66,3.34,48.2,NP,20.9,141.21,138.75,0.01,NP,NP,NP,NP,3.55,NP,NP,NP,NP,NP,NP,NP,NP,NP,NP,NP,NP,NP,NP,NP,NA
NWT,SPILLWAY,1994,1994-08-18,DNS,6.96,14.89,83.41,NP,NP,0.11,1.07,95.55,19.09,21.71,6.39,2.59,2.05,49.51,NP,20.44,143.91,137.56,0.02,NP,NP,NP,NP,3.12,NP,NP,NP,NP,NP,NP,NP,NP,NP,NP,NP,NP,NP,NP,NP,NA
NWT,SPILLWAY,1994,1994-08-25,1420,7.03,16.07,84.82,NP,NP,0.09,0.86,97.77,19.87,22.31,6.67,2.43,1.34,48.97,NP,19.55,147.58,137.55,0.04,NP,NP,NP,NP,2.2,NP,NP,NP,NP,NP,NP,NP,NP,NP,NP,NP,NP,NP,NP,NP,NA
NWT,SPILLWAY,1994,1994-09-01,758,7.47,16.72,101.83,NP,NP,0.03,NP,109.08,20.32,24.18,6.67,2.34,1.42,48.74,NP,22.84,160.29,154.33,0.02,NP,NP,NP,NP,NP,NP,NP,NP,NP,NP,NP,NP,NP,NP,NP,NP,NP,NP,NP,NP,NA
NWT,SPILLWAY,1994,1994-09-08,1350,7.2,16.08,93.21,NP,NP,0.06,0.07,89.98,18.34,21.79,6.14,3.78,0.47,45.89,NP,22.93,136.39,143.34,-0.02,NP,NP,NP,NP,0.54,NP,NP,NP,NP,NP,NP,NP,NP,NP,NP,NP,NP,NP,NP,NP,NA
NWT,SPILLWAY,1994,1994-09-15,1405,7.05,16.3,89.99,NP,NP,0.09,0.36,100.13,20.4,23.66,6.14,1.27,0.6,48.3,NP,23.32,150.78,140.16,0.04,NP,NP,NP,NP,0.95,NP,NP,NP,NP,NP,NP,NP,NP,NP,NP,NP,NP,NP,NP,NP,NA
NWT,SPILLWAY,1994,1994-09-22,1410,7.02,16.97,96.24,NP,NP,0.1,NP,110.19,19.99,22.14,5.83,1.52,NP,48.28,NP,22.89,158.25,146.04,0.04,NP,NP,NP,NP,NP,NP,NP,NP,NP,NP,NP,NP,NP,NP,NP,NP,NP,NP,NP,NP,NA
NWT,SPILLWAY,1994,1994-09-29,1315,7.08,16.82,89.39,NP,NP,0.08,0.21,99.15,19.99,22.05,5.83,1.64,NP,49.47,NP,21.83,147.32,140.49,0.02,NP,NP,NP,NP,NP,NP,NP,NP,NP,NP,NP,NP,NP,NP,NP,NP,NP,NP,NP,NP,NA
NWT,SPILLWAY,1994,1994-10-13,1310,7.09,16.32,99.36,NP,NP,0.08,NP,103.78,20.32,23.18,6.52,3.44,NP,54.86,NP,26.21,153.89,157.66,-0.01,NP,NP,NP,NP,NP,NP,NP,NP,NP,NP,NP,NP,NP,NP,NP,NP,NP,NP,NP,NP,NA
NWT,SPILLWAY,1994,1994-10-13,1310,7,16.34,97.4,NP,NP,0.1,NP,101.07,19.83,23.58,6.01,3.38,NP,51.65,NP,26.06,150.58,152.44,-0.01,NP,NP,NP,NP,NP,NP,NP,NP,NP,NP,NP,NP,NP,NP,NP,NP,NP,NP,NP,NP,NA
NWT,SPILLWAY,1995,1995-06-08,1030,6.47,20.6,93.02,NP,NP,0.34,1.76,121.99,26.65,26.01,8.77,3.67,14,73.37,NP,29.5,185.53,184.06,0,NP,NP,NP,NP,15.76,NP,NP,NP,NP,NP,NP,NP,NP,NP,NP,NP,NP,NP,NP,NP,NA
NWT,SPILLWAY,1995,1995-06-15,830,6.42,21.5,101.41,NP,NP,0.38,2.15,131.16,28.79,27.32,9.21,4.17,15,77.72,NP,35.01,199,198.3,0,NP,NP,NP,NP,17.15,NP,NP,NP,NP,NP,NP,NP,NP,NP,NP,NP,NP,NP,NP,NP,NA
NWT,SPILLWAY,1995,1995-06-22,810,6.28,14.32,81.99,NP,NP,0.52,1.19,76.94,22.46,23.1,8.21,3.92,9.05,38.41,NP,31.02,132.41,133.37,0,NP,NP,NP,NP,10.23,NP,NP,NP,NP,NP,NP,NP,NP,NP,NP,NP,NP,NP,NP,NP,NA
NWT,SPILLWAY,1995,1995-06-29,750,6.64,19.22,100.69,NP,NP,0.23,2.16,115.67,23.86,24.58,8.03,3.5,10.1,63.46,NP,30.77,174.52,177.74,-0.01,NP,NP,NP,NP,12.25,NP,NP,NP,NP,NP,NP,NP,NP,NP,NP,NP,NP,NP,NP,NP,NA
NWT,SPILLWAY,1995,1995-07-06,735,6.74,18.91,104.01,NP,NP,0.18,0.83,110.5,23.12,23.31,7.62,3.47,10.76,62.48,NP,32.27,165.57,180.72,-0.04,NP,NP,NP,NP,11.59,NP,NP,NP,NP,NP,NP,NP,NP,NP,NP,NP,NP,NP,NP,NP,NA
NWT,SPILLWAY,1995,1995-07-13,735,6.79,17.57,88.89,NP,NP,0.16,0.91,103.69,21.8,23.01,7.08,3.5,11.92,58.38,NP,32.85,156.66,162.69,-0.02,NP,NP,NP,NP,12.83,NP,NP,NP,NP,NP,NP,NP,NP,NP,NP,NP,NP,NP,NP,NP,NA
NWT,SPILLWAY,1995,1995-07-20,745,6.76,16.32,78.12,NP,NP,0.17,1.1,102.18,20.15,21.53,7.44,3.27,11.68,53.59,NP,25.32,152.58,146.66,0.02,NP,NP,NP,NP,12.78,NP,NP,NP,NP,NP,NP,NP,NP,NP,NP,NP,NP,NP,NP,NP,NA
NWT,SPILLWAY,1995,1995-07-27,755,6.55,15.73,77.38,NP,NP,0.28,1.24,95.15,18.59,19.97,6.83,3.13,9.97,48.7,NP,22.42,142.05,139.18,0.01,NP,NP,NP,NP,11.2,NP,NP,NP,NP,NP,NP,NP,NP,NP,NP,NP,NP,NP,NP,NP,NA
NWT,SPILLWAY,1995,1995-08-03,745,6.86,15.16,79.25,NP,NP,0.14,1.16,91.32,18.43,19.62,6.23,2.43,7.26,47.26,NP,8.31,136.88,136.19,0,NP,NP,NP,NP,8.41,NP,NP,NP,NP,NP,NP,NP,NP,NP,NP,NP,NP,NP,NP,NP,NA
NWT,SPILLWAY,1995,1995-08-10,740,7.03,14.35,73.25,NP,NP,0.09,1.63,87.62,17.85,19.05,5.91,2.85,6.08,44.7,NP,6.85,132.16,126.88,0.02,NP,NP,NP,NP,7.72,NP,NP,NP,NP,NP,NP,NP,NP,NP,NP,NP,NP,NP,NP,NP,NA
NWT,SPILLWAY,1995,1995-08-17,750,6.93,13.97,75.47,NP,NP,0.12,1.83,85.35,17.44,18.4,5.78,2.28,4.94,43.58,NP,5.35,128.92,126.27,0.01,NP,NP,NP,NP,6.76,NP,NP,NP,NP,NP,NP,NP,NP,NP,NP,NP,NP,NP,NP,NP,NA
NWT,SPILLWAY,1995,1995-08-24,730,6.77,13.55,74.04,NP,NP,0.17,1.93,81.08,16.95,18.09,5.58,2.09,4.39,42.08,NP,3.84,123.79,122.59,0,NP,NP,NP,NP,6.31,NP,NP,NP,NP,NP,NP,NP,NP,NP,NP,NP,NP,NP,NP,NP,NA
NWT,SPILLWAY,1995,1995-08-31,1420,6.74,13.43,72.78,NP,NP,0.18,0.61,81.08,16.95,19.31,5.42,2.12,3.39,41.7,NP,1.11,123.56,119.98,0.01,NP,NP,NP,NP,4,NP,NP,NP,NP,NP,NP,NP,NP,NP,NP,NP,NP,NP,NP,NP,NA
NWT,SPILLWAY,1995,1995-09-07,740,6.78,13.86,75.03,NP,NP,0.17,0.97,78.39,16.54,18.88,4.91,2.2,2.81,39.56,NP,1.88,119.85,119.59,0,NP,NP,NP,NP,3.78,NP,NP,NP,NP,NP,NP,NP,NP,NP,NP,NP,NP,NP,NP,NP,NA
NWT,SPILLWAY,1995,1995-09-14,735,6.8,12.97,76.4,NP,NP,0.16,0.34,80.28,16.95,18.88,5.6,1.89,2.34,39.54,NP,4.34,122.2,120.17,0.01,NP,NP,NP,NP,2.67,NP,NP,NP,NP,NP,NP,NP,NP,NP,NP,NP,NP,NP,NP,NP,NA
NWT,SPILLWAY,1995,1995-09-21,800,6.59,12.84,79.21,NP,NP,0.26,0.91,81.3,17.6,21.14,5.27,2.03,1.87,40.08,NP,5.77,126.48,123.19,0.01,NP,NP,NP,NP,2.78,NP,NP,NP,NP,NP,NP,NP,NP,NP,NP,NP,NP,NP,NP,NP,NA
NWT,SPILLWAY,1995,1995-09-28,725,6.77,12.96,79.44,NP,NP,0.17,0.52,82.86,18.1,19.1,5.34,1.81,1.27,40.66,NP,6.77,126.09,123.18,0.01,NP,NP,NP,NP,1.8,NP,NP,NP,NP,NP,NP,NP,NP,NP,NP,NP,NP,NP,NP,NP,NA
NWT,SPILLWAY,1995,1995-10-05,740,6.85,13.68,92.36,NP,NP,0.14,1.88,88.33,18.59,22.49,6.7,4.32,0.87,45.24,NP,7.9,138.13,142.79,-0.02,NP,NP,NP,NP,2.75,NP,NP,NP,NP,NP,NP,NP,NP,NP,NP,NP,NP,NP,NP,NP,NA
NWT,SPILLWAY,1995,1995-10-30,830,6.79,13.22,90.07,NP,NP,0.16,0.39,92.34,18.26,19.44,5.34,2.09,NP,45.16,NP,8.6,135.95,137.32,-0.01,NP,NP,NP,NP,0.39,NP,NP,NP,NP,NP,NP,NP,NP,NP,NP,NP,NP,NP,NP,NP,NA
NWT,SPILLWAY,1996,1996-05-16,1315,6.72,16.2,92.88,NP,NP,0.19,NP,105.7,20.81,19.44,4.78,2.62,NP,54.61,NP,NP,150.93,150.11,0,NP,NP,NP,NP,0,NP,NP,NP,NP,NP,NP,NP,NP,NP,NP,NP,NP,NP,NP,NP,NA
NWT,SPILLWAY,1996,1996-05-23,845,6.73,16.76,91.06,NP,NP,0.19,0.2,107.83,21.47,20.14,5.55,2.62,NP,55.4,NP,1.84,155.38,149.09,0.02,NP,NP,NP,NP,0.2,NP,NP,NP,NP,NP,NP,NP,NP,NP,NP,NP,NP,NP,NP,NP,NA
NWT,SPILLWAY,1996,1996-05-30,840,6.81,17.2,104.23,NP,NP,0.15,NP,112.11,21.64,22.23,6.73,3.64,0.69,53.07,NP,4.3,162.85,161.63,0,NP,NP,NP,NP,0.69,NP,NP,NP,NP,NP,NP,NP,NP,NP,NP,NP,NP,NP,NP,NP,NA
NWT,SPILLWAY,1996,1996-06-06,815,6.68,17.76,99.59,NP,NP,0.21,0.03,113.66,22.21,26.27,5.32,2.48,NP,54.19,NP,8.57,167.71,156.27,0.04,NP,NP,NP,NP,0.03,NP,NP,NP,NP,NP,NP,NP,NP,NP,NP,NP,NP,NP,NP,NP,NA
NWT,SPILLWAY,1996,1996-06-13,1530,6.83,17.88,89.89,NP,NP,0.15,0.31,115.36,21.96,25.1,5.81,3.53,0.85,58.03,NP,11.54,168.68,152.3,0.05,NP,NP,NP,NP,1.16,NP,NP,NP,NP,NP,NP,NP,NP,NP,NP,NP,NP,NP,NP,NP,NA
NWT,SPILLWAY,1996,1996-06-20,1405,6.89,18.8,88.99,NP,NP,0.13,NP,119.5,22.46,25.92,6.37,3.13,3.5,58,NP,13.59,174.38,153.63,0.06,NP,NP,NP,NP,3.5,NP,NP,NP,NP,NP,NP,NP,NP,NP,NP,NP,NP,NP,NP,NP,NA
NWT,SPILLWAY,1996,1996-06-27,730,6.81,17.6,90.5,NP,NP,0.15,NP,111.53,21.88,35.71,6.14,4.37,7.69,57.78,NP,12.2,175.41,160.34,0.04,NP,NP,NP,NP,7.69,NP,NP,NP,NP,NP,NP,NP,NP,NP,NP,NP,NP,NP,NP,NP,NA
NWT,SPILLWAY,1996,1996-07-04,715,6.78,16.95,91.88,NP,NP,0.17,0.13,105.25,20.57,33.88,6.14,3.98,5.19,55.3,NP,11.2,166.13,156.35,0.03,NP,NP,NP,NP,5.32,NP,NP,NP,NP,NP,NP,NP,NP,NP,NP,NP,NP,NP,NP,NP,NA
NWT,SPILLWAY,1996,1996-07-11,1340,6.99,19.47,83.41,NP,NP,0.1,0.74,99.11,19.5,19.83,6.19,3.81,5.95,52.22,NP,10.93,145.47,145.39,0,NP,NP,NP,NP,6.69,NP,NP,NP,NP,NP,NP,NP,NP,NP,NP,NP,NP,NP,NP,NP,NA
NWT,SPILLWAY,1996,1996-07-18,1415,6.86,16,72.68,NP,NP,0.14,0.36,97.42,19.33,19.57,5.01,3.67,5.68,51.15,NP,6.98,141.84,133.18,0.03,NP,NP,NP,NP,6.04,NP,NP,NP,NP,NP,NP,NP,NP,NP,NP,NP,NP,NP,NP,NP,NA
NWT,SPILLWAY,1996,1996-07-25,1240,6.76,20.7,68,NP,NP,0.17,0.54,94.3,18.84,19.05,5.01,3.53,4.11,50.13,NP,6.45,137.92,125.77,0.05,NP,NP,NP,NP,4.66,NP,NP,NP,NP,NP,NP,NP,NP,NP,NP,NP,NP,NP,NP,NP,NA
NWT,SPILLWAY,1996,1996-08-01,1350,6.97,15.23,88.38,NP,NP,0.11,0.56,94.3,17.52,21.49,5.24,2.85,3.45,45.14,NP,6.7,139.22,139.82,0,NP,NP,NP,NP,4.01,NP,NP,NP,NP,NP,NP,NP,NP,NP,NP,NP,NP,NP,NP,NP,NA
NWT,SPILLWAY,1996,1996-08-08,720,6.96,15.06,89.49,NP,NP,0.11,0.26,93.32,18.26,20.84,4.96,2.79,2.55,44.12,NP,5.26,137.75,138.95,0,NP,NP,NP,NP,2.81,NP,NP,NP,NP,NP,NP,NP,NP,NP,NP,NP,NP,NP,NP,NP,NA
NWT,SPILLWAY,1996,1996-08-15,1335,6.75,15.71,94.21,NP,NP,0.18,1.16,92.61,18.84,18.18,5.24,4.94,2.14,46.62,NP,4.65,136.21,147.91,-0.04,NP,NP,NP,NP,3.3,NP,NP,NP,NP,NP,NP,NP,NP,NP,NP,NP,NP,NP,NP,NP,NA
NWT,SPILLWAY,1996,1996-08-22,1250,6.93,14.06,84.39,NP,NP,0.12,0.41,93.85,18.34,18.83,5.63,3.07,1.79,43.56,NP,2.76,137.19,132.81,0.02,NP,NP,NP,NP,2.2,NP,NP,NP,NP,NP,NP,NP,NP,NP,NP,NP,NP,NP,NP,NP,NA
NWT,SPILLWAY,1996,1996-08-29,725,6.79,14.94,88.95,NP,NP,0.16,0.65,91.36,18.02,18.96,5.06,2.71,1.4,43.74,NP,3.51,134.22,136.8,-0.01,NP,NP,NP,NP,2.05,NP,NP,NP,NP,NP,NP,NP,NP,NP,NP,NP,NP,NP,NP,NP,NA
NWT,SPILLWAY,1996,1996-09-10,730,6.75,14.75,78.4,NP,NP,0.18,1.13,92.34,18.92,19.27,5.34,2.65,1.24,45.89,NP,4.77,137.18,128.18,0.03,NP,NP,NP,NP,2.37,NP,NP,NP,NP,NP,NP,NP,NP,NP,NP,NP,NP,NP,NP,NP,NA
NWT,SPILLWAY,1996,1996-09-24,800,7.03,14.2,78.79,NP,NP,0.09,1.09,87.62,17.85,18.36,5.06,2.85,2.06,43.81,NP,7.88,130.07,127.51,0.01,NP,NP,NP,NP,3.15,NP,NP,NP,NP,NP,NP,NP,NP,NP,NP,NP,NP,NP,NP,NP,NA
NWT,SPILLWAY,1996,1996-10-01,835,6.93,14.7,78.48,NP,NP,0.12,0.69,92.61,18.34,19.49,5.32,2.62,2.47,46.22,NP,9.91,136.57,129.79,0.03,NP,NP,NP,NP,3.16,NP,NP,NP,NP,NP,NP,NP,NP,NP,NP,NP,NP,NP,NP,NP,NA
NWT,SPILLWAY,1996,1996-10-08,930,6.98,14.87,83.64,NP,NP,0.1,0.8,92.7,18.26,21.31,5.19,2.74,2.61,48.51,NP,11.53,138.37,137.5,0,NP,NP,NP,NP,3.41,NP,NP,NP,NP,NP,NP,NP,NP,NP,NP,NP,NP,NP,NP,NP,NA
NWT,SPILLWAY,1997,1997-06-19,800,6.88,19.31,89.48,NP,NP,0.13,0.64,117.09,22.38,23.45,6.83,4.96,13.63,60.32,NP,39.37,170.52,168.39,0.01,NP,NP,NP,NP,14.27,NP,NP,NP,NP,NP,NP,NP,NP,NP,NP,NP,NP,NP,NP,NP,NA
NWT,SPILLWAY,1997,1997-06-26,750,6.76,18.2,84.35,NP,NP,0.17,0.86,110.59,21.88,20.36,6.75,4.54,12.21,56.94,NP,35.91,160.62,158.04,0.01,NP,NP,NP,NP,13.07,NP,NP,NP,NP,NP,NP,NP,NP,NP,NP,NP,NP,NP,NP,NP,NA
NWT,SPILLWAY,1997,1997-07-03,1400,6.88,17.37,79.48,NP,NP,0.13,0.69,102.4,21.72,23.23,6.55,5.39,10.81,54.13,NP,30.66,154.72,149.8,0.02,NP,NP,NP,NP,11.5,NP,NP,NP,NP,NP,NP,NP,NP,NP,NP,NP,NP,NP,NP,NP,NA
NWT,SPILLWAY,1997,1997-07-10,1410,6.84,16.88,78.42,NP,NP,0.14,0.19,101.11,20.9,20.7,6.01,3.64,8.84,51.32,NP,25.33,149.06,142.22,0.02,NP,NP,NP,NP,9.03,NP,NP,NP,NP,NP,NP,NP,NP,NP,NP,NP,NP,NP,NP,NP,NA
NWT,SPILLWAY,1997,1997-07-17,730,6.98,15.8,88.57,NP,NP,0.1,0.26,97.73,19.17,20.57,5.7,3.53,7.71,51.38,NP,22.48,143.53,151.19,-0.03,NP,NP,NP,NP,7.97,NP,NP,NP,NP,NP,NP,NP,NP,NP,NP,NP,NP,NP,NP,NP,NA
NWT,SPILLWAY,1997,1997-07-24,735,7.02,16.3,73.13,NP,NP,0.1,0.41,92.03,18.51,19.83,5.55,3.67,7,48.72,NP,21.58,136.43,132.52,0.01,NP,NP,NP,NP,7.41,NP,NP,NP,NP,NP,NP,NP,NP,NP,NP,NP,NP,NP,NP,NP,NA
NWT,SPILLWAY,1997,1997-07-31,730,6.84,15.05,72.54,NP,NP,0.14,0.59,85.04,18.02,19.31,5.17,3.07,5.79,47.87,NP,16.67,128.27,129.27,0,NP,NP,NP,NP,6.38,NP,NP,NP,NP,NP,NP,NP,NP,NP,NP,NP,NP,NP,NP,NP,NA
NWT,SPILLWAY,1997,1997-08-07,900,6.64,15.34,76.38,NP,NP,0.23,NP,87.58,17.03,17.4,5.75,3.78,6.11,45.53,NP,17.46,127.99,131.81,-0.01,NP,NP,NP,NP,6.11,NP,NP,NP,NP,NP,NP,NP,NP,NP,NP,NP,NP,NP,NP,NP,NA
NWT,SPILLWAY,1997,1997-08-14,1250,6.83,14.98,79.15,NP,NP,0.15,2.02,86.02,18.18,17.88,6.14,3.75,6.14,49.01,NP,22.11,130.38,138.06,-0.03,NP,NP,NP,NP,8.17,NP,NP,NP,NP,NP,NP,NP,NP,NP,NP,NP,NP,NP,NP,NP,NA
NWT,SPILLWAY,1997,1997-08-21,1300,6.67,15.02,76.66,NP,NP,0.21,2.53,80.14,16.78,17.88,5.98,3.78,6.4,50.3,NP,23.15,123.54,137.14,-0.05,NP,NP,NP,NP,8.94,NP,NP,NP,NP,NP,NP,NP,NP,NP,NP,NP,NP,NP,NP,NP,NA
NWT,SPILLWAY,1997,1997-08-28,840,6.92,14.9,79.6,NP,NP,0.12,1.61,82.37,18.26,18.66,5.68,3.3,6.45,48.97,NP,24.54,126.7,138.32,-0.04,NP,NP,NP,NP,8.06,NP,NP,NP,NP,NP,NP,NP,NP,NP,NP,NP,NP,NP,NP,NP,NA
NWT,SPILLWAY,1997,1997-09-04,735,7.24,14.74,75.15,NP,NP,0.06,0.74,81.57,17.28,18.36,5.32,2.4,5.76,49.57,NP,22.92,123.31,132.88,-0.04,NP,NP,NP,NP,6.49,NP,NP,NP,NP,NP,NP,NP,NP,NP,NP,NP,NP,NP,NP,NP,NA
NWT,SPILLWAY,1997,1997-09-11,1400,7.04,14.3,75.21,NP,NP,0.09,0.05,82.64,18.43,23.75,5.32,2.59,4.06,51.09,NP,23.87,130.27,132.96,-0.01,NP,NP,NP,NP,4.11,NP,NP,NP,NP,NP,NP,NP,NP,NP,NP,NP,NP,NP,NP,NP,NA
NWT,SPILLWAY,1997,1997-09-18,835,7.08,15.2,87.01,NP,NP,0.08,0.52,85.13,18.43,22.05,5.24,2.31,2.69,50.59,NP,24.65,131.46,142.61,-0.04,NP,NP,NP,NP,3.21,NP,NP,NP,NP,NP,NP,NP,NP,NP,NP,NP,NP,NP,NP,NP,NA
NWT,SPILLWAY,1997,1997-09-25,840,6.86,15.8,75.51,NP,NP,0.14,1.41,84.33,16.37,20.27,5.24,2.26,1.97,50.53,NP,24.64,127.76,130.26,-0.01,NP,NP,NP,NP,3.38,NP,NP,NP,NP,NP,NP,NP,NP,NP,NP,NP,NP,NP,NP,NP,NA
NWT,SPILLWAY,1997,1997-10-02,825,6.82,16.2,85.49,NP,NP,0.15,1.62,94.52,17.36,19.88,5.47,2.17,1.65,51.76,NP,25.32,139,141.07,-0.01,NP,NP,NP,NP,3.27,NP,NP,NP,NP,NP,NP,NP,NP,NP,NP,NP,NP,NP,NP,NP,NA
NWT,SPILLWAY,1997,1997-10-09,805,6.78,15.4,81.37,NP,NP,0.17,1.09,89.31,18.18,18.88,5.34,2.2,0.97,52.78,NP,24.7,132.97,137.32,-0.02,NP,NP,NP,NP,2.05,NP,NP,NP,NP,NP,NP,NP,NP,NP,NP,NP,NP,NP,NP,NP,NA
NWT,SPILLWAY,1997,1997-10-23,730,6.82,16,81.45,NP,NP,0.15,NP,89.31,18.1,19.62,5.47,2.37,1.08,55.63,NP,28.41,132.65,140.53,-0.03,NP,NP,NP,NP,1.08,NP,NP,NP,NP,NP,NP,NP,NP,NP,NP,NP,NP,NP,NP,NP,NA
NWT,SPILLWAY,1997,1997-11-06,945,7.19,17.46,93.85,NP,NP,0.06,1.05,102.05,19.91,24.62,6.19,3.75,2.27,60.13,NP,28.39,153.88,160,-0.02,NP,NP,NP,NP,3.32,NP,NP,NP,NP,NP,NP,NP,NP,NP,NP,NP,NP,NP,NP,NP,NA
NWT,SPILLWAY,1997,1997-12-23,1125,7.03,21,110.73,NP,NP,0.09,3.11,129.51,27.56,27.84,7.85,3.47,2.6,76.85,NP,28.66,195.97,193.64,0.01,NP,NP,NP,NP,5.71,NP,NP,NP,NP,NP,NP,NP,NP,NP,NP,NP,NP,NP,NP,NP,NA
NWT,SPILLWAY,1998,1998-02-12,1100,6.87,21.7,95.47,NP,NP,0.13,1.23,132.54,28.05,27.4,7.42,3.53,4.52,87.15,NP,22.51,196.77,190.66,0.02,14.51,7.71,6.8,1.97,5.74,0.72,0.09,0.63,0.09,NP,NP,NP,NP,NP,NP,NP,NP,NP,NP,NP,NA
NWT,SPILLWAY,1998,1998-05-12,1130,6.77,20.1,89.64,NP,NP,0.17,1.19,125.06,24.6,25.05,6.27,3.05,5.23,76.85,NP,22.37,182.34,174.76,0.02,7.1,7.18,NP,0.76,6.42,0.13,0.08,0.05,0.08,NP,NP,NP,NP,NP,NP,NP,NP,NP,NP,NP,NA
NWT,SPILLWAY,1998,1998-05-21,1000,6.63,13.89,66.27,NP,NP,0.23,2.86,79.21,15.96,25.49,4.3,3.38,5.56,45.89,NP,14.61,128.04,121.11,0.03,11.77,8.72,3.04,0.3,8.42,0.12,0.14,NP,0.14,NP,NP,NP,NP,NP,NP,NP,NP,NP,1.78,NP,NA
NWT,SPILLWAY,1998,1998-05-28,1450,6.81,19.85,110.91,NP,NP,0.15,1.33,121.54,23.61,25.92,6.3,2.93,0.92,66.75,NP,17.47,178.86,181.51,-0.01,4.07,2.23,1.84,NP,2.25,0.09,0.07,0.02,0.07,NP,NP,NP,NP,NP,NP,NP,NP,NP,2.34,NP,NA
NWT,SPILLWAY,1998,1998-06-04,810,6.7,19.55,109.61,NP,NP,0.2,0.77,121.68,23.53,25.36,6.44,3.22,0.92,66.35,NP,20.8,177.98,180.1,-0.01,5.93,2.69,3.23,1,1.69,0.19,NP,0.19,NP,NP,NP,NP,NP,NP,NP,NP,NP,NP,1.8,NP,NA
NWT,SPILLWAY,1998,1998-06-11,805,6.83,19.68,120.65,NP,NP,0.15,0.42,121.94,23.45,25.4,6.44,3.36,NP,64.54,NP,22.93,177.81,188.55,-0.03,5.58,2.88,2.71,2.46,0.42,0.2,0.17,0.03,0.17,NP,-15.9,NP,NP,NP,NP,NP,NP,NP,1.2,NP,NA
NWT,SPILLWAY,1998,1998-06-18,900,6.54,19.25,120.02,NP,NP,0.29,NP,123.99,23.28,25.19,6.29,3.19,1.44,63.31,NP,27.27,179.04,187.96,-0.02,5.73,4.13,1.6,2.7,1.44,0.23,NP,0.23,NP,NP,NP,NP,NP,NP,NP,NP,NP,NP,1.22,NP,NA
NWT,SPILLWAY,1998,1998-06-25,750,6.73,19.1,119.37,NP,NP,0.19,NP,121.68,22.95,25.19,6.62,3.38,2.48,64.81,NP,29.79,176.62,190.05,-0.04,7.59,5.19,2.4,2.71,2.48,0.19,0.05,0.15,0.05,NP,-15.9,NP,NP,NP,NP,NP,NP,NP,1.22,NP,NA
NWT,SPILLWAY,1998,1998-07-02,1335,6.69,18.93,107.18,NP,NP,0.2,0.52,116.2,22.95,25.14,6.85,4.51,5.24,63.42,NP,30.01,171.87,180.35,-0.02,10.84,8.5,2.33,2.74,5.76,0.15,0.07,0.08,0.07,NP,NP,NP,NP,NP,NP,NP,NP,NP,1.47,NP,NA
NWT,SPILLWAY,1998,1998-07-09,1235,6.97,18.02,96.36,NP,NP,0.11,0.79,114.91,21.55,23.05,6.39,3.02,6.26,60.11,NP,27.96,166.81,165.74,0,11.17,8.21,2.96,1.16,7.05,0.15,0.1,0.05,0.1,NP,NP,NP,NP,NP,NP,NP,NP,NP,1.18,NP,NA
NWT,SPILLWAY,1998,1998-07-16,1330,6.62,17.5,80.83,NP,NP,0.24,0.33,107.88,20.9,21.71,6.14,3.19,5.24,58.96,NP,27.31,157.18,148.22,0.03,10.97,7.29,3.68,1.72,5.57,0.25,0.17,0.07,0.17,NP,NP,NP,NP,NP,NP,NP,NP,NP,1.06,NP,NA
NWT,SPILLWAY,1998,1998-07-23,800,6.78,16.3,78.81,NP,NP,0.17,0.49,104.32,20.4,21.27,6.21,3.19,5.42,57.11,NP,27.49,152.86,144.52,0.03,9.77,8.92,0.85,3.01,5.91,0.27,0.23,0.05,0.23,NP,NP,NP,NP,NP,NP,NP,NP,NP,NP,NP,NA
NWT,SPILLWAY,1998,1998-07-30,830,6.69,15.85,86.27,NP,NP,0.2,1.29,102.09,20.24,20.27,5.98,2.88,5.11,54.28,NP,26.5,150.08,148.54,0.01,9.96,8.99,0.97,2.58,6.4,0.2,0.21,NP,0.21,NP,NP,NP,NP,NP,NP,NP,NP,NP,NP,NP,NA
NWT,SPILLWAY,1998,1998-08-06,825,6.61,15.9,90.37,NP,NP,0.25,1.33,101.11,19.91,20.88,5.73,2.71,5.19,54.49,NP,25.71,149.2,152.76,-0.01,14.14,10.57,3.57,4.05,6.52,0.58,0.16,0.41,0.16,NP,NP,NP,NP,NP,NP,NP,NP,NP,NP,NP,NA
NWT,SPILLWAY,1998,1998-08-13,820,6.59,15.94,87.91,NP,NP,0.26,1.91,101.53,20.15,22.92,5.88,2.71,5.37,55.32,NP,26.68,152.66,151.31,0,9.8,9.8,NP,2.52,7.28,0.16,NP,0.16,NP,NP,NP,NP,NP,NP,NP,NP,NP,NP,NP,NP,NA
NWT,SPILLWAY,1998,1998-08-20,840,6.75,16.14,92.96,NP,NP,0.18,1.41,100.84,20.48,23.75,6.06,2.62,5.16,54.82,NP,22.43,152.72,155.56,-0.01,8.8,8.5,0.3,1.94,6.57,0.05,NP,0.05,NP,NP,NP,NP,NP,NP,NP,NP,NP,NP,NP,NP,NA
NWT,SPILLWAY,1998,1998-08-27,1015,6.64,15.93,88.45,NP,NP,0.23,NP,100.35,20.57,23.75,6.06,2.34,3.35,55.59,NP,17.35,150.96,149.74,0,8.48,5.29,3.19,1.94,3.35,0.17,0.1,0.07,0.1,NP,NP,NP,NP,NP,NP,NP,NP,NP,1.58,NP,NA
NWT,SPILLWAY,1998,1998-09-03,940,6.71,16,91.16,NP,NP,0.19,2.01,99.24,20.65,23.84,6.11,2.76,1.42,56.07,NP,16.56,152.04,151.41,0,6.02,5.63,0.39,2.21,3.43,0.08,0.05,0.03,0.05,NP,NP,NP,NP,NP,NP,NP,NP,NP,NP,NP,NA
NWT,SPILLWAY,1998,1998-09-10,845,6.78,16.11,87.19,NP,NP,0.17,0.73,100,20.65,23.01,5.98,2.54,0.53,55.46,NP,16.86,150.53,145.73,0.02,5.77,4.88,0.89,3.62,1.26,0.08,NP,0.08,NP,NP,NP,NP,NP,NP,NP,NP,NP,NP,1.55,NP,NA
NWT,SPILLWAY,1998,1998-09-17,815,6.89,16.84,94.75,NP,NP,0.13,2.29,105.25,21.55,22.88,6.11,2.59,0.47,56.19,NP,17.59,158.22,154.01,0.01,7.5,6.69,0.81,3.93,2.76,0.04,NP,0.04,NP,NP,NP,NP,NP,NP,NP,NP,NP,NP,NP,NP,NA
NWT,SPILLWAY,1998,1998-09-24,855,6.61,17.84,101.16,NP,NP,0.25,0.59,116.47,21.96,24.88,6.67,3.3,0.66,65,NP,19.5,170.83,170.12,0,9.16,7.13,2.03,5.87,1.25,0.4,0.06,0.33,0.06,NP,NP,NP,NP,NP,NP,NP,NP,NP,1.15,NP,NA
NWT,SPILLWAY,1998,1998-10-01,840,6.6,17.31,94.23,NP,NP,0.25,0.54,106.68,21.64,23.31,6.24,2.51,NP,57.86,NP,20.78,158.66,154.6,0.01,7.05,6.33,0.73,5.78,0.54,0.25,0.14,0.1,0.14,NP,NP,NP,NP,NP,NP,NP,NP,NP,NP,NP,NA
NWT,SPILLWAY,1998,1998-10-08,800,6.57,16.8,92.21,NP,NP,0.27,0.27,102.49,21.22,23.31,5.96,2.68,NP,60.65,NP,21.52,153.53,155.54,-0.01,7.64,4.03,3.61,3.76,0.27,0.17,NP,0.17,NP,NP,NP,NP,NP,NP,NP,NP,NP,NP,NP,NP,NA
NWT,SPILLWAY,1998,1998-10-22,810,6.79,17.46,91.68,NP,NP,0.16,0.25,102.89,22.38,25.4,6.21,2.74,0.52,63.11,NP,22.33,157.3,158.04,0,8.04,6.33,1.71,5.56,0.77,0.25,0.05,0.2,0.05,NP,NP,NP,NP,NP,NP,NP,NP,NP,1.45,NP,NA
NWT,SPILLWAY,1998,1998-10-29,850,6.78,17.28,98.87,NP,NP,0.17,NP,102.54,22.05,25.19,6.5,3.07,0.45,60.17,NP,22.07,156.43,162.57,-0.02,9.05,6.87,2.18,6.42,0.45,0.15,0.03,0.11,0.03,NP,NP,NP,NP,NP,NP,NP,NP,NP,NP,NP,NA
NWT,SPILLWAY,1999,1999-05-27,1100,6.82,25.1,128.35,NP,NP,0.15,2.58,154.75,28.96,30.97,7.08,4.03,23.68,76.16,NP,51.79,224.5,232.22,-0.02,24.95,25.32,NP,NP,26.26,0.14,0.11,0.03,0.11,NP,NP,NP,NP,NP,NP,NP,NP,NP,NP,NP,NA
NWT,SPILLWAY,1999,1999-05-30,1050,NP,NP,NP,NP,NP,NP,NP,NP,NP,NP,NP,NP,NP,NP,NP,NP,NP,NP,NP,NP,NP,NP,NP,NP,NP,NP,NP,NP,NP,NP,NP,NP,NP,NP,NP,NP,NP,NP,NP,NA
NWT,SPILLWAY,1999,1999-06-24,815,6.56,19.46,89.84,NP,NP,0.28,0.92,108.41,22.79,23.27,7.67,4.23,15.19,62.86,NP,44.13,163.34,172.12,-0.03,21.24,20.42,0.82,4.31,16.11,0.14,0.07,0.07,0.07,NP,NP,NP,NP,NP,NP,NP,NP,NP,NP,NP,NA
NWT,SPILLWAY,1999,1999-07-01,810,6.68,19.18,86.96,NP,NP,0.21,1.11,109.39,22.54,23.97,7.49,3.86,14.32,62.54,NP,39.56,164.71,167.69,-0.01,26.48,19.12,7.36,3.68,15.44,0.26,0.15,0.11,0.15,NP,NP,NP,NP,NP,NP,NP,NP,NP,NP,NP,NA
NWT,SPILLWAY,1999,1999-07-08,745,6.62,18.04,74.81,NP,NP,0.24,0.31,106.85,21.88,22.88,7.37,3.84,13.69,59.84,NP,36.38,159.53,152.18,0.02,19.63,17.28,2.34,3.29,14,0.22,0.06,0.16,0.06,NP,NP,NP,NP,NP,NP,NP,NP,NP,NP,NP,NA
NWT,SPILLWAY,1999,1999-07-15,815,6.64,17.58,82.78,NP,NP,0.23,0.7,107.08,20.9,22.05,7.01,3.98,12.45,58.5,NP,35.66,157.96,157.71,0,18.06,15.84,2.21,2.69,13.15,0.17,0.08,0.09,0.08,NP,NP,NP,NP,NP,NP,NP,NP,NP,NP,NP,NA
NWT,SPILLWAY,1999,1999-07-22,815,6.63,17.29,72.48,NP,NP,0.23,NP,105.43,21.22,22.05,6.93,3.72,10.76,57.82,NP,33.9,155.87,144.78,0.04,16.29,13.73,2.56,2.97,10.76,0.27,0.1,0.17,0.1,NP,NP,NP,NP,NP,NP,NP,NP,NP,NP,NP,NA
NWT,SPILLWAY,1999,1999-07-29,755,6.77,16.52,84.65,NP,NP,0.17,NP,101.29,19.09,20.62,6.65,3.41,9.61,55.01,NP,30.2,147.81,152.68,-0.02,13.72,12.2,1.52,2.59,9.61,0.08,0.1,NP,0.1,NP,NP,NP,NP,NP,NP,NP,NP,NP,NP,NP,NA
NWT,SPILLWAY,1999,1999-08-05,800,6.58,16.1,77.15,NP,NP,0.26,0.91,98.89,19.17,19.62,6.19,2.88,8.73,53.22,NP,29.98,145.03,141.97,0.01,13.93,11.77,2.16,2.13,9.63,0.08,NP,0.08,NP,NP,NP,NP,NP,NP,NP,NP,NP,NP,NP,NP,NA
NWT,SPILLWAY,1999,1999-08-12,735,6.64,16.06,79.09,NP,NP,0.23,1.76,98.66,19.33,20.01,6.04,2.71,8.23,53.32,NP,31.04,146.02,143.34,0.01,13.09,12.59,0.49,2.61,9.98,0.07,0.05,0.02,0.05,NP,NP,NP,NP,NP,NP,NP,NP,NP,NP,NP,NA
NWT,SPILLWAY,1999,1999-08-19,800,6.74,16.31,81.82,NP,NP,0.18,1.94,98.6,19,20.01,6.04,2.71,8.19,54.07,NP,30.01,145.77,146.79,0,13.76,12.39,1.37,2.26,10.13,0.15,0.03,0.12,0.03,NP,NP,NP,NP,NP,NP,NP,NP,NP,NP,NP,NA
NWT,SPILLWAY,1999,1999-08-26,1240,6.77,16.37,80.46,NP,NP,0.17,1.28,97.77,19.25,19.79,5.98,2.74,7.98,55.13,NP,30.45,144.25,146.31,-0.01,12.33,12.09,0.24,2.83,9.26,0.13,0.14,NP,0.14,NP,NP,NP,NP,NP,NP,NP,NP,NP,NP,NP,NA
NWT,SPILLWAY,1999,1999-09-02,1240,6.69,16.58,84.37,NP,NP,0.2,NP,97.77,19.5,20.49,5.98,2.59,7.06,54.96,NP,30.94,143.94,148.99,-0.02,11.56,10.67,0.89,3.61,7.06,0.13,0.09,0.04,0.09,NP,NP,NP,NP,NP,NP,NP,NP,NP,NP,NP,NA
NWT,SPILLWAY,1999,1999-09-07,1230,6.76,16.68,83.22,NP,NP,0.17,NP,99.42,20.57,20.75,5.65,2.51,5.79,56.21,NP,30.78,146.56,147.73,0,11.17,10.14,1.03,4.35,5.79,0.09,NP,0.09,NP,NP,NP,NP,NP,NP,NP,NP,NP,NP,NP,NP,NA
NWT,SPILLWAY,1999,1999-09-14,830,6.86,16.69,82.52,NP,NP,0.14,1.56,99.42,20.4,21.23,5.42,2.59,4.79,56.82,NP,31.81,148.17,146.72,0,9.09,8.33,0.76,1.98,6.35,0.08,NP,0.08,NP,NP,NP,NP,NP,NP,NP,NP,NP,NP,NP,NP,NA
NWT,SPILLWAY,1999,1999-09-28,1150,6.78,17.08,88.18,NP,NP,0.17,0.36,99.55,19.91,20.53,6.06,2.51,4.32,58,NP,29.06,146.58,153.02,-0.02,8.92,8.62,0.31,3.93,4.69,0.19,0.07,0.12,0.07,NP,NP,NP,NP,NP,NP,NP,NP,NP,NP,NP,NA
NWT,SPILLWAY,1999,1999-10-12,1150,6.51,18,93.28,NP,NP,0.31,1.28,105.34,20.65,22.31,6.16,3.13,4.44,59.77,NP,28.58,156.05,160.62,-0.01,10.61,9.75,0.86,4.04,5.71,0.15,0.1,0.05,0.1,NP,NP,NP,NP,NP,NP,NP,NP,NP,NP,NP,NA
NWT,SPILLWAY,1999,1999-10-26,1010,6.85,17.5,90.35,NP,NP,0.14,0.66,107.43,21.72,21.84,6.1,2.76,4.13,61.17,NP,29.98,157.88,158.41,0,10.83,7.27,3.56,2.48,4.79,0.15,0.13,0.03,0.13,NP,NP,NP,NP,NP,NP,NP,NP,NP,NP,NP,NA
NWT,SPILLWAY,1999,1999-11-09,1150,6.98,18.42,95.32,NP,NP,0.1,NP,109.21,22.13,23.31,5.7,2.57,3.68,65.37,NP,30.96,160.46,166.94,-0.02,9.81,7.26,2.55,3.58,3.68,0.18,NP,0.18,NP,NP,NP,NP,NP,NP,NP,NP,NP,NP,NP,NP,NA
NWT,SPILLWAY,1999,1999-11-23,1000,6.9,19.24,100.59,NP,NP,0.13,1.15,115.4,23.86,23.79,6.27,2.57,3.11,65.37,0.22,30.32,170.59,171.87,0,8.07,6.98,1.09,2.72,4.26,0.14,0.13,0.01,0.05,0.07,NP,NP,NP,NP,NP,NP,NP,NP,NP,NP,NA
NWT,SPILLWAY,2000,2000-04-18,1200,6.77,18.52,90.54,NP,NP,0.17,0.63,111.22,22.97,22.71,5.24,2.74,0.76,66.79,NP,22.66,162.93,160.82,0.01,NP,2.91,NP,1.52,1.39,NP,NP,NP,NP,NP,-14.31,NP,NP,NP,NP,NP,NP,NP,NP,NP,NA
NWT,SPILLWAY,2000,2000-04-27,1140,6.51,12.74,58.93,NP,NP,0.31,0.44,76.67,14.87,17.96,3.66,1.92,0.97,45.43,NP,14.83,113.91,107.24,0.03,NP,4.16,NP,2.76,1.4,NP,NP,NP,NP,NP,-13.78,NP,NP,NP,NP,NP,NP,NP,NP,NP,NA
NWT,SPILLWAY,2000,2000-05-04,1130,6.89,19.74,90.84,NP,NP,0.13,NP,119.45,24.33,24.27,4.83,2.4,NP,69.91,NP,22.99,173.01,163.15,0.03,NP,29.2,NP,29.2,NP,0.17,NP,0.17,NP,NP,NP,NP,NP,NP,NP,NP,NP,NP,NP,NP,NA
NWT,SPILLWAY,2000,2000-05-11,930,6.67,19.62,92.94,NP,NP,0.21,NP,121.41,24.68,24.27,5.19,2.68,NP,69.98,NP,24.02,175.77,165.6,0.03,NP,2.05,NP,2.05,NP,0.09,NP,0.09,NP,NP,-14.53,NP,NP,NP,NP,NP,NP,NP,1.14,NP,NA
NWT,SPILLWAY,2000,2000-05-18,915,6.67,20,98.36,NP,NP,0.21,0.39,126.71,25.08,23.92,5.86,2.91,1.19,69.33,NP,27.86,182.18,171.79,0.03,NP,2.54,NP,0.95,1.59,NP,NP,NP,NP,NP,-14.66,NP,NP,NP,NP,NP,NP,NP,1.16,NP,NA
NWT,SPILLWAY,2000,2000-05-25,945,6.82,20.3,106.04,NP,NP,0.15,0.46,130,25.65,24.05,4.94,3.13,1.92,68.96,NP,30.49,185.26,180.05,0.01,NP,6.09,NP,3.71,2.38,0.22,0.06,0.15,0.06,NP,-14.89,NP,NP,NP,NP,NP,NP,NP,1.35,NP,NA
NWT,SPILLWAY,2000,2000-06-01,750,6.6,21.2,106.43,NP,NP,0.25,0.54,134.85,25.52,26.88,7.88,4.71,2.63,70.98,NP,33.02,195.92,184.74,0.03,NP,6.67,NP,3.5,3.17,0.19,NP,0.19,NP,NP,-15.13,NP,NP,NP,NP,NP,NP,NP,1.38,NP,NA
NWT,SPILLWAY,2000,2000-06-08,735,6.86,20.9,107.66,NP,NP,0.14,0.34,132.54,25.59,26.84,6.21,3.28,3.42,72.83,NP,35.36,191.66,187.19,0.01,NP,5.38,NP,1.61,3.77,0.06,NP,0.06,NP,NP,-15.32,NP,NP,NP,NP,NP,NP,NP,1.3,NP,NA
NWT,SPILLWAY,2000,2000-06-15,920,6.61,20.3,103.12,NP,NP,0.25,0.36,129.6,24.7,26.97,6.6,3.16,3.69,71.91,NP,33.45,188.48,181.88,0.02,NP,8,NP,3.95,4.06,0.17,0.08,0.09,0.08,NP,-15.47,NP,NP,NP,NP,NP,NP,NP,1.39,NP,NA
NWT,SPILLWAY,2000,2000-06-22,845,6.75,20.1,103.92,NP,NP,0.18,0.36,128.93,24.32,26.19,6.85,3.27,4.31,72.89,NP,33.07,186.83,184.39,0.01,NP,12.03,NP,7.36,4.67,0.05,NP,0.05,NP,NP,-15.65,NP,NP,NP,NP,NP,NP,NP,1.9,NP,NA
NWT,SPILLWAY,2000,2000-06-29,820,6.85,19.96,99.2,NP,NP,0.14,0.68,124.13,23.91,26.45,6.7,3.19,4.94,71.12,NP,32.65,182.01,178.44,0.01,NP,9.18,NP,3.56,5.61,0.09,NP,0.09,NP,NP,-15.76,NP,NP,NP,NP,NP,NP,NP,1.32,NP,NA
NWT,SPILLWAY,2000,2000-07-06,900,6.85,19.72,98.58,NP,NP,0.14,1.02,122.43,24.26,24.53,6.52,3.36,4.98,72.12,NP,32.27,178.91,179.04,0,NP,9.42,NP,3.41,6,0.07,0.08,NP,0.08,NP,-15.79,NP,NP,NP,NP,NP,NP,NP,1.32,NP,NA
NWT,SPILLWAY,2000,2000-07-13,1020,6.66,20.55,103.99,NP,NP,0.22,1.63,119.63,23.83,24.1,6.19,3.22,3.89,72.47,NP,32.34,175.6,183.57,-0.02,NP,9.21,NP,3.69,5.52,0.19,0.09,0.1,0.09,NP,-16.03,NP,NP,NP,NP,NP,NP,NP,1.22,NP,NA
NWT,SPILLWAY,2000,2000-07-20,1355,6.75,18.9,103.83,NP,NP,0.18,1.56,113.09,23.3,24.79,6.19,3.05,3.56,68.62,NP,30.15,169.11,179.06,-0.03,NP,10.83,NP,5.7,5.13,0.15,NP,0.15,NP,NP,NP,NP,NP,NP,NP,NP,NP,NP,NP,NP,NA
NWT,SPILLWAY,2000,2000-07-27,905,6.73,18.67,101.92,NP,NP,0.19,0.82,110.95,23.11,23.75,6.06,2.91,3.48,68.55,NP,29.78,164.87,176.86,-0.04,NP,10.7,NP,6.4,4.3,0.1,NP,0.1,NP,NP,-16.13,NP,NP,NP,NP,NP,NP,NP,1.17,NP,NA
NWT,SPILLWAY,2000,2000-08-10,1000,6.85,18.46,102.32,NP,NP,0.14,1.14,112.46,23.53,23.18,6.39,2.85,2.56,68.46,NP,25.12,166.84,176.19,-0.03,NP,7.8,NP,4.1,3.7,0.06,0.06,NP,0.06,NP,-16.02,NP,NP,NP,NP,NP,NP,NP,1.17,NP,NA
NWT,SPILLWAY,2000,2000-08-24,910,6.81,19.47,98.88,NP,NP,0.15,2.05,115.45,24.5,23.18,5.78,2.71,1.68,66.83,NP,23.14,171.11,170.1,0,NP,7.29,NP,3.57,3.73,0.11,NP,0.11,NP,NP,-15.92,NP,NP,NP,NP,NP,NP,NP,1.33,NP,NA
NWT,SPILLWAY,2000,2000-09-07,1315,6.7,18.38,103.59,NP,NP,0.2,1.49,116.14,23.96,23.62,5.88,2.76,NP,64.15,NP,20.22,171.28,170.5,0,NP,5.2,NP,3.72,1.49,0.12,0.05,0.06,0.05,NP,NP,NP,NP,NP,NP,NP,NP,NP,NP,NP,NA
NWT,SPILLWAY,2000,2000-10-05,1240,6.6,19.17,106.96,NP,NP,0.25,1.83,116.29,24.47,24.32,6.19,3.07,NP,65.69,NP,18.23,173.34,175.72,-0.01,NP,5.29,NP,3.46,1.83,0.15,0.16,NP,0.16,NP,-15.11,NP,NP,NP,NP,NP,NP,NP,NP,NP,NA
NWT,SPILLWAY,2000,2000-10-19,1010,6.93,19.07,108.47,NP,NP,0.12,0.84,117.8,24.3,24.53,6.39,2.82,NP,86.74,NP,18.2,173.98,198.03,-0.06,NP,2.76,NP,1.92,0.84,0.15,0.15,NP,0.15,NP,-15.12,NP,NP,NP,NP,NP,NP,NP,NP,NP,NA
NWT,SPILLWAY,2000,2000-10-26,1025,6.8,19.61,113.57,NP,NP,0.16,1.29,117.72,25.05,25.19,6.78,3.44,NP,67.54,NP,18.52,176.17,184.55,-0.02,NP,5.04,NP,3.76,1.29,0.15,0.1,0.05,0.1,NP,-15.06,NP,NP,NP,NP,NP,NP,NP,1.02,NP,NA
NWT,SPILLWAY,2001,2001-04-24,1100,7,18.61,99.84,NP,NP,0.1,NP,113.4,22.61,22.44,5.96,2.99,1.1,70.04,NP,11.55,164.52,173.96,-0.03,NP,3.5,NP,2.41,1.1,0.15,0.1,0.05,0.1,NP,-15.01,NP,NP,NP,NP,NP,NP,NP,NP,NP,NA
NWT,SPILLWAY,2001,2001-05-03,1235,6.99,22.4,122.32,NP,NP,0.1,NP,136.01,27.91,26.75,6.14,3.1,NP,86.3,NP,13.1,196.91,211.72,-0.04,NP,7.55,NP,7.55,NP,0.18,0.15,0.03,0.15,NP,-15.05,NP,NP,NP,NP,NP,NP,NP,NP,NP,NA
NWT,SPILLWAY,2001,2001-05-17,1235,7.01,21.7,116.9,NP,NP,0.1,NP,135.74,28.14,26.32,6.29,3.41,NP,79.95,NP,18.96,196.59,200.26,-0.01,NP,3.86,NP,3.86,NP,0.24,0.1,0.14,0.1,NP,-15.08,NP,NP,NP,NP,NP,NP,NP,NP,NP,NA
NWT,SPILLWAY,2001,2001-05-24,815,6.72,22.2,116.69,NP,NP,0.19,NP,138.42,28.53,29.01,6.29,3.5,NP,81.26,NP,18.16,202.44,201.45,0,NP,8.05,NP,8.05,NP,0.64,0.21,0.43,0.21,NP,-15.13,NP,NP,NP,NP,NP,NP,NP,NP,NP,NA
NWT,SPILLWAY,2001,2001-05-31,730,6.76,24.2,126.84,NP,NP,0.17,1.79,139.93,28.33,40.02,8.77,19.21,NP,82.55,NP,19.38,219.02,228.6,-0.02,NP,NP,NP,NP,1.79,0.38,0.15,0.23,0.15,NP,-14.95,NP,NP,NP,NP,NP,NP,NP,NP,NP,NA
NWT,SPILLWAY,2001,2001-06-07,740,6.79,24.3,129.22,NP,NP,0.16,0.79,146.38,29.2,36.67,9.46,4.91,NP,84.2,NP,20.9,222.66,218.32,0.01,NP,4.03,NP,3.24,0.79,0.35,0.16,0.19,0.16,NP,-15.07,NP,NP,NP,NP,NP,NP,NP,NP,NP,NA
NWT,SPILLWAY,2001,2001-06-14,1020,6.9,23.4,129.68,NP,NP,0.13,NP,147.27,28.6,28.58,7.26,3.33,NP,83.65,NP,24.04,211.84,216.66,-0.01,NP,4.63,NP,4.63,NP,0.2,NP,0.2,NP,NP,-15.14,NP,NP,NP,NP,NP,NP,NP,NP,NP,NA
NWT,SPILLWAY,2001,2001-06-21,1106,6.84,23.3,117.88,NP,NP,0.14,0.71,146.74,28.74,29.53,7.98,5.13,NP,84.22,NP,24.44,213.86,207.23,0.02,NP,6.25,NP,5.54,0.71,0.09,NP,0.09,NP,NP,NP,NP,NP,NP,NP,NP,NP,NP,NP,NP,NA
NWT,SPILLWAY,2001,2001-06-28,1126,6.85,22.5,109.35,NP,NP,0.14,NP,141.62,27.8,28.27,6.5,3.72,NP,85.57,NP,25.34,204.33,198.64,0.01,NP,3.78,NP,3.78,NP,NP,NP,NP,NP,NP,NP,NP,NP,NP,NP,NP,NP,NP,NP,NP,NA
NWT,SPILLWAY,2001,2001-07-05,1325,6.91,22.4,108.42,NP,NP,0.12,NP,138.77,27.66,26.75,6.11,3.7,1.79,86.59,NP,25.58,199.41,200.5,0,NP,5.72,NP,3.93,1.79,0.2,0.09,0.11,0.09,NP,NP,NP,NP,NP,NP,NP,NP,NP,NP,NP,NA
NWT,SPILLWAY,2001,2001-07-12,1356,6.87,22.1,93.98,NP,NP,0.13,NP,133.79,26.62,25.79,6.29,3.7,3.19,85.72,NP,25.8,192.63,186.58,0.02,NP,NP,NP,NP,3.19,0.23,NP,0.23,NP,NP,NP,NP,NP,NP,NP,NP,NP,NP,NP,NP,NA
NWT,SPILLWAY,2001,2001-07-19,1325,6.88,21.6,94.65,NP,NP,0.13,0.69,129.96,26.32,25.36,7.08,3.19,3.29,85.28,NP,27.15,189.55,186.41,0.01,NP,4.18,NP,0.19,3.98,0.31,0.05,0.26,0.05,NP,NP,NP,NP,NP,NP,NP,NP,NP,NP,NP,NA
NWT,SPILLWAY,2001,2001-07-26,1000,6.88,21.4,98.01,NP,NP,0.13,NP,130.45,26.41,24.97,6.93,3.19,3.81,83.86,NP,27.39,188.88,188.87,0,NP,10.65,NP,6.84,3.81,NP,NP,NP,NP,NP,NP,NP,NP,NP,NP,NP,NP,NP,NP,NP,NA
NWT,SPILLWAY,2001,2001-08-02,1500,6.75,21.1,90.28,NP,NP,0.18,NP,130.8,26.44,24.71,6.8,3.33,3.68,83.15,NP,28.95,188.93,180.44,0.02,NP,10.71,NP,7.03,3.68,0.19,0.08,0.12,0.08,NP,NP,NP,NP,NP,NP,NP,NP,NP,NP,NP,NA
NWT,SPILLWAY,2001,2001-08-09,1000,6.85,21.4,98.08,NP,NP,0.14,NP,129.2,26.54,25.23,6.62,3.05,3.45,82.38,NP,28.35,187.73,186.96,0,NP,11.01,NP,7.56,3.45,NP,NP,NP,NP,NP,NP,NP,NP,NP,NP,NP,NP,NP,NP,NP,NA
NWT,SPILLWAY,2001,2001-08-16,1345,6.85,21.5,96.2,NP,NP,0.14,NP,130.49,26.69,25.01,6.09,2.91,3.73,83.03,NP,32.38,188.43,185.86,0.01,NP,12.01,NP,8.29,3.73,0.21,0.11,0.1,0.11,NP,NP,NP,NP,NP,NP,NP,NP,NP,NP,NP,NA
NWT,SPILLWAY,2001,2001-08-23,1235,6.68,20.8,89.77,NP,NP,0.21,0.69,129.47,26.97,24.18,6.67,3.1,4.02,82.03,NP,32.91,188.2,178.92,0.03,NP,10.31,NP,5.6,4.71,0.23,0.2,0.03,0.2,NP,NP,NP,NP,NP,NP,NP,NP,NP,NP,NP,NA
NWT,SPILLWAY,2001,2001-08-30,1400,6.73,21.2,96.57,NP,NP,0.19,0.74,130.14,26.97,25.19,6.19,3.05,3.16,82.36,NP,34.63,189.41,185.14,0.01,NP,10.58,NP,6.68,3.9,0.22,0.24,NP,0.24,NP,NP,NP,NP,NP,NP,NP,NP,NP,NP,NP,NA
NWT,SPILLWAY,2001,2001-09-06,1410,6.86,21.5,92.34,NP,NP,0.14,0.71,130.18,27.09,24.58,6.5,2.96,2.74,82.8,NP,34.31,189.19,180.84,0.02,NP,8.06,NP,4.61,3.46,0.34,0.11,0.23,0.11,NP,NP,NP,NP,NP,NP,NP,NP,NP,NP,NP,NA
NWT,SPILLWAY,2001,2001-09-13,1225,6.77,21.2,91.6,NP,NP,0.17,0.98,130.18,26.88,24.58,6.34,3.22,2.52,83.96,NP,36.24,189.12,181.29,0.02,NP,10.15,NP,6.66,3.49,0.21,NP,0.21,NP,NP,NP,NP,NP,NP,NP,NP,NP,NP,NP,NP,NA
NWT,SPILLWAY,2001,2001-10-02,1255,6.85,22,94.48,NP,NP,0.14,0.43,132.23,27.48,25.19,6.5,3.19,1.48,83.65,NP,40.8,191.96,182.81,0.02,NP,8.58,NP,6.67,1.91,0.35,0.27,0.08,0.27,NP,NP,NP,NP,NP,NP,NP,NP,NP,NP,NP,NA
NWT,SPILLWAY,2001,2001-10-09,1320,6.78,22,93.52,NP,NP,0.17,0.57,133.32,27.72,25.79,6.5,3.27,NP,86.05,NP,40.43,194.07,182.84,0.03,NP,7.82,NP,7.25,0.57,0.36,0.17,0.19,0.17,NP,NP,NP,NP,NP,NP,NP,NP,NP,NP,NP,NA
NWT,SPILLWAY,2001,2001-10-16,805,7,22.7,96.97,NP,NP,0.1,0.68,137.66,28.04,26.29,7.01,3.86,1.39,90.5,NP,41.1,199.77,192.73,0.02,NP,12.34,NP,10.28,2.07,0.37,0.19,0.18,0.19,NP,NP,NP,NP,NP,NP,NP,NP,NP,NP,NP,NA
NWT,SPILLWAY,2001,2001-10-23,800,6.97,24,109.93,NP,NP,0.11,1.16,150.79,28.43,26.75,6.6,3.75,2.32,91.19,NP,42.98,213.84,207.2,0.02,NP,10.14,NP,6.65,3.49,0.36,0.21,0.15,0.21,NP,NP,NP,NP,NP,NP,NP,NP,NP,NP,NP,NA
NWT,SPILLWAY,2001,2001-11-08,900,6.93,22.6,95.66,NP,NP,0.12,0.76,139.13,29.06,26.75,6.29,3.16,1.03,93.29,NP,42.89,202.11,193.15,0.02,NP,8.82,NP,7.03,1.8,0.31,0.15,0.16,0.15,NP,NP,NP,NP,NP,NP,NP,NP,NP,NP,NP,NA
NWT,SPILLWAY,2001,2001-11-20,855,6.89,22.7,101.26,NP,NP,0.13,NP,140.46,29.71,27.36,6.44,3.5,0.89,94.27,NP,42.5,204.1,199.92,0.01,NP,7.4,NP,6.52,0.89,0.45,0.2,0.25,0.2,NP,NP,NP,NP,NP,NP,NP,NP,NP,NP,NP,NA
NWT,SPILLWAY,2001,2001-12-04,1220,6.88,23.4,99.46,NP,NP,0.13,NP,142.42,30.27,27.36,6.29,3.3,NP,97.08,NP,41.49,206.48,199.84,0.02,NP,7.45,NP,7.45,NP,0.33,NP,0.33,NP,NP,NP,NP,NP,NP,NP,NP,NP,NP,NP,NP,NA
NWT,SPILLWAY,2003,2003-06-12,1415,6.61,27.3,103.67,NP,NP,0.25,0.75,163.79,33.43,30.36,7.75,4.65,14.82,101.43,NP,50.72,236.33,224.58,0.03,20.97,16.93,4.03,1.36,15.57,0.3,NP,0.3,NP,NP,-15.95,NP,NP,NP,NP,NP,NP,1.77,1.74,0.03,NA
NWT,SPILLWAY,2003,2003-06-19,1400,6.73,24.8,102.73,NP,NP,0.19,0.78,152.57,30.33,28.27,8.29,4.26,14.79,96.73,NP,47.19,220.43,218.51,0,21.02,20.53,0.49,4.97,15.57,0.34,NP,0.34,NP,NP,-16.07,NP,NP,NP,NP,NP,NP,1.79,1.71,0.08,NA
NWT,SPILLWAY,2003,2003-06-26,1430,6.49,24.1,102.22,NP,NP,0.32,0.78,150.7,30.23,28.49,8.49,4.26,14.5,94.54,NP,48.22,219.02,215.52,0.01,23.1,21.15,1.95,5.88,15.28,0.21,0.18,0.03,0.18,NP,-16.05,NP,NP,NP,NP,NP,NP,1.98,1.82,0.15,NA
NWT,SPILLWAY,2003,2003-07-03,1415,6.59,23.5,92.38,NP,NP,0.26,0.69,147.18,29.52,26.86,8.21,4.26,13.4,94.25,NP,43.75,212.72,204.29,0.02,17.9,13.89,4.01,NP,14.09,0.16,NP,0.16,NP,NP,-16.02,NP,NP,NP,NP,NP,NP,1.79,1.58,0.2,NA
NWT,SPILLWAY,2003,2003-07-10,1400,6.99,22.35,95.77,NP,NP,0.1,1.18,140.42,29.78,25.97,7.14,3.98,12.53,90.67,NP,36.31,204.58,202.95,0,23.65,14.06,9.59,0.35,13.71,0.16,NP,0.16,NP,NP,-16.16,NP,NP,NP,NP,NP,NP,1.63,1.47,0.16,NA
NWT,SPILLWAY,2003,2003-07-15,1355,6.71,21.8,89.85,NP,NP,0.19,2.78,138.64,29.39,25.05,6.73,3.67,11.68,91.38,NP,32.82,202.79,196.57,0.02,16.48,13.12,3.37,NP,14.46,0.18,NP,0.18,NP,NP,-16.17,NP,NP,NP,NP,NP,NP,1.74,1.38,0.36,NA
NWT,SPILLWAY,2003,2003-07-17,1335,6.66,21.3,90.38,NP,NP,0.22,2.82,135.3,28.27,25.75,7.54,4.17,11.61,88.96,NP,30.82,199.91,195.13,0.01,18.61,14.43,4.17,0,14.43,0.1,0.06,0.04,0.06,NP,-16.07,NP,NP,NP,NP,NP,NP,1.52,1.36,0.15,NA
NWT,SPILLWAY,2003,2003-07-24,1415,6.86,20.6,80.54,NP,NP,0.14,2.09,128.4,26.59,24.14,6.88,3.24,11.22,85.28,NP,28.99,188.24,180.29,0.02,19.58,13.07,6.51,NP,13.32,0.08,0.06,0.02,0.06,NP,-16.21,NP,NP,NP,NP,NP,NP,1.46,1.44,0.03,NA
NWT,SPILLWAY,2003,2003-07-31,1130,6.74,19.9,90.15,NP,NP,0.18,3.11,128.27,26.72,24.14,7.01,3.3,10,87.55,NP,28.28,189.43,191,0,17.11,15.75,1.35,2.64,13.11,0.07,NP,0.07,NP,NP,-16.19,NP,NP,NP,NP,NP,NP,1.42,1.34,0.08,NA
NWT,SPILLWAY,2003,2003-08-07,1420,6.7,20.5,90.55,NP,NP,0.2,2.11,129.33,27.24,24.23,7.34,3.16,9,87.01,NP,29.87,190.45,189.72,0,16.21,14.75,1.46,3.64,11.11,0.07,NP,0.07,NP,NP,-16.27,NP,NP,NP,NP,NP,NP,1.48,1.33,0.16,NA
NWT,SPILLWAY,2003,2003-08-14,DNS,6.65,20.5,89.16,NP,NP,0.22,2.04,128.35,26.73,24.49,7.03,3.07,8.26,85.63,NP,28.21,188.87,186.12,0.01,14.66,12.39,2.27,2.09,10.3,0.15,NP,0.15,NP,NP,-15.86,NP,NP,NP,NP,NP,NP,1.57,1.35,0.22,NA
NWT,SPILLWAY,2003,2003-08-21,1325,6.61,21.7,91.52,NP,NP,0.25,1.64,130.94,28.27,25.58,6.65,3.07,8.13,88.88,NP,29.82,193.32,191.6,0,13.52,11.71,1.81,1.94,9.77,0.11,NP,0.11,NP,NP,-15.98,NP,NP,NP,NP,NP,NP,1.47,1.33,0.14,NA
NWT,SPILLWAY,2003,2003-08-28,1220,6.65,21.4,93.86,NP,NP,0.22,1.79,132.54,27.9,29.71,9.08,6.04,7.9,86.53,NP,30.03,201.24,194.33,0.02,15.48,14.51,0.97,4.82,9.69,NP,NP,NP,NP,NP,-15.9,NP,NP,NP,NP,NP,NP,1.5,1.41,0.09,NA
NWT,SPILLWAY,2003,2003-09-04,1310,6.6,20.7,93.27,NP,NP,0.25,1.58,130.8,28.5,26.01,7.83,3.13,7.56,85.84,NP,29.47,194.97,189.81,0.01,12.66,12.13,0.53,2.99,9.14,0.07,NP,0.07,NP,NP,-15.87,NP,NP,NP,NP,NP,NP,1.43,1.32,0.11,NA
NWT,SPILLWAY,2003,2003-09-11,1200,6.58,20.9,97.83,NP,NP,0.26,1.66,133.7,28.87,25.58,7.42,3.1,7.48,86.22,NP,31.15,197.49,194.63,0.01,13.12,11.73,1.39,2.58,9.15,0.07,0.05,0.02,0.05,NP,-15.69,NP,NP,NP,NP,NP,NP,1.35,1.3,0.05,NA
NWT,SPILLWAY,2003,2003-09-18,1235,6.57,22.1,95.74,NP,NP,0.27,1.88,136.63,29.24,25.79,7.34,3.3,7.39,89.17,NP,31.47,201.15,195.6,0.01,15.12,15.13,NP,5.87,9.26,0.1,0.11,NP,0.11,NP,-15.6,NP,NP,NP,NP,NP,NP,1.6,1.48,0.12,NA
NWT,SPILLWAY,2003,2003-09-25,1330,6.4,21.8,101.31,NP,NP,0.4,0.9,136.37,28.69,26.01,7.62,2.93,6.6,89.94,NP,30.95,199.98,200.78,0,13.28,12.39,0.89,4.9,7.5,0.18,0.13,0.05,0.13,NP,-15.47,NP,NP,NP,NP,NP,NP,NP,1.61,NP,NA
NWT,SPILLWAY,2003,2003-10-02,1330,6.49,22.4,96.11,NP,NP,0.32,2.39,137.48,29.29,26.49,8.62,2.79,5.02,91.5,NP,30.44,204.59,195.42,0.02,11.39,9.57,1.82,2.16,7.41,0.15,0.08,0.06,0.08,NP,-15.31,NP,NP,NP,NP,NP,NP,1.46,1.34,0.13,NA
NWT,SPILLWAY,2003,2003-10-09,1320,6.77,21.8,103.18,NP,NP,0.17,1.29,136.55,29.34,26.27,7.24,2.82,4.29,93.38,NP,30.42,200.86,203.67,-0.01,11.73,8.93,2.8,3.35,5.58,0.23,0.05,0.18,0.05,NP,-15.1,NP,NP,NP,NP,NP,NP,1.58,1.52,0.06,NA
NWT,SPILLWAY,2003,2003-10-23,1250,6.85,22.9,104.62,NP,NP,0.14,2.09,138.99,30.37,27.58,7.49,3.61,3.02,94.65,NP,28.91,206.67,205.89,0,12.09,8.85,3.23,3.74,5.11,0.17,0.06,0.11,0.06,NP,-15.02,NP,NP,NP,NP,NP,NP,1.74,1.45,0.29,NA
NWT,SPILLWAY,2003,2003-10-30,1140,6.84,23.1,106.09,NP,NP,0.14,1.67,140.28,30.33,27.14,7.26,3.07,2.53,96.23,NP,28.6,206.84,207.93,0,10,7.16,2.83,2.96,4.2,0.22,0.06,0.16,0.06,NP,-14.87,NP,NP,NP,NP,NP,NP,1.78,1.48,0.29,NA
NWT,SPILLWAY,2004,2004-05-11,1035,6.6,25.7,116.31,NP,NP,0.25,0.81,166.12,34.72,27.49,7.57,3.27,0.4,108.33,NP,16.44,236.96,228.31,0.02,8.15,5.14,3.01,3.92,1.22,0.25,0.14,0.11,0.14,NP,-14.76,NP,NP,NP,NP,NP,NP,1.51,1.44,0.08,NA
NWT,SPILLWAY,2004,2004-05-20,1400,6.52,25.1,121.16,NP,NP,0.3,0.51,166.32,33.49,27.32,7.21,3.05,0.23,110.16,NP,17.23,235.14,234.59,0,7.94,4.53,3.41,3.8,0.73,0.15,0.04,0.11,0.04,NP,-14.78,NP,NP,NP,NP,NP,NP,1.37,1.4,NP,NA
NWT,SPILLWAY,2004,2004-05-27,1310,6.59,24.9,120.76,NP,NP,0.26,0.54,164.42,32.88,28.27,6.93,3.24,0.92,107.06,NP,20.85,233.3,231.98,0,7.35,4.35,3,2.89,1.46,0.22,0.06,0.16,0.06,NP,-14.74,NP,NP,NP,NP,NP,NP,1.3,1.31,NP,NA
NWT,SPILLWAY,2004,2004-06-03,745,6.68,26.5,125.81,NP,NP,0.21,0.56,174.35,33.94,29.84,7.31,3.86,2.11,106.24,NP,28.71,246.21,238.03,0.02,9.8,6.55,3.25,3.88,2.67,0.19,0.11,0.08,0.11,NP,-14.77,NP,NP,NP,NP,NP,NP,NP,1.63,NP,NA
NWT,SPILLWAY,2004,2004-06-10,1415,6.47,26.1,133.01,NP,NP,0.34,0.62,172.5,33.32,30.75,7.31,3.55,1.31,107.68,NP,26.98,244.85,245.55,0,10.15,5.89,4.26,3.96,1.93,0.13,NP,0.13,NP,NP,-14.77,NP,NP,NP,NP,NP,NP,NP,2.04,NP,NA
NWT,SPILLWAY,2004,2004-06-17,750,7.04,26.1,139.8,NP,NP,0.09,0.68,172.65,34.7,31.41,6.88,3.44,0.08,107.7,NP,25.45,246.41,251.02,-0.01,9.21,4.37,4.84,3.61,0.76,0.33,0.1,0.23,0.1,NP,-14.75,NP,NP,NP,NP,NP,NP,NP,1.82,NP,NA
NWT,SPILLWAY,2004,2004-06-24,755,6.69,26.9,112.98,NP,NP,0.2,0.65,169.21,34.11,30.97,7.16,3.75,3.08,110.87,NP,25.75,242.3,230.68,0.02,12.52,8.21,4.31,4.48,3.73,0.27,0.21,0.07,0.21,NP,-14.93,NP,NP,NP,NP,NP,NP,NP,1.32,NP,NA
NWT,SPILLWAY,2004,2004-07-01,1235,6.6,25.9,116.08,NP,NP,0.25,0.64,164.52,32.84,30.54,8.06,3.81,6.13,106.62,NP,26.13,236.84,232.64,0.01,15.21,12.35,2.86,5.58,6.77,0.28,0.17,0.11,0.17,NP,-14.77,NP,NP,NP,NP,NP,NP,NP,1.46,NP,NA
NWT,SPILLWAY,2004,2004-07-08,1405,6.66,25.2,101.81,NP,NP,0.22,NP,161.38,32.56,30.54,7.98,4.26,6.53,107.7,NP,24.01,232.67,220.3,0.03,15.21,12.72,2.49,6.19,6.53,0.28,0.15,0.13,0.15,NP,-14.82,NP,NP,NP,NP,NP,NP,NP,0.84,NP,NA
NWT,SPILLWAY,2004,2004-07-15,1310,6.66,25.6,100.36,NP,NP,0.22,NP,159.53,32.74,30.06,7.83,3.89,6.26,109.28,NP,21.82,230.37,219.79,0.02,17.09,13.31,3.78,7.06,6.26,0.23,0.12,0.12,0.12,NP,-14.74,NP,NP,NP,NP,NP,NP,NP,0.86,NP,NA
NWT,SPILLWAY,2004,2004-07-29,1425,6.63,24.6,101.29,NP,NP,0.23,NP,154.19,32.05,28.97,7.72,3.58,6.9,109.06,NP,19.37,223.17,220.83,0.01,14.28,10.49,3.79,3.59,6.9,0.2,NP,0.2,NP,NP,-14.71,NP,NP,NP,NP,NP,NP,NP,0.99,NP,NA
NWT,SPILLWAY,2004,2004-08-12,1420,6.55,24.4,108.33,NP,NP,0.28,1.12,156.54,33.01,29.62,7.75,3.72,5.81,109.03,NP,16.89,228.33,226.89,0,12.85,11.74,1.12,4.81,6.93,0.07,NP,0.07,NP,NP,-14.57,NP,NP,NP,NP,NP,NP,NP,1,NP,NA
NWT,SPILLWAY,2004,2004-08-26,1350,6.46,24.25,104.71,NP,NP,0.35,2.64,157.39,33.6,29.8,7.54,4.01,7.21,111.55,NP,21.21,231.31,227.48,0.01,13.93,14.08,NP,4.23,9.85,0.12,0.05,0.06,0.05,NP,-14.4,NP,NP,NP,NP,NP,NP,NP,1.22,NP,NA
NWT,SPILLWAY,2004,2004-09-09,1340,6.73,24.7,108.43,NP,NP,0.19,3,156.69,33.51,30.19,7.34,3.78,8,110.05,NP,22.8,230.91,230.26,0,14.76,13.09,1.67,2.09,11,0.1,0.09,0.01,0.09,NP,-14.25,NP,NP,NP,NP,NP,NP,NP,1.12,NP,NA
NWT,SPILLWAY,2004,2004-09-23,1055,6.61,24.8,102.17,NP,NP,0.25,0.76,160.18,34.49,30.49,7.47,3.38,8.89,111.84,NP,24,233.63,226.29,0.02,14.07,14.15,NP,4.5,9.65,0.12,0.05,0.07,0.05,NP,-13.98,NP,NP,NP,NP,NP,NP,NP,1.39,NP,NA
NWT,SPILLWAY,2004,2004-10-07,1405,6.87,24.3,95.48,NP,NP,0.13,NP,160.18,35.12,30.75,7.24,3.67,7.84,117.32,NP,25.37,233.42,224.31,0.02,12.05,12.84,NP,5,7.84,0.14,0.04,0.1,0.04,NP,-14.09,NP,NP,NP,NP,NP,NP,NP,3.6,NP,NA
NWT,SPILLWAY,2004,2004-10-21,1120,7.01,24.8,99.11,NP,NP,0.1,NP,163.97,35.38,30.49,7.14,4.03,6.71,117.28,NP,26.65,237.08,227.13,0.02,14.69,14.74,NP,8.03,6.71,0.24,0.1,0.14,0.1,NP,-13.88,NP,NP,NP,NP,NP,NP,NP,NP,NP,NA
NWT,SPILLWAY,2004,2004-11-11,1135,6.73,25.5,109.87,NP,NP,0.19,NP,173.15,36.77,31.41,7.37,3.96,6.36,121.19,NP,27.91,248.88,241.39,0.02,9.72,8.79,0.93,2.43,6.36,0.14,NP,0.14,NP,NP,-13.78,NP,NP,NP,NP,NP,NP,NP,1.29,NP,NA