"SITE_ID","DOC_Median","TN_Median","TP_Median"
"NLA06608-0001",0.63,151,6
"NLA06608-0002",13.8,507,25
"NLA06608-0003",5.935,790.5,46.5
"NLA06608-0004",7.86,584,44
"NLA06608-0005",1.39,68,3
"NLA06608-0006",2.97,223,6
"NLA06608-0007",6.6,508,7.5
"NLA06608-0008",7.365,1163,72.5
"NLA06608-0010",4.55,485,10
"NLA06608-0012",7.075,1039,150.5
"NLA06608-0013",4.41,264,20
"NLA06608-0014",40.88,4325,175
"NLA06608-0015",3.78,454,100
"NLA06608-0016",4.53,685,39
"NLA06608-0019",49.67,6578,1376
"NLA06608-0020",4.71,466,20
"NLA06608-0021",2.81,426.5,9
"NLA06608-0023",4.29,455.5,18
"NLA06608-0024",9.025,901.5,32
"NLA06608-0025",3.13,97,5
"NLA06608-0029",5.51,2146,162
"NLA06608-0031",3.91,411,28
"NLA06608-0033",10.66,440,34
"NLA06608-0036",4.37,241,9
"NLA06608-0037",3.23,301,14
"NLA06608-0038",3.31,113,3
"NLA06608-0041",1.58,400,1
"NLA06608-0042",4.76,213,15
"NLA06608-0043",7.235,679.5,10
"NLA06608-0044",16.92,6741,554
"NLA06608-0045",4.57,488,59
"NLA06608-0048",4.77,943,84
"NLA06608-0049",1.88,256,15
"NLA06608-0050",6.13,361,17
"NLA06608-0053",2.84,260.5,24
"NLA06608-0057",9.86,1219,212
"NLA06608-0061",6.12,495,19
"NLA06608-0062",29.49,2834,141
"NLA06608-0064",37.23,3663,1359
"NLA06608-0065",1.34,70.5,2
"NLA06608-0066",1.9,626,6
"NLA06608-0068",0.75,131,1
"NLA06608-0069",17.27,754,45
"NLA06608-0071",8.15,2369,399
"NLA06608-0072",9.26,1994.5,175
"NLA06608-0073",20.475,1402.5,4772
"NLA06608-0076",5.37,710,32
"NLA06608-0077",7.25,1630,151
"NLA06608-0078",49.81,4541,111
"NLA06608-0079",1.69,108,6
"NLA06608-0080",5.34,1047,113
"NLA06608-0081",7.06,826,23
"NLA06608-0083",43.64,3925,58
"NLA06608-0085",12.15,1518,417
"NLA06608-0086",2.78,789,31
"NLA06608-0089",2.09,401,32
"NLA06608-0090",5.78,350,15
"NLA06608-0091",7.47,2216,167
"NLA06608-0099",5.805,612,8.5
"NLA06608-0101",1.18,63,1
"NLA06608-0102",3.67,137,1
"NLA06608-0104",6.16,1101,91
"NLA06608-0105",3.25,433,134
"NLA06608-0107",7.05,520,3
"NLA06608-0110",5.81,491,12
"NLA06608-0111",3.79,343,6
"NLA06608-0112",6.87,1266,96
"NLA06608-0113",3.76,190,9
"NLA06608-0115",2.65,540,5
"NLA06608-0116",3.87,271,26
"NLA06608-0120",4.645,1215,247.5
"NLA06608-0124",290.57,340,213
"NLA06608-0126",35.48,7019,605
"NLA06608-0127",11,641,19
"NLA06608-0128",18.58,3956,480
"NLA06608-0129",2.585,144.5,2.5
"NLA06608-0130",10.24,2234,36
"NLA06608-0132",5.96,466,56
"NLA06608-0134",2.21,156,4
"NLA06608-0137",0.9,82,3
"NLA06608-0139",8.21,763,33
"NLA06608-0140",7.53,1158,173
"NLA06608-0141",3.4,975,73
"NLA06608-0142",3.84,293,7
"NLA06608-0144",6.05,824.5,68.5
"NLA06608-0148",3.57,342,16
"NLA06608-0149",3.49,220,12
"NLA06608-0150",4.27,366,16
"NLA06608-0152",5.35,521,21
"NLA06608-0153",2.91,656,34
"NLA06608-0155",11.98,1520,114
"NLA06608-0158",3.81,651,16
"NLA06608-0161",10.72,1069,30
"NLA06608-0162",5.03,244,14
"NLA06608-0167",19.09,14538,1076
"NLA06608-0168",6.56,866,61
"NLA06608-0169",2.95,353,33
"NLA06608-0170",6.94,780,8
"NLA06608-0173",12.72,2218,57
"NLA06608-0174",8.77,803,13
"NLA06608-0175",4,698,55
"NLA06608-0176",5.64,848,207
"NLA06608-0177",3.59,177,6
"NLA06608-0179",78.53,7522,263
"NLA06608-0180",5.9,721,61
"NLA06608-0181",5.06,514,6
"NLA06608-0183",3.73,907,68
"NLA06608-0184",4.65,1049,100
"NLA06608-0185",4.01,284,9
"NLA06608-0189",4.03,678,72
"NLA06608-0190",10.52,666,16
"NLA06608-0191",1.05,48,1
"NLA06608-0193",1.07,71,3
"NLA06608-0195",16.66,1955,447
"NLA06608-0196",6.35,1250,94
"NLA06608-0198",1.99,353,25
"NLA06608-0201",1.47,40,3
"NLA06608-0203",1.71,239,1
"NLA06608-0204",7.26,1355,125
"NLA06608-0207",4.07,384,17
"NLA06608-0208",5.12,1687,162
"NLA06608-0209",2.51,205,5
"NLA06608-0211",16.91,1340,42
"NLA06608-0212",3,88,8
"NLA06608-0215",7.95,1463,83
"NLA06608-0216",10.93,1367,619
"NLA06608-0217",7.1,508,6
"NLA06608-0219",10.91,1826,36
"NLA06608-0220",114.54,22613,872
"NLA06608-0221",6.11,594,38
"NLA06608-0222",22.93,2008,114
"NLA06608-0223",3.35,705,44
"NLA06608-0224",3.61,375,8
"NLA06608-0225",3.05,178,8
"NLA06608-0226",3.69,328,8
"NLA06608-0228",5.28,411,25
"NLA06608-0229",4.23,219,4
"NLA06608-0234",6.21,584,14
"NLA06608-0235",7.8,626,8
"NLA06608-0237",5.915,633,24
"NLA06608-0238",3.17,265,7
"NLA06608-0239",2.07,383,36
"NLA06608-0240",5.02,396,14
"NLA06608-0241",3.18,774,80
"NLA06608-0242",4.74,300,20
"NLA06608-0243",3.31,203,7
"NLA06608-0244",4.66,436,15
"NLA06608-0245",3.75,329,11
"NLA06608-0247",12.69,1625,202
"NLA06608-0253",13.05,968,127
"NLA06608-0254",16.3,2816,175
"NLA06608-0255",4.19,276,4
"NLA06608-0257",1.67,79,1
"NLA06608-0259",21.94,3172,613
"NLA06608-0260",2.44,136,8
"NLA06608-0268",7.21,464,20
"NLA06608-0271",5.59,857,99
"NLA06608-0275",26.13,3084,331
"NLA06608-0276",2.02,254,7
"NLA06608-0277",2.33,451,117
"NLA06608-0279",18.8,4600,239
"NLA06608-0280",15.41,1229,81
"NLA06608-0281",5.36,639,44
"NLA06608-0283",2.39,381,33
"NLA06608-0284",4.37,865,79
"NLA06608-0285",3.67,4222,138
"NLA06608-0286",4.46,413,5
"NLA06608-0290",5.94,1231,573
"NLA06608-0291",4.33,553,13
"NLA06608-0293",4.31,759,30
"NLA06608-0294",2.33,343,1
"NLA06608-0295",17.18,2026,242
"NLA06608-0297",5.83,587,31
"NLA06608-0299",8.07,915,18
"NLA06608-0302",38.4,6934,1871
"NLA06608-0303",6.45,1523,79
"NLA06608-0306",9.64,1525,271
"NLA06608-0312",5.83,355,35
"NLA06608-0313",5.03,279,24
"NLA06608-0318",8.57,847,43
"NLA06608-0319",2.08,251,16
"NLA06608-0324",2.72,248,21
"NLA06608-0325",12.48,814,50
"NLA06608-0326",3.38,225,5
"NLA06608-0327",3.48,281,13
"NLA06608-0328",9.02,1093,75
"NLA06608-0330",4.37,289,13
"NLA06608-0332",2.16,260,11
"NLA06608-0333",3.03,282,15
"NLA06608-0334",17.18,1834,142
"NLA06608-0337",14.08,586,23
"NLA06608-0339",17.45,1659,376
"NLA06608-0340",6.5,333,23
"NLA06608-0341",3.24,333,23
"NLA06608-0343",16.95,2606,117
"NLA06608-0344",7.1,848,53
"NLA06608-0345",3.72,511,22
"NLA06608-0350",14.52,902,18
"NLA06608-0354",2.29,188,5
"NLA06608-0356",9.47,2897,167
"NLA06608-0357",4.39,276,14
"NLA06608-0358",5.45,209,7
"NLA06608-0359",9.9,1296,191
"NLA06608-0361",2.32,171,19
"NLA06608-0363",5.3,567,18
"NLA06608-0366",3.59,601,14
"NLA06608-0367",4.66,2157,54
"NLA06608-0369",2.67,163,1
"NLA06608-0372",3.26,229,16
"NLA06608-0373",3.18,104,1
"NLA06608-0376",5.62,324,6
"NLA06608-0377",4.63,850,46
"NLA06608-0378",2.54,223,9
"NLA06608-0384",51.51,4291,68
"NLA06608-0385",25.52,1834,51
"NLA06608-0386",1.39,475,9
"NLA06608-0388",1.45,49,3
"NLA06608-0393",1.75,101,8
"NLA06608-0395",4.04,231,13
"NLA06608-0399",14.26,586,13
"NLA06608-0401",4.39,279,10
"NLA06608-0402",3.94,1523,154
"NLA06608-0403",5.64,485,20
"NLA06608-0405",3.31,458,16
"NLA06608-0406",2.34,172,4
"NLA06608-0407",26.01,2872,762
"NLA06608-0408",2.29,270,15
"NLA06608-0413",7.34,581,106
"NLA06608-0414",27.44,1296,40
"NLA06608-0418",3.34,296,8
"NLA06608-0421",2.6,537,9
"NLA06608-0425",7,1433,234
"NLA06608-0426",6.2,574,5
"NLA06608-0432",3.88,644,218
"NLA06608-0433",2.77,422,7
"NLA06608-0435",17.78,1824,78
"NLA06608-0436",3.12,398,29
"NLA06608-0439",66.98,19200,1056
"NLA06608-0440",4.85,853,182
"NLA06608-0442",67.34,6559,385
"NLA06608-0444",3.72,383,42
"NLA06608-0445",3.54,336,15
"NLA06608-0447",2.48,79,3
"NLA06608-0449",2.81,404,16
"NLA06608-0452",5.32,604,37
"NLA06608-0453",19.64,1056,48
"NLA06608-0454",4.88,367,16
"NLA06608-0456",5.11,681,29
"NLA06608-0458",10.56,947,39
"NLA06608-0459",3.66,200,8
"NLA06608-0462",2.17,194,3
"NLA06608-0463",6.91,1031,82
"NLA06608-0467",6.22,788,15
"NLA06608-0468",1.24,179,8
"NLA06608-0469",2.41,191,11
"NLA06608-0470",4.15,193,8
"NLA06608-0471",7.87,839,24
"NLA06608-0472",9.57,803,78
"NLA06608-0473",3.09,714,55
"NLA06608-0479",3.08,318,14
"NLA06608-0480",2.75,232,4
"NLA06608-0483",2.93,461,4
"NLA06608-0484",5.41,1519,190
"NLA06608-0488",7.85,1070,162
"NLA06608-0489",11.7,1275,107
"NLA06608-0491",7,665,16
"NLA06608-0493",3.48,353,15
"NLA06608-0494",5.02,401,4
"NLA06608-0495",2.26,136,11
"NLA06608-0496",41.92,4372,620
"NLA06608-0497",1.44,156,17
"NLA06608-0498",3.66,820,44
"NLA06608-0500",2.51,266,21
"NLA06608-0501",3.05,182,6
"NLA06608-0502",7.37,648,5
"NLA06608-0503",17.18,5916,430
"NLA06608-0508",6.91,756,283
"NLA06608-0509",2,821,4
"NLA06608-0510",16.28,2916,165
"NLA06608-0511",1.14,112,13
"NLA06608-0512",27.8,2447,61
"NLA06608-0514",2.36,1009,7
"NLA06608-0515",26.13,4984,335
"NLA06608-0523",11.03,1738,115
"NLA06608-0526",14.15,651,17
"NLA06608-0528",5.25,814,65
"NLA06608-0529",3.28,508,42
"NLA06608-0530",4.78,1016,117
"NLA06608-0531",23.96,2697,57
"NLA06608-0533",2.33,178,6
"NLA06608-0537",2.01,256,11
"NLA06608-0540",9.72,2250,235
"NLA06608-0541",3.99,329,14
"NLA06608-0542",13.49,1303,15
"NLA06608-0546",5.61,4022,181
"NLA06608-0547",6.34,519,10
"NLA06608-0550",2.48,234,1
"NLA06608-0551",6.68,1361,54
"NLA06608-0555",5.65,578,8
"NLA06608-0558",11.8,1154,17
"NLA06608-0560",4.75,532,27
"NLA06608-0561",1.99,86,5
"NLA06608-0562",3.82,280,5
"NLA06608-0564",4.09,217,14
"NLA06608-0565",4.02,704,81
"NLA06608-0569",17.75,2188,518
"NLA06608-0570",3.57,300,12
"NLA06608-0579",23.78,2694,229
"NLA06608-0580",2.39,183,10
"NLA06608-0581",2.68,241,8
"NLA06608-0582",3.31,2709,315
"NLA06608-0583",14.18,4897,590
"NLA06608-0585",3.02,505,105
"NLA06608-0587",6.965,1212,29.5
"NLA06608-0588",6,1729,589
"NLA06608-0590",6.17,884,46
"NLA06608-0591",1.91,182,5
"NLA06608-0593",3.37,203,4
"NLA06608-0594",10.67,821,41
"NLA06608-0595",26.23,3828,258
"NLA06608-0596",1.29,96,1
"NLA06608-0597",2.84,361,22
"NLA06608-0599",8.49,1012,90
"NLA06608-0606",8.4,708,15
"NLA06608-0608",6.89,2184,327
"NLA06608-0609",14.15,3334,239
"NLA06608-0610",4.13,549,11
"NLA06608-0611",5.96,903,53
"NLA06608-0614",2.82,259,8
"NLA06608-0616",6.09,483,14
"NLA06608-0617",6.36,513,40
"NLA06608-0618",4.49,257,23
"NLA06608-0619",4.58,733,7
"NLA06608-0622",6.51,508,16
"NLA06608-0623",4.75,628,43
"NLA06608-0624",6.13,1274,49
"NLA06608-0625",1.46,55,1
"NLA06608-0627",7.61,616,11
"NLA06608-0628",7.37,793,40
"NLA06608-0630",8.23,771,8
"NLA06608-0632",6.06,746,44
"NLA06608-0634",44.7,6800,288
"NLA06608-0635",3.33,224,18
"NLA06608-0637",3.99,454,21
"NLA06608-0641",6.27,737,49
"NLA06608-0648",73.44,8603,349
"NLA06608-0649",2.01,95,9
"NLA06608-0650",4.27,466,23
"NLA06608-0651",2.78,290,12
"NLA06608-0654",9.06,698,22
"NLA06608-0657",7.43,559,20
"NLA06608-0658",1.82,110,5
"NLA06608-0659",12.8,1593,432
"NLA06608-0660",4,1546,8
"NLA06608-0661",3.86,601,22
"NLA06608-0662",2.88,256,12
"NLA06608-0663",27.7,6603,618
"NLA06608-0665",2.8,86,1
"NLA06608-0671",1.21,380,19
"NLA06608-0672",7.51,2273,213
"NLA06608-0674",3.33,243,3
"NLA06608-0677",17.86,1864,150
"NLA06608-0678",2.2,462,52
"NLA06608-0679",6.19,635,13
"NLA06608-0681",1.74,249,9
"NLA06608-0686",18.17,1343,122
"NLA06608-0687",1.97,198,13
"NLA06608-0690",3.61,352,15
"NLA06608-0692",5.14,631,23
"NLA06608-0693",1.59,79,4
"NLA06608-0696",9.29,829,252
"NLA06608-0707",37.93,4034,127
"NLA06608-0709",15.81,2492,202
"NLA06608-0710",2.94,302,21
"NLA06608-0711",6.76,523,74
"NLA06608-0712",6.54,417,14
"NLA06608-0713",2.01,138,7
"NLA06608-0715",2.77,123,4
"NLA06608-0717",7.43,2030,225
"NLA06608-0718",27.63,1869,616
"NLA06608-0720",9.53,1435,195
"NLA06608-0721",3.71,441,21
"NLA06608-0723",28.51,1433,24
"NLA06608-0724",3.07,273,9
"NLA06608-0726",2.76,202,6
"NLA06608-0727",21.55,3722,191
"NLA06608-0731",6.51,1221,17
"NLA06608-0733",9.7,993,28
"NLA06608-0734",12.5,364,16
"NLA06608-0738",3.75,223,3
"NLA06608-0743",6.07,406,5
"NLA06608-0744",5.83,1243,100
"NLA06608-0749",5.47,464,50
"NLA06608-0751",1.34,99,1
"NLA06608-0753",3.06,367,15
"NLA06608-0754",2.77,251,3
"NLA06608-0755",16.6,2216,1104
"NLA06608-0756",5.75,326,3
"NLA06608-0759",8.69,4153,360
"NLA06608-0761",5.25,403,12
"NLA06608-0762",16.29,3940,264
"NLA06608-0764",3.78,1386,58
"NLA06608-0765",2.51,507,29
"NLA06608-0766",14.63,1673,40
"NLA06608-0769",3.61,384,16
"NLA06608-0770",4.05,1455,28
"NLA06608-0771",9.2,622,20
"NLA06608-0775",6.57,569,18
"NLA06608-0779",14.18,3916,1543
"NLA06608-0781",4.39,729,34
"NLA06608-0782",10.04,443,7
"NLA06608-0783",9.58,1896,819
"NLA06608-0785",2.52,2621,15
"NLA06608-0792",5.33,760,47
"NLA06608-0793",2.72,340,19
"NLA06608-0794",1.18,79,1
"NLA06608-0797",5.12,418,24
"NLA06608-0802",6.9,361,18
"NLA06608-0804",4.98,335,13
"NLA06608-0805",4.07,755,51
"NLA06608-0806",7.26,427,20
"NLA06608-0807",21.43,1505,511
"NLA06608-0808",7.98,1748,126
"NLA06608-0809",8.72,546,13
"NLA06608-0811",12.06,1224,51
"NLA06608-0812",7.29,357,11
"NLA06608-0815",3.16,269,39
"NLA06608-0820",3.38,2841,323
"NLA06608-0823",5.92,331,7
"NLA06608-0824",3.39,309,22
"NLA06608-0825",5.65,1001,88
"NLA06608-0827",5.35,543,23
"NLA06608-0828",10.74,1510,114
"NLA06608-0830",79.82,15563,1617
"NLA06608-0831",1.21,44,4
"NLA06608-0833",0.48,104,1
"NLA06608-0834",5.24,583,23
"NLA06608-0836",15.53,1184,51
"NLA06608-0837",9.05,1460,109
"NLA06608-0842",0.79,71,13
"NLA06608-0843",2.32,196,8
"NLA06608-0846",9.17,875,39
"NLA06608-0847",7.91,3572,395
"NLA06608-0849",4.03,189,5
"NLA06608-0850",3.75,486,19
"NLA06608-0851",8.84,1104,44
"NLA06608-0856",4.58,483,31
"NLA06608-0857",3.38,469,31
"NLA06608-0859",7.4,913,33
"NLA06608-0860",3.455,4191,227
"NLA06608-0862",11.28,654,11
"NLA06608-0863",2.66,446,36
"NLA06608-0864",11.22,973,11
"NLA06608-0865",9.63,1489,100
"NLA06608-0868",7.14,1184,61
"NLA06608-0869",7.03,479,44
"NLA06608-0870",0.34,87,43
"NLA06608-0871",18.51,5378,407
"NLA06608-0872",7.58,1129,276
"NLA06608-0873",6.39,433,141
"NLA06608-0874",3.97,3441,29
"NLA06608-0875",8.71,720,16
"NLA06608-0877",7.27,878,14
"NLA06608-0878",7.32,630,18
"NLA06608-0880",9.73,1463,134
"NLA06608-0881",3.34,513,42
"NLA06608-0885",5.96,865,1386
"NLA06608-0889",4.11,404,204
"NLA06608-0890",9.11,449,8
"NLA06608-0891",5.61,1137,133
"NLA06608-0893",2.91,303,14
"NLA06608-0895",6.17,520,237
"NLA06608-0899",36.83,4472,495
"NLA06608-0900",5.89,700,48
"NLA06608-0904",5.96,1603,135
"NLA06608-0905",2.46,358,12
"NLA06608-0906",1.19,111,1
"NLA06608-0913",11.67,697,10
"NLA06608-0914",3.57,171,10
"NLA06608-0915",16.83,1410,102
"NLA06608-0916",0.92,237,16
"NLA06608-0918",6.29,244,4
"NLA06608-0921",6.99,340,7
"NLA06608-0922",3.4,226,12
"NLA06608-0924",2.44,14400,447
"NLA06608-0925",2.71,1160,1
"NLA06608-0926",4.01,252,4
"NLA06608-0927",7.47,498,18
"NLA06608-0929",3.43,354,14
"NLA06608-0930",2.84,174,4
"NLA06608-0933",3.38,775,136
"NLA06608-0934",0.6,5,1
"NLA06608-0935",8.43,1198,36
"NLA06608-0938",5.61,519,34
"NLA06608-0940",8.39,866,37
"NLA06608-0942",4.63,306,6
"NLA06608-0943",1.24,93,5
"NLA06608-0944",7.34,1419,523
"NLA06608-0946",5.32,552,30
"NLA06608-0950",3.28,234,20
"NLA06608-0955",4.67,288,10
"NLA06608-0957",3.79,276,8
"NLA06608-0958",8.23,511,18
"NLA06608-0961",2.26,189,11
"NLA06608-0962",1.93,190,6
"NLA06608-0967",16.89,1998,1016
"NLA06608-0968",24.21,3553,145
"NLA06608-0970",2.53,140,3
"NLA06608-0971",4.19,787,54
"NLA06608-0972",5.47,938,619
"NLA06608-0974",4.36,101,4
"NLA06608-0979",7.52,952,68
"NLA06608-0980",7.54,923,176
"NLA06608-0982",5.36,248,6
"NLA06608-0984",6.25,878,115
"NLA06608-0986",3.14,186,7
"NLA06608-0987",12.8,1800,40
"NLA06608-0989",6.04,856,56
"NLA06608-0990",7.29,960,40
"NLA06608-0993",3.21,551,1
"NLA06608-0994",4.28,214,5
"NLA06608-0996",6.61,449,9
"NLA06608-0997",2.64,204,4
"NLA06608-1001",5.81,416,24
"NLA06608-1002",17.81,1536,378
"NLA06608-1003",5.62,524,12
"NLA06608-1005",4.28,425,40
"NLA06608-1006",26.51,3391,278
"NLA06608-1007",5.45,479,30
"NLA06608-1008",1.8,86,4
"NLA06608-1010",2.88,901,38
"NLA06608-1012",8.47,880,41
"NLA06608-1014",7.65,568,15
"NLA06608-1015",7.47,1704,77
"NLA06608-1016",10.75,749,69
"NLA06608-1018",12.42,1174,36
"NLA06608-1022",28.58,5003,553
"NLA06608-1024",24.01,439,19
"NLA06608-1034",8.91,563,5
"NLA06608-1035",14.71,4348,160
"NLA06608-1036",5.09,856,94
"NLA06608-1037",3.28,441,25
"NLA06608-1038",13.3,561,20
"NLA06608-1039",7.46,1454,81
"NLA06608-1041",18.41,1878,190
"NLA06608-1044",2.19,344,54
"NLA06608-1045",2.65,236,6
"NLA06608-1047",5.14,285,3
"NLA06608-1052",10.19,1329,295
"NLA06608-1055",5.57,1477,88
"NLA06608-1056",4.47,464,22
"NLA06608-1057",0.92,28,1
"NLA06608-1058",2.18,171,1
"NLA06608-1059",7.72,1406,161
"NLA06608-1060",9.08,2213,243
"NLA06608-1070",14.18,1183,774
"NLA06608-1073",1.22,68,3
"NLA06608-1075",7.79,406,8
"NLA06608-1083",6.03,2784,530
"NLA06608-1086",41.47,3950,92
"NLA06608-1087",2.68,273,14
"NLA06608-1089",7.2,293,8
"NLA06608-1091",26.4,2503,90
"NLA06608-1096",2.08,665,171
"NLA06608-1100",3.1,262,8
"NLA06608-1101",5.53,1713,109
"NLA06608-1102",4.97,230,4
"NLA06608-1103",8.17,6469,224
"NLA06608-1107",63.37,7750,733
"NLA06608-1108",4.47,1083,110
"NLA06608-1111",11.85,1500,193
"NLA06608-1113",1.93,118,9
"NLA06608-1114",5.07,558,63
"NLA06608-1115",10.45,1041,19
"NLA06608-1119",4.99,265,16
"NLA06608-1120",1.1,165,144
"NLA06608-1122",4.11,318,9
"NLA06608-1124",6.5,433,9
"NLA06608-1125",3.68,315,17
"NLA06608-1129",4.97,336,12
"NLA06608-1130",4.8,634,65
"NLA06608-1131",6.76,504,1
"NLA06608-1134",9.74,826,24
"NLA06608-1141",3.23,824,45
"NLA06608-1143",2.08,768,59
"NLA06608-1145",4.29,724,60
"NLA06608-1147",4.52,1414,775
"NLA06608-1148",68.06,6934,242
"NLA06608-1150",8.29,500,11
"NLA06608-1151",4.03,648,129
"NLA06608-1153",0.96,224,3
"NLA06608-1155",26.14,3069,122
"NLA06608-1162",9.26,541,8
"NLA06608-1163",10.23,778,11
"NLA06608-1164",6.74,424,23
"NLA06608-1166",2.05,197,1
"NLA06608-1167",3.83,461,5
"NLA06608-1170",2.61,240,6
"NLA06608-1172",3.51,241,4
"NLA06608-1174",6.07,298,4
"NLA06608-1175",10.58,1328,69
"NLA06608-1177",3.99,328,24
"NLA06608-1179",15.76,2741,133
"NLA06608-1181",6,251,9
"NLA06608-1183",2.19,133,3
"NLA06608-1185",15.41,2869,62
"NLA06608-1189",4.17,281,9
"NLA06608-1190",2.07,96,3
"NLA06608-1191",8.24,984,152
"NLA06608-1195",7.28,753,26
"NLA06608-1198",6.23,611,9
"NLA06608-1199",4.08,836,44
"NLA06608-1204",3.35,230,10
"NLA06608-1206",15.82,834,17
"NLA06608-1207",3.07,240,11
"NLA06608-1208",6.48,1340,148
"NLA06608-1209",5.29,437,22
"NLA06608-1210",49.03,4184,75
"NLA06608-1217",5.6,547,64
"NLA06608-1219",26.7,3794,99
"NLA06608-1220",2.87,478,31
"NLA06608-1222",2.75,391,12
"NLA06608-1223",12.85,4053,422
"NLA06608-1224",5.63,616,23
"NLA06608-1227",4.39,487,8
"NLA06608-1232",5.87,483,12
"NLA06608-1236",5.32,504,52
"NLA06608-1238",2.6,131,1
"NLA06608-1239",16.85,3309,117
"NLA06608-1240",8.57,771,141
"NLA06608-1241",5.63,526,34
"NLA06608-1242",9.14,849,11
"NLA06608-1243",7.45,949,42
"NLA06608-1244",21.59,3772,253
"NLA06608-1245",15.19,596,25
"NLA06608-1255",37.6,13825,1326
"NLA06608-1256",3.41,346,20
"NLA06608-1258",10.44,712,16
"NLA06608-1259",1.96,129,9
"NLA06608-1261",9.71,1014,32
"NLA06608-1262",12.96,788,33
"NLA06608-1263",3.42,453,33
"NLA06608-1266",10.4,2228,933
"NLA06608-1268",5.42,990,69
"NLA06608-1269",5.66,1911,646
"NLA06608-1270",0.65,223,15
"NLA06608-1271",11.21,3534,604
"NLA06608-1273",6.11,2297,197
"NLA06608-1274",5.32,285,4
"NLA06608-1278",15.55,1965,303
"NLA06608-1279",9.69,496,40
"NLA06608-1281",5.06,400,4
"NLA06608-1283",14.24,1012,68
"NLA06608-1284",3.38,180,5
"NLA06608-1288",5.2,619,86
"NLA06608-1292",3.96,395,17
"NLA06608-1295",3.69,740,138
"NLA06608-1297",3.89,1235,17
"NLA06608-1300",4.48,229,5
"NLA06608-1303",12.08,2338,817
"NLA06608-1312",3.76,287,5
"NLA06608-1316",10.5,2606,269
"NLA06608-1319",24.17,4791,241
"NLA06608-1321",2.53,168,10
"NLA06608-1323",3.12,233,9
"NLA06608-1326",8.51,854,24
"NLA06608-1329",2.33,181,9
"NLA06608-1332",6.49,932,148
"NLA06608-1333",3.13,166,3
"NLA06608-1334",3.5,314,7
"NLA06608-1336",6.51,1136,94
"NLA06608-1338",43.21,4316,182
"NLA06608-1339",15.91,3372,184
"NLA06608-1342",12.86,279,12
"NLA06608-1344",5.87,419,27
"NLA06608-1346",2.19,125,3
"NLA06608-1347",7.68,551,12
"NLA06608-1348",2.37,396,5
"NLA06608-1349",8.16,804,30
"NLA06608-1354",3.51,480,6
"NLA06608-1355",5.305,523,4.5
"NLA06608-1356",4.98,416,21
"NLA06608-1358",5.78,323.5,9
"NLA06608-1359",4.53,1166,108
"NLA06608-1360",4.41,734,60
"NLA06608-1364",4.08,2072,213
"NLA06608-1365",2.42,257,13
"NLA06608-1367",22.08,5338,242
"NLA06608-1368",6.68,1180,110
"NLA06608-1369",3.57,679,50
"NLA06608-1370",9.67,1063,39
"NLA06608-1372",4.17,878,113
"NLA06608-1375",5.73,2169,79
"NLA06608-1376",2.69,346,18
"NLA06608-1377",2.99,101,8
"NLA06608-1380",5.7,524,21
"NLA06608-1383",12.4,1444,35
"NLA06608-1387",7.03,994,25
"NLA06608-1389",3.46,2919,53
"NLA06608-1390",7.24,553,15
"NLA06608-1391",8.09,1360,172
"NLA06608-1396",2.2,255,19
"NLA06608-1397",15.57,3559,367
"NLA06608-1398",19.39,624,24
"NLA06608-1401",3.5,494,29
"NLA06608-1403",5.02,389,7
"NLA06608-1413",14.8,1614,25
"NLA06608-1414",5.08,319,17
"NLA06608-1417",2.64,251,7
"NLA06608-1420",8.8,1154,112
"NLA06608-1421",9.45,1100,41
"NLA06608-1425",9.02,468,22
"NLA06608-1426",7.87,557,35
"NLA06608-1432",8.17,754,91
"NLA06608-1434",5.36,458,5
"NLA06608-1435",7.51,1260,50
"NLA06608-1436",4.75,478,20
"NLA06608-1439",3.48,273,12
"NLA06608-1445",31.07,5009,2670
"NLA06608-1446",2.14,228,4
"NLA06608-1447",7.36,760,13
"NLA06608-1450",4.65,469,10
"NLA06608-1454",16.43,2341,125
"NLA06608-1455",6.82,429,37
"NLA06608-1460",7.79,781,22
"NLA06608-1461",3.42,708,47
"NLA06608-1462",13.49,1404,450
"NLA06608-1465",1.73,497,5
"NLA06608-1469",12.85,576,112
"NLA06608-1473",2.79,181,8
"NLA06608-1476",7.57,1891,183
"NLA06608-1481",1.55,135,3
"NLA06608-1482",9.5,1099,80
"NLA06608-1483",5.96,274,13
"NLA06608-1484",1.34,105,11
"NLA06608-1487",6.22,1071,61
"NLA06608-1488",12.25,3409,160
"NLA06608-1489",7.11,721,18
"NLA06608-1492",5.92,758,41
"NLA06608-1496",4.36,356,16
"NLA06608-1499",5.61,483,17
"NLA06608-1504",4.37,1199,68
"NLA06608-1508",18.22,1680,313
"NLA06608-1510",25.67,2440,653
"NLA06608-1511",12.87,1446,373
"NLA06608-1515",6.58,845,33
"NLA06608-1517",3.47,339,14
"NLA06608-1521",6.56,1351,113
"NLA06608-1524",6.37,968,157
"NLA06608-1527",9.67,5191,587
"NLA06608-1529",5.49,649,55
"NLA06608-1532",4.05,6203,59
"NLA06608-1537",3.96,138,8
"NLA06608-1538",3.46,252,1
"NLA06608-1544",14.74,2228,69
"NLA06608-1556",3.32,474,19
"NLA06608-1558",4.4,280,8
"NLA06608-1560",9.54,852,42
"NLA06608-1561",2.89,263,10
"NLA06608-1562",2.82,348,16
"NLA06608-1564",6.04,1159,161
"NLA06608-1568",6.34,760,115
"NLA06608-1569",5.66,978,22
"NLA06608-1572",3.83,420,26
"NLA06608-1575",16.71,2503,215
"NLA06608-1576",5.34,1344,255
"NLA06608-1577",7.4,484,16
"NLA06608-1578",12.53,1062,110
"NLA06608-1579",5.94,501,7
"NLA06608-1586",4.76,369,7
"NLA06608-1593",10.17,746,126
"NLA06608-1595",5.65,392,18
"NLA06608-1596",114.16,26100,1491
"NLA06608-1600",9.86,1011,63
"NLA06608-1602",3.84,474,18
"NLA06608-1608",13.45,498,64
"NLA06608-1610",0.65,48,3
"NLA06608-1617",2.98,239,45
"NLA06608-1623",13.64,1231,134
"NLA06608-1626",2.37,623,30
"NLA06608-1630",8.13,806,57
"NLA06608-1631",9.37,1209,130
"NLA06608-1633",3.23,366,19
"NLA06608-1637",4.46,440,32
"NLA06608-1638",0.7,50,6
"NLA06608-1640",5.01,777,90
"NLA06608-1641",6.51,845,185
"NLA06608-1643",5.5,488,5
"NLA06608-1652",2.45,848,99
"NLA06608-1654",6.46,354,6
"NLA06608-1655",43.59,12241,896
"NLA06608-1668",2.28,269,18
"NLA06608-1672",6.64,510,15
"NLA06608-1674",10.07,1043,35
"NLA06608-1675",6.26,521,16
"NLA06608-1679",10.03,366,8
"NLA06608-1684",3.85,475,35
"NLA06608-1687",7.23,918,441
"NLA06608-1690",4.12,317,7
"NLA06608-1695",1.18,216,19
"NLA06608-1703",10.88,1949,304
"NLA06608-1704",5.98,749,42
"NLA06608-1706",5.65,563,6
"NLA06608-1707",4.6,723,8
"NLA06608-1711",1.93,190,12
"NLA06608-1715",4.87,582,27
"NLA06608-1717",1.37,79,3
"NLA06608-1719",38.6,8803,441
"NLA06608-1723",10.81,3516,1537
"NLA06608-1724",6.61,1282,55
"NLA06608-1733",17.81,3516,45
"NLA06608-1735",9.32,679,60
"NLA06608-1736",7.21,1453,53
"NLA06608-1739",1.97,157,7
"NLA06608-1740",5.62,949,67
"NLA06608-1741",4.82,2156,124
"NLA06608-1742",3.48,244,7
"NLA06608-1748",2.82,131,4
"NLA06608-1753",2.88,267,6
"NLA06608-1755",6.25,646,30
"NLA06608-1758",12.03,892,8
"NLA06608-1771",8.29,603,10
"NLA06608-1775",5.05,548,74
"NLA06608-1781",4.15,789,58
"NLA06608-1782",6.34,606,32
"NLA06608-1789",1.71,501,1
"NLA06608-1791",3.64,401,5
"NLA06608-1793",1.69,139,9
"NLA06608-1800",11.69,604,50
"NLA06608-1802",6.03,536,18
"NLA06608-1804",5.43,699,120
"NLA06608-1808",11.86,628,48
"NLA06608-1810",3.24,611,69
"NLA06608-1811",16.47,1558,27
"NLA06608-1812",2.44,303,61
"NLA06608-1818",1.49,90,7
"NLA06608-1821",5.69,2709,255
"NLA06608-1824",4.35,824,56
"NLA06608-1825",12.15,839,45
"NLA06608-1835",6.31,531,16
"NLA06608-1836",13.93,2766,246
"NLA06608-1839",2.93,420,20
"NLA06608-1840",7.03,1361,216
"NLA06608-1851",3.15,228,23
"NLA06608-1856",29.9,3159,1129
"NLA06608-1857",3.31,198,1
"NLA06608-1861",11.31,1216,75
"NLA06608-1862",5.71,1058,520
"NLA06608-1863",4.77,506,32
"NLA06608-1866",2.36,232,11
"NLA06608-1867",25.76,2091,74
"NLA06608-1868",6.23,676,21
"NLA06608-1871",1.3,139,5
"NLA06608-1873",0.76,37,1
"NLA06608-1874",3.62,374,26
"NLA06608-1879",18.99,4075,328
"NLA06608-1884",4.01,2334,39
"NLA06608-1893",5.9,581,302
"NLA06608-1894",0.59,162,36
"NLA06608-1906",3.7,368,14
"NLA06608-1908",2.62,185,10
"NLA06608-1910",18.15,830,37
"NLA06608-1930",1.35,178,31
"NLA06608-1936",5.61,788,89
"NLA06608-1948",26.21,2981,486
"NLA06608-1953",2.91,226,15
"NLA06608-1958",0.98,18,10
"NLA06608-1959",13.84,1494,493
"NLA06608-1960",4.53,403,108
"NLA06608-1968",10.49,2076,255
"NLA06608-1975",5.83,739,18
"NLA06608-1985",1.28,27,3
"NLA06608-1989",3.72,658,71
"NLA06608-1992",9.37,2041,108
"NLA06608-1998",7.51,378,10.5
"NLA06608-2005",6.14,1398,276
"NLA06608-2007",12.23,1331,59
"NLA06608-2010",4.21,494,24
"NLA06608-2027",8.12,551,49
"NLA06608-2036",3.48,278,11
"NLA06608-2037",6.53,1190,175
"NLA06608-2039",14.6,4691,277
"NLA06608-2049",4.19,276,5
"NLA06608-2056",6.92,2082,572
"NLA06608-2072",12.33,1134,78
"NLA06608-2074",7.02,1004,72
"NLA06608-2076",2.08,124,11
"NLA06608-2078",6.04,569,7
"NLA06608-2082",3.07,496,17
"NLA06608-2086",2.78,276,5
"NLA06608-2087",16.74,2859,197
"NLA06608-2091",2.55,401,53
"NLA06608-2092",7.22,1804,135
"NLA06608-2094",6.55,438,35
"NLA06608-2095",3.02,316,48
"NLA06608-2103",25.25,3503,170
"NLA06608-2114",1.78,402,1
"NLA06608-2117",25.11,5572,169
"NLA06608-2120",12.66,869,28
"NLA06608-2123",13.47,3009,613
"NLA06608-2131",22.46,1820,14
"NLA06608-2134",1.51,211,21
"NLA06608-2135",10.04,1117,24
"NLA06608-2152",4.34,535,29
"NLA06608-2154",5.93,1007,112
"NLA06608-2155",7.9,644,1
"NLA06608-2162",4.52,295,21
"NLA06608-2170",74.59,5109,65
"NLA06608-2177",3.22,334,3
"NLA06608-2185",2.31,188,15
"NLA06608-2187",2.52,366,20
"NLA06608-2193",7.13,294,15
"NLA06608-2196",3.71,407,15
"NLA06608-2217",6.93,300,9
"NLA06608-2219",8.11,634,33
"NLA06608-2241",4.06,256,9
"NLA06608-2250",1.81,140,11
"NLA06608-2253",3.09,3591,86
"NLA06608-2257",3.3,214,6
"NLA06608-2266",8.13,350,21
"NLA06608-2267",8.37,793,25
"NLA06608-2283",5.48,559,7
"NLA06608-2305",6.2,329,9
"NLA06608-2322",3.92,388,31
"NLA06608-2332",6.5,779,318
"NLA06608-2333",2.26,2311,75
"NLA06608-2345",3.77,391,15
"NLA06608-2354",3.14,331,12
"NLA06608-2372",5.91,439,54
"NLA06608-2379",33.93,2076,12
"NLA06608-2418",3.61,366,35
"NLA06608-2426",252.19,25663,1697
"NLA06608-2429",3.15,133,9
"NLA06608-2438",13,1674,636
"NLA06608-2450",2.28,148,3
"NLA06608-2453",5.65,765,283
"NLA06608-2457",3.91,314,16
"NLA06608-2463",3.07,183,6
"NLA06608-2477",17.11,1238,32
"NLA06608-2481",4.79,421,36
"NLA06608-2492",2.89,337,33
"NLA06608-2497",4.17,868,64
"NLA06608-2507",3.76,1101,34
"NLA06608-2513",3.15,259,5
"NLA06608-2523",10.02,1259,56
"NLA06608-2524",4.43,580,33
"NLA06608-2565",4.55,410,19
"NLA06608-2566",10.51,376,9
"NLA06608-2593",14.23,1337,41
"NLA06608-2629",11.72,1188,66
"NLA06608-2634",2.42,278,16
"NLA06608-2640",5.73,1113,48
"NLA06608-2644",5.84,1240,121
"NLA06608-2655",16.59,2286,102
"NLA06608-2657",5.13,488,6
"NLA06608-2663",6.26,561,13
"NLA06608-2673",2.31,423,72
"NLA06608-2685",4.29,169,7
"NLA06608-2696",3.43,733,75
"NLA06608-2704",10.95,1672,105
"NLA06608-2708",3.86,388,12
"NLA06608-2714",73.71,216,8
"NLA06608-2715",5.13,369,36
"NLA06608-2726",2.45,191,5
"NLA06608-2740",2.25,359,121
"NLA06608-2753",19.01,1496,16
"NLA06608-2759",2.36,206,9
"NLA06608-2776",6.09,1144,36
"NLA06608-2779",7.7,713,21
"NLA06608-2797",6.33,664,24
"NLA06608-2800",2.74,235,11
"NLA06608-2801",1.47,339,36
"NLA06608-2807",5.69,660,32
"NLA06608-2823",5.75,751,31
"NLA06608-2824",2.24,794,208
"NLA06608-2831",3.13,738,107
"NLA06608-2833",6.62,640,16
"NLA06608-2874",3.12,487,76
"NLA06608-2881",1.52,50,1
"NLA06608-2889",44.65,1476,577
"NLA06608-2891",8.38,790,8
"NLA06608-2916",3.92,324,15
"NLA06608-2924",5.74,693,13
"NLA06608-2954",8.58,7684,876
"NLA06608-2955",2.9,513,58
"NLA06608-2972",15.93,5350,347
"NLA06608-2987",11.28,1336,29
"NLA06608-2996",8.82,1440,130
"NLA06608-3032",8.21,1543,94
"NLA06608-3035",8.19,738,7
"NLA06608-3083",6.77,685,96
"NLA06608-3096",7.61,559,17
"NLA06608-3121",3.39,455,46
"NLA06608-3147",8.97,999,46
"NLA06608-3153",2.02,116,1
"NLA06608-3157",1.16,70,8
"NLA06608-3160",9.75,2655,237
"NLA06608-3169",13.26,1200,105
"NLA06608-3228",5.14,658,74
"NLA06608-3265",4.05,338,7
"NLA06608-3303",10,1535,81
"NLA06608-3313",2.3,316,41
"NLA06608-3320",6.15,612,88
"NLA06608-3329",3.14,374,10
"NLA06608-3480",10.47,1612,88
"NLA06608-3484",38.16,4319,180
"NLA06608-3608",13.07,1821,191
"NLA06608-3616",5.01,455,15
"NLA06608-3644",34.26,2063,58
"NLA06608-3656",24.91,5813,471
"NLA06608-3660",7.27,2263,1329
"NLA06608-3698",4.79,300,6
"NLA06608-3846",4.15,110,3
"NLA06608-3890",2.78,98,1
"NLA06608-3911",5.88,643,43
"NLA06608-4056",6.55,651,75
"NLA06608-4064",7.05,770,47
"NLA06608-4206",6.73,1627,61
"NLA06608-4252",2.69,188,1
"NLA06608-4320",4.34,1871,177
"NLA06608-4382",5.72,571,35
"NLA06608-4413",3.63,251,8
"NLA06608-4414",4.31,480,38
"NLA06608-4440",5.33,803,38
"NLA06608-4472",4.69,816,282
"NLA06608-4504",7.8,680,32
"NLA06608-4610",5,426,22
"NLA06608-4643",8.1,557,19
"NLA06608-4650",11.18,681,43
"NLA06608-4659",3.7,1247,90
"NLA06608-4686",6.5,446,84
"NLA06608-4698",7.04,1333,142
"NLA06608-4828",5.45,421,24
"NLA06608-4929",7.51,954,121
"NLA06608-4949",3.84,623,82
"NLA06608-9999",2.94,149,1
"NLA06608-ACAD_LAKES_0435",1.92,151,10
"NLA06608-ALPS-1218",11.36,414,14
"NLA06608-ALSC:020149",3.36,191,5
"NLA06608-ELS:1C2-032",4.27,264,11
"NLA06608-ELS:1C3-003",6.59,256,9
"NLA06608-ELS:1D1-035",2.16,444,23
"NLA06608-ELS:1D2-087",6.48,532,35
"NLA06608-ELS:1E1-052",4.38,130,10
"NLA06608-ELS:1E1-096",6.8,236,9
"NLA06608-ELS:1E1-128",4.68,394,8
"NLA06608-ELS:1E2-027",10.42,629,28
"NLA06608-ELS:1E3-002",6.81,731,14
"NLA06608-ELS:1E3-012",2.31,161,4
"NLA06608-ELS:1E3-071",8.15,807,17
"NLA06608-ELS:2B2-008",10.76,299,8
"NLA06608-ELS:2C2-048",5.71,593,8
"NLA06608-ELS:2C3-018",5.65,328,10
"NLA06608-ELS:2D3-008",14.33,722,13
"NLA06608-EMAP:ME011L",7.5,246,13
"NLA06608-EMAP:ME012L",3.48,129,1
"NLA06608-EMAP:ME254L",4.23,204,5
"NLA06608-EMAP:ME263L",7.32,314,11
"NLA06608-EMAP:ME518L",3.54,156,7
"NLA06608-FL:107895579",10.21,985,33
"NLA06608-FL:16674741",1.51,98,8
"NLA06608-FL:18261987",6.98,474,20
"NLA06608-FL:99324403",7.54,801,24
"NLA06608-FL:99344895",5.49,1531,166
"NLA06608-IN:646",4.74,2089,4
"NLA06608-MI:7007",9.03,828,9
"NLA06608-MN:03-0029",7.99,779,9
"NLA06608-MN:06-0002",17.11,2475,271
"NLA06608-MN:11-0102",9.2,447,9
"NLA06608-MN:15-0010",7.06,529,9
"NLA06608-MN:22-0074",8.59,1175,62
"NLA06608-MN:49-0140",6.01,595,7
"NLA06608-MN:51-0063",7.45,1174,140
"NLA06608-MN:56-0306",4.94,540,8
"NLA06608-MN:61-0037",6.47,835,19
"NLA06608-MN:74-0023",6.45,880,34
"NLA06608-MN:75-0200",14.5,2647,446
"NLA06608-MN:77-0019",9.07,1065,17
"NLA06608-MN:87-0030",13.31,1987,82
"NLA06608-NELP-0253",2.95,183,4
"NLA06608-NELP-0955",2.94,118,1
"NLA06608-NELP-1041",4.51,286,9
"NLA06608-NELP-1330",2.93,168,1
"NLA06608-NELP-2155",3.04,146,1
"NLA06608-NELP-3355",3.92,216,4
"NLA06608-NELP-3586",3.19,138,3
"NLA06608-NH250L",3.51,292,12
"NLA06608-NH4912",1.91,177,4
"NLA06608-NV:2",1.57,124,11
"NLA06608-NV:3",2.08,223,7
"NLA06608-NV:4",16.25,3225,154
"NLA06608-OH:19",5.85,500,17
"NLA06608-OH:22",2.42,244,3
"NLA06608-R10BULLTR",1.21,88,3
"NLA06608-R10CAPEHO",3.69,318,10
"NLA06608-R10CHARLT",0.65,136,1
"NLA06608-R10COUNCI",0.68,39,1
"NLA06608-R10DEERLA",1.71,191,4
"NLA06608-R10FISHLA",2.42,279,13
"NLA06608-R10FOURMI",1.4,143,4
"NLA06608-R10RAINYL",0.37,56,3
"NLA06608-R10SQUAWL",2.31,150,4
"NLA06608-R10ULAKE",5.35,312,10
"NLA06608-R10YELLOW",1.03,36,3
"NLA06608-R31",2.23,1103,8
"NLA06608-R314",3.01,230,11
"NLA06608-R315",1.37,101,4
"NLA06608-R318",2.54,235,8
"NLA06608-R319",14.01,531,37
"NLA06608-R32",1.56,505,3
"NLA06608-R322",1.65,219,7
"NLA06608-R323",5.12,629,26
"NLA06608-R324",3.58,366,6
"NLA06608-R326",5.54,740,31
"NLA06608-R328",3.05,277,9
"NLA06608-R333",3.15,366,22
"NLA06608-R334",4.42,311,12
"NLA06608-R336",3.09,169,4
"NLA06608-R34",2.15,309,3
"NLA06608-R5:KATHRYN",5.28,405,7
"NLA06608-R5:OTTAWA",2.38,148,3
"NLA06608-R7101",29.38,6880,363
"NLA06608-R7103",27.8,9359,839
"NLA06608-R7104",33.43,4166,1719
"NLA06608-R7106",7.25,1281,318
"NLA06608-R715",5.55,1205,54
"NLA06608-R716",3.99,544,23
"NLA06608-R723",3.73,380,20
"NLA06608-R728",4.69,333,19
"NLA06608-R730",2.86,513,37
"NLA06608-R733",5.89,637,62
"NLA06608-R736",3.79,389,26
"NLA06608-R746",4.29,408,37
"NLA06608-R750",5.07,983,80
"NLA06608-R759",6.73,611,17
"NLA06608-R764",3.79,350,14
"NLA06608-R767",2.8,203,10
"NLA06608-R769",2.87,316,8
"NLA06608-R770",2.43,223,5
"NLA06608-R772",4.76,351,16
"NLA06608-R775",4.06,326,10
"NLA06608-R784",5.08,789,31
"NLA06608-R788",32.11,3172,650
"NLA06608-R791",271.1,25638,2147
"NLA06608-R792",69.46,8647,393
"NLA06608-R796",39.87,7925,495
"NLA06608-TX:10",4.89,767,63
"NLA06608-TX:14",4.87,468,16
"NLA06608-TX:15",6.46,484,14
"NLA06608-TX:19",7.41,1069,72
"NLA06608-TX:22",4.43,258,11
"NLA06608-TX:27",8.2,933,69
"NLA06608-TX:29",3.99,308,8
"NLA06608-TX:30",9.6,1433,181
"NLA06608-TX:5",5.95,683,74
"NLA06608-WI:LOWES",6.68,1566,67
"NLA06608-WI:SY",12.07,905,49
