"SITE_ID","DOC_Median","NO3_Median","TP_Median"
"NRS18_AL_10002",1.85,0.84205,204.846
"NRS18_AL_10004",4.985,0.0101,44.4385
"NRS18_AL_10005",4.39,0.0111,77.468
"NRS18_AL_10006",3.78,0.1177,24.868
"NRS18_AL_10007",2.3,1.071,27.466
"NRS18_AL_10008",3.04,0.5437,31.398
"NRS18_AL_10009",5.645,0.28025,20.127
"NRS18_AL_10010",2.78,0.11715,36.448
"NRS18_AL_10013",9.08,0.068,176.416
"NRS18_AL_10014",4.72,6e-04,37.996
"NRS18_AL_10015",4.32,1.006,320.616
"NRS18_AL_10016",2.69,0.9987,77.591
"NRS18_AL_10017",3.7,0.0165,38.696
"NRS18_AL_10018",1.52,0.4444,15.948
"NRS18_AL_10019",2.45,0.1134,18.738
"NRS18_AL_10020",1.32,0.0568,13.149
"NRS18_AL_10022",9.76,9e-04,216.096
"NRS18_AL_10023",4.53,0.0427,30.086
"NRS18_AL_10025",1.43,0.0054,9.47
"NRS18_AL_10031",1.62,0.17,15.825
"NRS18_AL_10039",1.55,1.6764,9.505
"NRS18_AL_10188",1.89,0.1328,39.025
"NRS18_AL_10189",0.52,1.7739,11.976
"NRS18_AL_10191",1.19,0.0349,17.155
"NRS18_AL_10638",5.6,0.0013,101.809
"NRS18_AL_10938",2.35,0.166,18.22
"NRS18_AL_11088",1.82,0.1326,58.009
"NRS18_AL_RF001",2.46,0.0219,8.8
"NRS18_AL_RF002",1.51,0.0036,50.933
"NRS18_AR_10001",3.03,0.28525,12.8145
"NRS18_AR_10002",3.57,2.5338,240.235
"NRS18_AR_10004",0.93,0.1845,28.055
"NRS18_AR_10006",3.68,0.176,181.055
"NRS18_AR_10007",0.83,0.0272,8.88
"NRS18_AR_10008",3.2,6e-04,37.555
"NRS18_AR_10009",6.025,0.28525,265.1285
"NRS18_AR_10010",3.84,2.50215,329.9675
"NRS18_AR_10014",0.68,0.0385,13.181
"NRS18_AR_10015",1.24,0.0041,9.719
"NRS18_AR_10016",1.72,0.165,4.548
"NRS18_AR_10017",3.03,2.1028,247.913
"NRS18_AR_10018",3.7,0.0533,121.466
"NRS18_AR_10021",2.75,0.34,130.44
"NRS18_AR_10022",2.05,0.094,50.301
"NRS18_AR_10024",2.67,0.1032,149.829
"NRS18_AR_10025",0.95,0.1485,19.555
"NRS18_AR_10026",3.56,2.645,344.805
"NRS18_AR_10027",2.62,0.4013,50.651
"NRS18_AR_10034",1.47,0.0154,20.031
"NRS18_AR_10039",5.55,0.2429,217.788
"NRS18_AR_10040",2.12,0.078,55.055
"NRS18_AR_10046",4.45,0.0637,132.268
"NRS18_AR_10190",1.44,0.104,12.243
"NRS18_AR_10191",0.76,0.0344,4.215
"NRS18_AR_10192",0.42,0.2518,12.238
"NRS18_AR_10489",1.33,0.075,18.48
"NRS18_AZ_10001",6.76,6.6886,2917.375
"NRS18_AZ_10002",2.44,0.3182,14.654
"NRS18_AZ_10003",1.97,0.0069,147.441
"NRS18_AZ_10004",2.64,0.2135,181.534
"NRS18_AZ_10005",2.78,0.2111,58.451
"NRS18_AZ_10006",2.01,0.0315,165.808
"NRS18_AZ_10007",2.72,0.3272,14.176
"NRS18_AZ_10008",4.39,0,46.744
"NRS18_AZ_10009",8.51,0.0108,79.99
"NRS18_AZ_10010",1.79,1e-04,76.923
"NRS18_AZ_10011",0.62,0.1151,22.443
"NRS18_AZ_10012",2.24,0.0078,19.394
"NRS18_AZ_10013",2.09,0.0094,110.899
"NRS18_AZ_10014",2.66,0.1996,36.135
"NRS18_AZ_10015",4.42,0.0015,108.451
"NRS18_AZ_10016",1.23,0.5745,71.168
"NRS18_AZ_10020",2.43,0.372,7.698
"NRS18_AZ_10021",0.7,0.0335,28.039
"NRS18_AZ_10024",0.89,0.013,48.693
"NRS18_AZ_10027",2.12,0.6372,269.423
"NRS18_AZ_10456",5.15,0.3158,611.498
"NRS18_AZ_10457",2.82,1.8497,37.898
"NRS18_AZ_10843",2.49,0,48.479
"NRS18_AZ_12037",0.91,0.4945,99.983
"NRS18_AZ_12038",1.31,0.5593,75.189
"NRS18_AZ_12837",2.51,0.3176,15.844
"NRS18_AZ_12844",2.79,0.1875,35.778
"NRS18_CA_10001",1.68,0.004,30.9245
"NRS18_CA_10002",1.795,0.0012,45.381
"NRS18_CA_10004",0.62,0.0012,26.855
"NRS18_CA_10005",0.54,0.0188,27.893
"NRS18_CA_10006",1.24,0,76.774
"NRS18_CA_10007",4.1,0.0329,43.744
"NRS18_CA_10008",1.02,0.027,12.468
"NRS18_CA_10009",0.35,0.0018,9.75
"NRS18_CA_10010",1.46,0.022,16.735
"NRS18_CA_10011",2.6,4.6293,45.764
"NRS18_CA_10012",1.36,0.0054,26.059
"NRS18_CA_10013",2.38,0.0012,56.07
"NRS18_CA_10014",1.51,0.012,32.05
"NRS18_CA_10015",1.26,0.0035,17.379
"NRS18_CA_10016",1.8,2.8207,61.698
"NRS18_CA_10018",1.42,0.0194,11.153
"NRS18_CA_10019",0.65,0.0232,18.523
"NRS18_CA_10020",3.155,0.0491,25.791
"NRS18_CA_10021",0.6,0.0323,28.305
"NRS18_CA_10022",0.92,0.076,59.538
"NRS18_CA_10024",2.57,0.0013,12.919
"NRS18_CA_10025",3.3,5.0186,1270.3
"NRS18_CA_10026",0.63,0,30.268
"NRS18_CA_10027",0.97,0.0022,26.339
"NRS18_CA_10028",1.63,4e-04,62.18
"NRS18_CA_10029",1.47,0.2321,93.288
"NRS18_CA_10030",2.23,0.3487,39.93
"NRS18_CA_10031",1.14,0.0017,24.676
"NRS18_CA_10032",1.74,0.0202,20.801
"NRS18_CA_10033",2.37,0.7857,210.551
"NRS18_CA_10034",1.52,0.0014,43.223
"NRS18_CA_10035",3.86,2.0731,368.764
"NRS18_CA_10036",1.51,0.0351,110.926
"NRS18_CA_10044",3.29,0.0442,94.699
"NRS18_CA_10048",9.02,0.1137,167.514
"NRS18_CA_10049",8.26,0.0015,36.425
"NRS18_CA_10052",1.55,0.1011,80.051
"NRS18_CA_10054",2.76,1.5122,255.513
"NRS18_CA_10055",1.63,0.0217,62.884
"NRS18_CA_10056",2.84,0.0012,26.341
"NRS18_CA_10059",2.4,0.0701,53.869
"NRS18_CA_10065",3.37,0.0071,105.444
"NRS18_CA_10066",0.49,0.0166,20.16
"NRS18_CA_10088",0.92,0.001,57.801
"NRS18_CA_10094",0.45,0.0186,22.481
"NRS18_CA_10108",0.44,0.0016,21.615
"NRS18_CA_10247",2.59,0.3487,83.289
"NRS18_CA_10322",1.34,0.1233,81.288
"NRS18_CA_10324",0.79,NA,43.216
"NRS18_CA_10343",0.44,0.109,102.195
"NRS18_CA_10352",0.42,0.1204,14.305
"NRS18_CA_10389",0.47,0.0108,13.313
"NRS18_CA_10548",8.89,0,173.646
"NRS18_CA_10788",1.33,0.0399,13.093
"NRS18_CA_10795",1.34,0.0061,23.138
"NRS18_CA_10889",2.84,0.0012,75.576
"NRS18_CO_10002",3.15,0.89205,141.783
"NRS18_CO_10003",2.285,0.08515,6.4475
"NRS18_CO_10004",1.84,0.0076,94.75
"NRS18_CO_10005",4.03,0.0021,88.125
"NRS18_CO_10009",4.59,0.0103,67.335
"NRS18_CO_10010",4.15,1.0383,91.313
"NRS18_CO_10011",3.47,NA,55.376
"NRS18_CO_10012",3.69,3.6021,444.3
"NRS18_CO_10013",3.415,0.0056,41.6815
"NRS18_CO_10014",3.485,0.5545,112.221
"NRS18_CO_10016",8.01,0.9821,144.248
"NRS18_CO_10017",1.26,0.0035,14.513
"NRS18_CO_10018",2.72,0.1231,48.815
"NRS18_CO_10020",5.81,3e-04,140.265
"NRS18_CO_10021",4.53,2.4338,808.6
"NRS18_CO_10024",1.41,0.0016,11.864
"NRS18_CO_10026",4.14,0.004,42.414
"NRS18_CO_10028",8.06,0.3524,569.805
"NRS18_CO_10033",2.89,0.0042,16.998
"NRS18_CO_10034",1.12,0.0265,83.816
"NRS18_CO_10042",2.17,0.0086,10.999
"NRS18_CO_10046",2.47,NA,72.953
"NRS18_CO_10048",3.69,0.0102,74.643
"NRS18_CO_10050",7.45,0.1871,279.606
"NRS18_CO_10053",5.13,0.0201,88.569
"NRS18_CO_10055",1.11,0.0554,13.314
"NRS18_CO_10060",3.87,0,72.519
"NRS18_CO_10061",6.24,3.7026,1337.619
"NRS18_CO_10063",4.66,0.0273,70.84
"NRS18_CO_10064",0.93,0.1069,8.344
"NRS18_CO_10065",7.07,0.0065,34.975
"NRS18_CO_10068",1.95,0.0028,5.486
"NRS18_CO_10069",2.45,0.0273,7.348
"NRS18_CO_10070",3.88,2.3694,4351.7
"NRS18_CO_10071",3.25,0.0039,43.119
"NRS18_CO_10072",3.62,0.0037,71.1
"NRS18_CO_10135",3.06,0.1992,243.404
"NRS18_CO_10224",2.15,0.2309,15.518
"NRS18_CO_10374",2.48,NA,85.68
"NRS18_CO_10398",2.55,0.1135,79.944
"NRS18_CO_10523",5.52,0.2876,360.234
"NRS18_CO_10825",2.23,0.0059,77.805
"NRS18_CO_10974",2.99,0.0077,20.618
"NRS18_CO_10975",7.85,0.1526,886.888
"NRS18_CO_10977",2.86,0.1932,56.878
"NRS18_CO_11124",1.76,0.3287,82.918
"NRS18_CO_11274",4.98,0.0021,39.968
"NRS18_CO_11276",1.97,0.0012,144.805
"NRS18_CO_11278",8.43,0.0123,45.676
"NRS18_CO_11423",5.03,3.5891,483.225
"NRS18_CO_11424",3.28,2.2885,209.275
"NRS18_CO_11425",3.78,2.2541,330.281
"NRS18_CO_11725",3.25,1.1304,136.963
"NRS18_CO_RF001",1.14,0.0388,11.418
"NRS18_CO_RF002",0.86,0.0989,6.966
"NRS18_CO_RF003",0.91,0.0429,6.151
"NRS18_CO_RF004",0.46,0.165,10.866
"NRS18_CO_RF005",0.96,0.0193,4.449
"NRS18_CO_RF006",0.84,0.1595,9.008
"NRS18_CO_RF007",0.85,0.2908,8.648
"NRS18_CO_RF011",1.51,0.0016,5.585
"NRS18_CO_RF015",1.5,0.0261,8.589
"NRS18_CO_RF016",2.24,0.1008,9.304
"NRS18_CO_RF017",2.16,0.0268,5.079
"NRS18_CO_RF018",0.56,0.0435,4.228
"NRS18_CO_RF019",1.65,0.0044,7.284
"NRS18_CO_RF020",1.36,0.002,3.191
"NRS18_CT_10001",1.34,0.2494,11.731
"NRS18_CT_10002",4.715,0.3432,61.5745
"NRS18_CT_10003",5.63,0.8119,65.578
"NRS18_CT_10004",5.39,0.2902,35.298
"NRS18_CT_10005",2.9,0.3573,60.598
"NRS18_CT_10006",7.06,0.1894,33.6235
"NRS18_CT_10007",2.65,0.36215,76.4915
"NRS18_CT_10008",4.22,0.7649,67.216
"NRS18_CT_10009",3.64,0.598,62.29
"NRS18_CT_10010",2.83,0.1145,18.585
"NRS18_CT_10011",2.95,0.326,62.084
"NRS18_CT_10017",5.99,0.9904,37.32
"NRS18_CT_10018",2.51,0.213,23.805
"NRS18_CT_10019",2.99,0.3944,37.523
"NRS18_CT_10020",2.56,0.247,75.296
"NRS18_CT_10030",2.04,0.2466,11.124
"NRS18_CT_10031",1.14,0.5822,25.176
"NRS18_CT_10032",2.36,1.0541,46.706
"NRS18_CT_10036",1.59,1.2974,54.68
"NRS18_CT_10037",4.66,0.1922,14.685
"NRS18_DE_10002",5.575,1.6563,187.5095
"NRS18_DE_10003",4.81,1.359,224.325
"NRS18_DE_10004",1.83,2.9262,79.063
"NRS18_DE_10005",2.97,1.30155,42.6425
"NRS18_DE_10006",2.39,3.7852,36.3285
"NRS18_DE_10007",1.51,1.0552,17.278
"NRS18_DE_10008",2.9,1.3499,79.371
"NRS18_DE_10009",4.24,0.4738,119.645
"NRS18_DE_10010",2.85,1.3435,71.019
"NRS18_DE_10012",3.71,3.6569,141.701
"NRS18_DE_10014",2.09,5.3776,70.315
"NRS18_DE_10015",1.26,1.8806,34.805
"NRS18_DE_10016",1.09,3.3969,53.538
"NRS18_DE_10018",2.08,3.8716,56.124
"NRS18_DE_10019",3.49,1.1056,125.748
"NRS18_DE_10020",1.76,2.8603,61.82
"NRS18_DE_10021",2.01,0.98355,43.1335
"NRS18_DE_10033",2.02,4.1444,53.075
"NRS18_DE_10037",5.17,3.105,101.538
"NRS18_DE_10332",1.99,1.3482,49.155
"NRS18_FL_10002",8.175,0.08335,69.3385
"NRS18_FL_10003",7.48,0.0695,124.601
"NRS18_FL_10004",21.95,0.0282,17.125
"NRS18_FL_10006",16.18,0.0423,67.2145
"NRS18_FL_10007",2.715,0.49735,36.6785
"NRS18_FL_10008",1.41,0.1996,5.199
"NRS18_FL_10009",14.21,2e-04,127.633
"NRS18_FL_10010",7.42,0.417,142.748
"NRS18_FL_10011",20.85,0.6792,143.284
"NRS18_FL_10012",14.74,0.0431,28.291
"NRS18_FL_10017",36.2,0.0363,58.339
"NRS18_FL_10020",3.55,0.3733,78.044
"NRS18_FL_10021",4.26,0.00695,9.2135
"NRS18_FL_10035",13.4,0.4791,40.485
"NRS18_FL_10037",34.5,0.0279,169.586
"NRS18_FL_10042",7.92,0.0052,12.009
"NRS18_FL_10047",4.53,0.0072,65.638
"NRS18_FL_10183",29.92,0.0042,17.644
"NRS18_FL_10333",16.17,0.0011,59.168
"NRS18_FL_10334",6.16,0.1205,14.94
"NRS18_FL_RF001",59.29,0.0285,152.935
"NRS18_FL_RF002",1.8,0.188,16.733
"NRS18_FL_RF003",2.06,0.7523,65.464
"NRS18_GA_10001",1.88,0.38655,22.5525
"NRS18_GA_10002",9.345,0.106,168.229
"NRS18_GA_10003",3.2,0.1339,46.764
"NRS18_GA_10004",3.99,0.0685,62.058
"NRS18_GA_10005",1.24,0.1402,17.271
"NRS18_GA_10006",1.33,0.4212,25.216
"NRS18_GA_10007",2,0.6743,85.294
"NRS18_GA_10008",2.2,0.2903,23.048
"NRS18_GA_10010",2.17,0.6907,20.96
"NRS18_GA_10011",2.775,0.0671,33.946
"NRS18_GA_10012",2.18,0.6231,81.3615
"NRS18_GA_10014",1.9,0.3742,103.874
"NRS18_GA_10015",0.96,0.4303,29.038
"NRS18_GA_10016",4.5,0.3581,61.641
"NRS18_GA_10017",5.87,0.0138,113.653
"NRS18_GA_10018",1.43,0.0627,15.391
"NRS18_GA_10019",1.19,0.8593,62.49
"NRS18_GA_10020",1.98,2.3752,106.244
"NRS18_GA_10022",3.97,0.0574,23.144
"NRS18_GA_10023",4.2,0.088,21.078
"NRS18_GA_10024",0.77,0.1395,24.801
"NRS18_GA_10025",1.54,0.0698,11.348
"NRS18_GA_10026",7.84,0.0077,57.039
"NRS18_GA_10027",4.35,0.1668,27.253
"NRS18_GA_10029",1.73,0.3674,42.8
"NRS18_GA_10035",1.51,1.5086,22.576
"NRS18_GA_10036",0.67,0.0916,20.646
"NRS18_GA_10057",3.67,0.1002,57.516
"NRS18_GA_10950",1.99,0.6679,43.98
"NRS18_GA_RF001",10.19,0.0695,64.87
"NRS18_GA_RF002",0.78,0.285,21.66
"NRS18_IA_10001",2.215,6.6448,247.2265
"NRS18_IA_10003",1.97,10.8806,157.471
"NRS18_IA_10004",2.8,0.7897,200.836
"NRS18_IA_10005",3.77,8.4686,127.771
"NRS18_IA_10006",1.65,1.2154,116.324
"NRS18_IA_10007",2.63,3.7839,351.648
"NRS18_IA_10008",5.74,1.05,142.973
"NRS18_IA_10009",4.09,2.4119,281.735
"NRS18_IA_10011",1.66,9.81895,84.2795
"NRS18_IA_10012",6.14,1.02605,143.194
"NRS18_IA_10015",2.71,10.9638,140.638
"NRS18_IA_10016",2.52,6.3297,123.211
"NRS18_IA_10017",2.44,8.7712,169.191
"NRS18_IA_10018",1.69,7.6443,217.724
"NRS18_IA_10019",7.35,3.5329,159.216
"NRS18_IA_10020",1.32,13.9882,86.534
"NRS18_IA_10024",2.1,3.4936,173.006
"NRS18_IA_10025",1.85,4.6695,181.983
"NRS18_IA_10027",2.77,8.5838,225.096
"NRS18_IA_10028",3.42,7.3876,320.861
"NRS18_IA_10031",1.62,8.3613,112.03
"NRS18_IA_10032",1.45,4.6171,187.28
"NRS18_IA_10033",1.63,8.7685,109.826
"NRS18_IA_10034",3.25,8.1707,354.586
"NRS18_IA_10035",7.04,3.3536,165.466
"NRS18_IA_10042",7.51,3.3155,150.466
"NRS18_IA_10046",1.47,12.7171,70.173
"NRS18_IA_10048",5.05,0.6893,123.984
"NRS18_IA_10206",1.51,6.5309,38.129
"NRS18_IA_10356",1.59,4.9776,220.12
"NRS18_IA_10358",1.53,12.4232,124.406
"NRS18_IA_10507",0.82,2.5721,67.178
"NRS18_IA_10656",1.69,8.8032,388.336
"NRS18_IA_10658",2.88,5.0973,373.879
"NRS18_IA_10659",3.45,3.5982,227.603
"NRS18_IA_RF001",5.75,NA,128.555
"NRS18_IA_RF002",0.63,2.5223,36.585
"NRS18_IA_RF003",1.13,3.9739,75.158
"NRS18_ID_10001",2.835,0.00205,23.0105
"NRS18_ID_10002",1.9,0.01665,29.5865
"NRS18_ID_10003",0.91,0.0155,14.07
"NRS18_ID_10006",1.13,0.0021,10.813
"NRS18_ID_10007",1.4,1.1774,15.846
"NRS18_ID_10008",0.4,0.088,19.679
"NRS18_ID_10009",1.87,0.0011,16.446
"NRS18_ID_10010",1.59,8e-04,23.485
"NRS18_ID_10011",1.29,0.1617,4.024
"NRS18_ID_10012",1.49,0.0036,24.966
"NRS18_ID_10013",0.66,0.0025,9.163
"NRS18_ID_10014",1.23,0.0022,14.436
"NRS18_ID_10015",0.705,6e-04,17.4895
"NRS18_ID_10016",1.4,1.1322,54.087
"NRS18_ID_10018",1.32,0.1698,51.98
"NRS18_ID_10019",0.94,0.0804,14.18
"NRS18_ID_10020",2.11,0.0298,60.878
"NRS18_ID_10021",0.68,0.0097,9.484
"NRS18_ID_10022",0.8,0.004,13.085
"NRS18_ID_10023",1.2,0.0012,6.82
"NRS18_ID_10024",1.53,0.0017,36.026
"NRS18_ID_10025",1.96,0.2541,71.766
"NRS18_ID_10026",1.34,0.0042,20.264
"NRS18_ID_10027",1.9,0.0017,16.47
"NRS18_ID_10028",0.93,0.0017,10.47
"NRS18_ID_10035",0.94,0.0106,3.218
"NRS18_ID_10036",2.84,0.0107,94.71
"NRS18_ID_10037",1.06,0.0375,54.896
"NRS18_ID_10041",1.81,0.0052,19.609
"NRS18_ID_10042",1.88,0.6992,51.78
"NRS18_ID_10049",2.45,2e-04,22.86
"NRS18_ID_10053",0.6,0.006,9.305
"NRS18_ID_10056",0.62,0.0017,22.493
"NRS18_ID_10057",0.98,0.0195,24.129
"NRS18_ID_10080",1.87,0.6078,63.118
"NRS18_ID_10095",2.79,5e-04,17.903
"NRS18_ID_10110",1,0.0704,22.226
"NRS18_ID_10117",0.85,0.0628,30.803
"NRS18_ID_10120",0.58,0.0115,19.549
"NRS18_ID_10245",0.82,0.0016,11.043
"NRS18_ID_10280",2.12,0.0321,74.214
"NRS18_ID_10542",3.65,0.0012,106.249
"NRS18_ID_10547",2.46,0.0132,43.595
"NRS18_ID_10842",2.28,NA,62.613
"NRS18_ID_10843",1.85,0.0032,27.778
"NRS18_ID_10847",4.1,0.1271,50.681
"NRS18_ID_10992",1.22,0.0018,20.895
"NRS18_ID_11142",1.7,0.0213,17.46
"NRS18_IL_10001",2.78,1.90215,71.804
"NRS18_IL_10002",4.23,2.6407,397.8945
"NRS18_IL_10003",1.66,9.1259,137.514
"NRS18_IL_10004",3.33,0.756,95.728
"NRS18_IL_10005",8.19,1.6548,306.945
"NRS18_IL_10008",4.38,0.9358,245.175
"NRS18_IL_10009",4.83,3.3745,239.163
"NRS18_IL_10010",3.34,0.4045,165.079
"NRS18_IL_10011",4.75,4.1863,145.695
"NRS18_IL_10012",5.55,3.488,287.966
"NRS18_IL_10013",3.72,1.61965,119.4765
"NRS18_IL_10014",7.315,1.21265,246.0435
"NRS18_IL_10015",2.12,0.3743,255.833
"NRS18_IL_10016",0.98,0.0358,21.279
"NRS18_IL_10017",2.08,0.3069,35.413
"NRS18_IL_10019",4.71,0.1518,129.721
"NRS18_IL_10020",2.51,8.851,410.695
"NRS18_IL_10021",2.32,3.098,249.988
"NRS18_IL_10022",4.74,0.6553,214.586
"NRS18_IL_10023",1.77,4.3869,107.211
"NRS18_IL_10024",5.48,3.609,271.716
"NRS18_IL_10025",4.78,1.0109,477.613
"NRS18_IL_10026",7.5,NA,198.769
"NRS18_IL_10027",2.58,0.1396,99.68
"NRS18_IL_10030",7.32,0.0074,247.514
"NRS18_IL_10031",3.49,0.005,33.889
"NRS18_IL_10033",2.31,0.5005,48.275
"NRS18_IL_10035",2.13,3.537,208.336
"NRS18_IL_10036",2.35,0.1633,139.168
"NRS18_IL_10037",4.31,0.0018,172.439
"NRS18_IL_10040",4.73,0.1564,144.615
"NRS18_IL_10041",2.45,9.4074,121.07
"NRS18_IL_10042",4.55,0.4558,204.229
"NRS18_IL_10044",4.48,0.0352,423.555
"NRS18_IL_10054",1.85,4.4837,58.764
"NRS18_IL_10363",1.37,11.6011,24.389
"NRS18_IL_10364",4.24,0.2309,157.966
"NRS18_IL_10366",3.1,3.5982,72.676
"NRS18_IL_10514",1.84,2.146,74.913
"NRS18_IL_10968",2.13,3.9363,136.188
"NRS18_IL_10971",1.68,10.9038,21.341
"NRS18_IL_11563",5.56,0.3927,261.654
"NRS18_IL_11565",3.25,0.4545,152.306
"NRS18_IL_11715",2,2.799,163.636
"NRS18_IN_10001",4.655,3.11215,124.5905
"NRS18_IN_10002",3.1,1.3384,116.327
"NRS18_IN_10003",1.35,0.0418,7.843
"NRS18_IN_10005",2.48,0.2768,44.479
"NRS18_IN_10006",5.76,1.0057,37.05
"NRS18_IN_10007",2.81,0.4826,161.451
"NRS18_IN_10008",5.655,2.77715,137.1895
"NRS18_IN_10009",3.725,1.4541,146.854
"NRS18_IN_10010",3.39,0.2296,130.901
"NRS18_IN_10012",3.05,0.1711,138.475
"NRS18_IN_10013",2.03,0.9042,75.266
"NRS18_IN_10014",6.46,1.3378,111.545
"NRS18_IN_10015",2.88,1.6277,127.258
"NRS18_IN_10017",5.41,1.1749,57.83
"NRS18_IN_10019",5.9,0.9478,341.51
"NRS18_IN_10021",2.63,3.5524,66.776
"NRS18_IN_10025",3.43,0.4521,27.953
"NRS18_IN_10026",2.8,3.7339,98.305
"NRS18_IN_10027",2.89,0.5355,120.281
"NRS18_IN_10028",3.44,0.5603,132.579
"NRS18_IN_10030",3.41,1.0205,76.001
"NRS18_IN_10032",2.78,0,128.854
"NRS18_IN_10033",5.45,1.1204,59.118
"NRS18_IN_10036",6.27,1.1805,105.086
"NRS18_IN_10040",2.31,1.6916,135.988
"NRS18_IN_10046",5.23,2.1772,213.463
"NRS18_IN_10053",2.04,1.0376,20.575
"NRS18_IN_10347",5.09,1.4066,96.045
"NRS18_IN_10498",1.84,1.8297,9.044
"NRS18_IN_10649",4.01,0.2007,23.849
"NRS18_IN_10650",3.88,2.4253,123.52
"NRS18_IN_11097",2.93,2.6752,295.61
"NRS18_IN_11547",3.91,1.4609,116.908
"NRS18_KS_10001",1.61,0.01515,28.482
"NRS18_KS_10002",4.26,0.5855,300.709
"NRS18_KS_10005",6.8,0.0353,111.091
"NRS18_KS_10006",5.53,1.1333,297.431
"NRS18_KS_10009",4.18,0.7685,303.538
"NRS18_KS_10012",3.445,0.1469,42.002
"NRS18_KS_10015",5.8,0.858,191.65
"NRS18_KS_10018",2.9,0.6977,206.484
"NRS18_KS_10024",2.65,2.7479,130.269
"NRS18_KS_10027",7.26,0.8141,585.043
"NRS18_KS_10029",3.095,3.1957,329.501
"NRS18_KS_10033",3.71,0.0943,110.966
"NRS18_KS_10040",4.85,0.2452,198.184
"NRS18_KS_10041",4.13,0.8079,304.905
"NRS18_KS_10043",7.42,0.534,881.8
"NRS18_KS_10045",2.4,1.1567,74.768
"NRS18_KS_10049",2.01,1.3143,83.586
"NRS18_KS_10050",6.68,1.3473,565.933
"NRS18_KS_10051",4.735,0.6841,402.04
"NRS18_KS_10086",6.82,NA,33.985
"NRS18_KS_10087",9.48,0.0069,122.993
"NRS18_KS_10091",3.52,1.5894,183.094
"NRS18_KS_10097",6.55,0.7193,502.459
"NRS18_KS_10098",11.56,NA,830.475
"NRS18_KS_10099",2.89,3.3074,224.95
"NRS18_KS_10100",2.31,7.6128,130.014
"NRS18_KS_10101",4.9,0.5087,228.653
"NRS18_KS_10103",3.19,0.6754,198.764
"NRS18_KS_10106",6.73,0.9048,298.688
"NRS18_KS_10113",4.04,0.1881,148.139
"NRS18_KS_10115",2.07,0.5171,48.645
"NRS18_KS_10120",3.79,2.0217,267
"NRS18_KS_10122",6.27,0.0054,375.005
"NRS18_KS_10123",4,0.3006,805.825
"NRS18_KS_10125",4.81,0.3506,307.305
"NRS18_KS_10126",7.88,0.0242,160.551
"NRS18_KS_10137",2.67,0.0016,125.211
"NRS18_KS_10140",18.58,0.0745,1150.944
"NRS18_KS_10141",2.67,0.3634,26.163
"NRS18_KS_10142",5.32,0.0548,27.095
"NRS18_KS_10145",2.27,0.4029,54.429
"NRS18_KS_RF001",3.36,0.0969,143.051
"NRS18_KS_RF003",1.7,NA,78.913
"NRS18_KY_10001",1.385,0.04135,98.252
"NRS18_KY_10002",3.84,1.7486,306.379
"NRS18_KY_10003",1.79,0.1047,75.368
"NRS18_KY_10004",3.81,1.2948,128.915
"NRS18_KY_10005",1.48,0.2002,17.784
"NRS18_KY_10006",2.66,0.6305,202.514
"NRS18_KY_10007",1.83,0.0904,19.635
"NRS18_KY_10008",2.29,1.1841,106.325
"NRS18_KY_10009",3.14,0.5381,89.758
"NRS18_KY_10010",1.6,0.2841,50.453
"NRS18_KY_10011",3.34,0.39565,38.94
"NRS18_KY_10012",2.625,1.0377,72.96
"NRS18_KY_10013",0.71,0.072,14.839
"NRS18_KY_10015",1.37,0.4502,25.843
"NRS18_KY_10016",2.14,0.2312,30.036
"NRS18_KY_10018",1.78,0.361,42.645
"NRS18_KY_10019",3.38,1.3916,156.945
"NRS18_KY_10020",1.66,0.1916,13.591
"NRS18_KY_10023",0.7,0.6766,11.446
"NRS18_KY_10024",1.57,0.4104,105.408
"NRS18_KY_10025",1.11,3.8405,67.276
"NRS18_KY_10026",4.47,0.4027,163.235
"NRS18_KY_10027",4.69,0.9701,94.105
"NRS18_KY_10029",1.51,0.3263,49.415
"NRS18_KY_10030",4.2,0.5352,168.128
"NRS18_KY_10031",2.14,0.2947,79.258
"NRS18_KY_10032",2.06,0.0652,85.086
"NRS18_KY_10033",2.18,1.2599,70.086
"NRS18_KY_10039",1.29,1.1404,38.586
"NRS18_KY_10041",3.82,0.6828,116.674
"NRS18_KY_10048",2.64,0.0458,114.396
"NRS18_KY_10197",1.16,0.1277,15.864
"NRS18_KY_10952",5.14,0.8048,432.608
"NRS18_LA_10001",10.24,1.20995,262.7135
"NRS18_LA_10002",6.945,0.0842,106.2135
"NRS18_LA_10003",5.13,0.8894,483.051
"NRS18_LA_10004",2.62,0.0033,78.413
"NRS18_LA_10005",7.45,0.2548,204.301
"NRS18_LA_10006",6.59,0.0714,65.913
"NRS18_LA_10007",6.2,0.3305,105.801
"NRS18_LA_10008",5.77,0.0088,67.055
"NRS18_LA_10010",3.055,1.62145,207.7135
"NRS18_LA_10011",10.3,0.0692,104.413
"NRS18_LA_10012",0.84,0.5629,24.014
"NRS18_LA_10013",9,0.0035,861.113
"NRS18_LA_10014",4.11,NA,93.676
"NRS18_LA_10015",4.17,0.3551,150.551
"NRS18_LA_10016",3.04,1.4645,193.051
"NRS18_LA_10018",6.89,0.0084,236.801
"NRS18_LA_10019",5.24,0.2593,172.913
"NRS18_LA_10020",22.54,0.0042,293.051
"NRS18_LA_10021",6.16,0.676,155.014
"NRS18_LA_10022",3.06,1.3409,128.051
"NRS18_LA_10181",18.5,0.1612,516.801
"NRS18_LA_10481",3.64,1.4081,149.603
"NRS18_MA_10001",6.42,0.6563,47.23
"NRS18_MA_10002",6.37,1.3377,65.6225
"NRS18_MA_10003",1.75,5.8456,42.341
"NRS18_MA_10004",2.53,0.17,7.835
"NRS18_MA_10005",7.33,0.2685,44.1385
"NRS18_MA_10006",3.89,0.12205,13.453
"NRS18_MA_10007",26.55,0.0239,248.333
"NRS18_MA_10008",4.1,0.8996,63.948
"NRS18_MA_10009",6.72,0.1361,43.494
"NRS18_MA_10010",2.6,0.2071,10.883
"NRS18_MA_10011",1.54,0.0102,21.039
"NRS18_MA_10013",4.78,0.0027,49.913
"NRS18_MA_10014",6.05,0.1224,21.466
"NRS18_MA_10016",8.98,0.06,28.468
"NRS18_MA_10017",8.25,0.3983,41.944
"NRS18_MA_10018",2.8,0.8535,64.376
"NRS18_MA_10019",2.26,0.094,14.216
"NRS18_MA_10182",7.55,0.3082,62.82
"NRS18_MA_10185",28.73,0.2195,349.934
"NRS18_MA_10631",2.72,0.2118,11.311
"NRS18_MD_10001",4.53,3.27145,94.7455
"NRS18_MD_10002",2.04,1.42125,30.9655
"NRS18_MD_10003",1.39,2.2875,9.163
"NRS18_MD_10004",2.13,0.7131,17.3
"NRS18_MD_10005",3.79,1.08155,41.472
"NRS18_MD_10006",1.765,0.55155,13.824
"NRS18_MD_10007",4.14,7.3299,66.586
"NRS18_MD_10008",3.29,0.6652,107.415
"NRS18_MD_10009",1.3,1.9286,13.921
"NRS18_MD_10010",1.83,1.4543,15.619
"NRS18_MD_10013",2.66,1.0375,14.48
"NRS18_MD_10014",2.17,1.0248,21.15
"NRS18_MD_10015",2.65,3.1325,21.306
"NRS18_MD_10018",1.82,2.338,44.043
"NRS18_MD_10019",2.86,0.7953,75.305
"NRS18_MD_10034",39.12,0.2148,245.604
"NRS18_MD_10039",1.49,2.3539,91.046
"NRS18_MD_10481",1.62,0.0194,8.861
"NRS18_MD_10632",1.47,1.5211,26.233
"NRS18_MD_11081",1.77,1.1595,31.996
"NRS18_ME_10001",6.855,0.05735,12.021
"NRS18_ME_10002",8.065,0.06575,53.657
"NRS18_ME_10003",12.44,0.0017,14.023
"NRS18_ME_10004",3.25,0.0437,12.344
"NRS18_ME_10005",3.56,0.0324,9.644
"NRS18_ME_10006",7.53,0.00205,13.8285
"NRS18_ME_10007",5.715,0.0064,6.552
"NRS18_ME_10008",0.87,0.0042,31.78
"NRS18_ME_10009",2.78,0.0318,4.638
"NRS18_ME_10010",3.41,0.0221,13.74
"NRS18_ME_10011",4.32,0.0016,5.591
"NRS18_ME_10012",3.24,0.0445,13.586
"NRS18_ME_10013",5.71,0.0075,5.565
"NRS18_ME_10014",11.3,0.0167,11.819
"NRS18_ME_10015",5.41,0.074,13.318
"NRS18_ME_10016",25.68,0.001,45.645
"NRS18_ME_10017",15.35,0.1078,50.499
"NRS18_ME_10018",13.3,0.0208,17.76
"NRS18_ME_10019",11.79,0.0258,27.559
"NRS18_ME_10020",29.92,0.0097,45.1
"NRS18_ME_10021",15.81,0.0015,9.915
"NRS18_ME_10025",5.08,0.003,8.418
"NRS18_ME_10026",4.66,0.0017,8.34
"NRS18_ME_10044",7.68,0.0392,31.679
"NRS18_ME_10193",2.82,0.0285,16.048
"NRS18_ME_10194",12.96,0.0052,13.15
"NRS18_ME_10493",4.56,0.0669,8.088
"NRS18_MI_10001",4.485,0.59155,106.309
"NRS18_MI_10002",4.825,0.87655,61.9125
"NRS18_MI_10004",2.98,0.0437,21.335
"NRS18_MI_10005",4.22,0.0417,21.53
"NRS18_MI_10006",27.1,0,22.901
"NRS18_MI_10007",8.53,0.0026,16.163
"NRS18_MI_10008",7.51,1.3278,36.711
"NRS18_MI_10009",8.01,1.5361,117.513
"NRS18_MI_10010",6.66,3.9984,110.176
"NRS18_MI_10011",6.54,2.7285,79.328
"NRS18_MI_10012",11.77,0.6976,117.126
"NRS18_MI_10013",6.07,0.06785,82.595
"NRS18_MI_10014",2.63,0.02335,16.707
"NRS18_MI_10015",5.58,0.0133,114.926
"NRS18_MI_10017",14.28,0.0378,109.451
"NRS18_MI_10019",6.64,0,24.226
"NRS18_MI_10021",5.07,0.0615,16.509
"NRS18_MI_10022",4.97,0.7888,43.559
"NRS18_MI_10023",5.36,0.8432,75.803
"NRS18_MI_10024",6.21,0.0077,52.345
"NRS18_MI_10025",5.64,1.381,77.826
"NRS18_MI_10028",12.63,0.0063,88.665
"NRS18_MI_10030",4.18,0.1105,44.961
"NRS18_MI_10032",2.77,1.9055,26.776
"NRS18_MI_10033",5.52,0.3869,57.139
"NRS18_MI_10034",0.84,0.7021,11.538
"NRS18_MI_10035",5.26,0.0526,21.728
"NRS18_MI_10037",14.08,0.023,25.793
"NRS18_MI_10039",8.58,1.8896,116.711
"NRS18_MI_10040",3.23,0.0391,13.336
"NRS18_MI_10041",6.53,0.0704,8.163
"NRS18_MI_10042",5.6,0.0152,22.123
"NRS18_MI_10044",9.54,0.0115,19.836
"NRS18_MI_10045",4.24,0.0201,32.43
"NRS18_MI_10046",3.36,2.4143,16.333
"NRS18_MI_10047",7.14,10.3595,89.82
"NRS18_MI_10048",7.01,0.3873,78
"NRS18_MI_10049",6.86,0.0651,59.725
"NRS18_MI_10050",5.85,0.0345,32.075
"NRS18_MI_10052",6.7,3.0708,106.57
"NRS18_MI_10053",4.87,0.1167,12.754
"NRS18_MI_10054",5.19,1.8573,84.533
"NRS18_MI_10055",7.49,0.0564,26.268
"NRS18_MI_10056",12.96,0.6838,136.264
"NRS18_MI_10057",7.65,0.0159,20.981
"NRS18_MI_10062",9.9,0.2052,49.151
"NRS18_MI_10072",5.12,0.0349,23.133
"NRS18_MI_10075",2.85,0.2413,47.276
"NRS18_MI_10077",6.33,0.0101,50.589
"NRS18_MI_10081",5.95,0.1673,55.801
"NRS18_MI_10231",4.48,0.4208,28.836
"NRS18_MI_10233",18.66,0.0391,25.31
"NRS18_MI_10236",1.41,0.8349,10.6
"NRS18_MI_10381",7.39,0.88,45.389
"NRS18_MI_10531",2.91,1.4776,47.31
"NRS18_MI_10532",2.82,0.0468,21.388
"NRS18_MI_10682",2.39,0.2882,82.426
"NRS18_MI_10982",4.13,0.9829,30.334
"NRS18_MN_10001",3.215,5.8883,184.7015
"NRS18_MN_10002",6.46,2.15875,144.565
"NRS18_MN_10003",2.73,11.7666,156.166
"NRS18_MN_10004",9.34,0.0075,42.37
"NRS18_MN_10005",11.62,0.0072,14.393
"NRS18_MN_10006",47.22,0.0014,92.771
"NRS18_MN_10007",4.42,13.5113,82.409
"NRS18_MN_10008",9.26,1.7841,68.333
"NRS18_MN_10009",19.59,0.0012,55.064
"NRS18_MN_10010",22.56,0.0072,58.615
"NRS18_MN_10011",4.08,2.1107,283.77
"NRS18_MN_10012",8.34,0.5413,186.703
"NRS18_MN_10013",9.99,0.3959,53.261
"NRS18_MN_10014",14.7,0.1383,55.31
"NRS18_MN_10015",5.95,3.7852,297.353
"NRS18_MN_10016",5.99,0.0707,33.415
"NRS18_MN_10017",9.27,0,21.025
"NRS18_MN_10018",7.1,3.8857,215.505
"NRS18_MN_10019",1.07,6.91715,121.6435
"NRS18_MN_10020",9.19,0.088,331.285
"NRS18_MN_10021",11.49,0.0084,13.005
"NRS18_MN_10022",16.76,0.0101,60.771
"NRS18_MN_10023",15.11,0.0015,16.096
"NRS18_MN_10024",6.66,0.0974,92.854
"NRS18_MN_10025",5.27,0.0036,16.67
"NRS18_MN_10026",7.79,0.0023,12.884
"NRS18_MN_10028",10.76,0.0069,83.608
"NRS18_MN_10029",15,0.1063,44.56
"NRS18_MN_10030",13.95,0.0663,35.549
"NRS18_MN_10031",1.94,5.5724,89.165
"NRS18_MN_10032",6.26,2.6537,310.769
"NRS18_MN_10033",9.96,0.3482,53.24
"NRS18_MN_10034",7.23,1.5082,182.446
"NRS18_MN_10035",7.47,0.0043,29.829
"NRS18_MN_10036",11.23,0.2965,654.056
"NRS18_MN_10037",25.72,0.0022,89.606
"NRS18_MN_10038",27.83,0,41.035
"NRS18_MN_10039",11.94,0,139.189
"NRS18_MN_10044",23.42,0.0179,46.673
"NRS18_MN_10045",10.16,0.1712,58.233
"NRS18_MN_10046",41.92,0.0019,11.285
"NRS18_MN_10050",22.13,0.0043,28.175
"NRS18_MN_10052",9.69,5.7884,206.55
"NRS18_MN_10054",11.8,0.0012,26.133
"NRS18_MN_10055",0.77,4.2939,55.891
"NRS18_MN_10056",9.19,0.8176,189.12
"NRS18_MN_10057",14.33,0.074,201.913
"NRS18_MN_10058",18.89,0.012,56.476
"NRS18_MN_10059",1.46,6.2357,148.095
"NRS18_MN_10060",7.77,0.7974,45.965
"NRS18_MN_10061",9.81,0.0327,76.503
"NRS18_MN_10062",29.21,0.0069,54.709
"NRS18_MN_10063",6.9,0.6088,64.17
"NRS18_MN_10064",6.38,0.0024,25.814
"NRS18_MN_10065",6.42,0.1169,54.485
"NRS18_MN_10066",7.62,0.2491,120.27
"NRS18_MN_10067",11.12,0.0083,17.243
"NRS18_MN_10068",11.65,0.6778,340.999
"NRS18_MN_10069",10.75,0.0431,219.971
"NRS18_MN_10071",9.24,0.0013,228.485
"NRS18_MN_10072",5.57,2.693,164.345
"NRS18_MN_10073",5.79,3.8514,314.668
"NRS18_MN_10090",6.51,0.0021,23.074
"NRS18_MN_10253",22.84,0.0265,27.778
"NRS18_MN_10257",9.5,0.0607,15.611
"NRS18_MN_10260",6.22,0.0023,41.449
"NRS18_MN_10261",19.62,0.0098,39.093
"NRS18_MN_10402",4.75,13.4246,98.154
"NRS18_MN_10405",18.44,0.0058,57.139
"NRS18_MN_10553",22.65,0.0213,18.806
"NRS18_MN_10554",42.32,0.0297,74.786
"NRS18_MN_10556",9.48,0.0025,44.763
"NRS18_MN_RF001",11.855,0.0259,59.8475
"NRS18_MN_RF002",21.495,0.10895,42.51
"NRS18_MN_RF003",5.85,0.0028,70.491
"NRS18_MO_10001",10.015,0.3357,281.017
"NRS18_MO_10002",4.62,3.06445,259.2505
"NRS18_MO_10003",7.45,0.7738,395.188
"NRS18_MO_10004",4.86,0.1045,313.875
"NRS18_MO_10006",6.33,1.8082,1053.581
"NRS18_MO_10008",3.72,0.6665,201.228
"NRS18_MO_10009",3.92,1.8459,213.775
"NRS18_MO_10010",1.04,0.0563,27.196
"NRS18_MO_10011",4.61,4.0186,351.945
"NRS18_MO_10012",0.63,1.4142,28.603
"NRS18_MO_10013",5.185,0.1533,289.0205
"NRS18_MO_10014",3.74,1.38175,223.0615
"NRS18_MO_10019",3.8,0.2995,43.934
"NRS18_MO_10020",4.4,0.0042,59.041
"NRS18_MO_10021",3.09,5e-04,20.724
"NRS18_MO_10023",5.46,0.0077,124.126
"NRS18_MO_10024",4.09,0.9805,219.226
"NRS18_MO_10025",4.22,1.1789,232.943
"NRS18_MO_10026",1.64,0.8461,31.086
"NRS18_MO_10027",2.12,0.006,268.06
"NRS18_MO_10029",15.04,0.3144,313.336
"NRS18_MO_10030",5.72,0.0689,134.761
"NRS18_MO_10031",2.56,0.9952,80.043
"NRS18_MO_10033",3.08,3.6388,373.275
"NRS18_MO_10034",1.97,0.5854,39.713
"NRS18_MO_10035",1.9,0.0617,65.088
"NRS18_MO_10037",4.83,0.1286,150.438
"NRS18_MO_10038",2.8,NA,46.279
"NRS18_MO_10039",6.75,0.6998,475.836
"NRS18_MO_10040",1.24,0.0477,76.56
"NRS18_MO_10041",1.51,0.0464,25.986
"NRS18_MO_10042",4.14,1.1594,245.141
"NRS18_MO_10051",2.02,0.8618,82.461
"NRS18_MO_10053",2.67,1.8313,375.575
"NRS18_MO_10055",1.43,NA,31.1
"NRS18_MO_10213",0.61,0.8494,7.776
"NRS18_MO_10214",5.74,0.0011,136.533
"NRS18_MO_10361",7.46,0.1074,104.211
"NRS18_MO_10362",3.49,0.2839,157.185
"NRS18_MO_10665",0.56,0.2763,8.799
"NRS18_MO_10812",5.64,0.2257,82.79
"NRS18_MO_11111",0.81,0.2721,16.086
"NRS18_MO_RF001",4.52,0.021,116.788
"NRS18_MO_RF002",0.68,0.3115,18.663
"NRS18_MO_RF003",1.9,0.425,25.664
"NRS18_MO_RF004",1.28,0.2542,6.773
"NRS18_MO_RF005",1.75,0.7616,62.614
"NRS18_MO_RF006",0.63,0.4588,15.535
"NRS18_MO_RF007",0.93,0.324,12.809
"NRS18_MS_10001",2.325,0.02865,13.837
"NRS18_MS_10002",5.155,0.0565,137.397
"NRS18_MS_10003",7.1,0.9118,262.369
"NRS18_MS_10004",6.37,0.0331,23.689
"NRS18_MS_10005",2.87,0.2203,91.33
"NRS18_MS_10006",2.95,0.0169,50.129
"NRS18_MS_10007",3.62,0.0567,84.923
"NRS18_MS_10008",4.69,0.2594,261.278
"NRS18_MS_10009",1.3,0.0488,19.2565
"NRS18_MS_10010",4.355,0.11955,111.616
"NRS18_MS_10012",6.88,0.005,646.831
"NRS18_MS_10013",4.35,0.0269,36.054
"NRS18_MS_10014",6.75,0.0067,95.973
"NRS18_MS_10015",4.15,0.2182,158.315
"NRS18_MS_10016",6.66,0.0074,68.954
"NRS18_MS_10017",4.74,0.37,217.929
"NRS18_MS_10018",3.87,0.1054,23.226
"NRS18_MS_10019",1.66,0.6043,39.705
"NRS18_MS_10020",3.14,0.2342,88.508
"NRS18_MS_10021",9.18,0.3115,244.586
"NRS18_MS_10022",5.43,0.2128,168.336
"NRS18_MS_10031",5.27,0.001,185.359
"NRS18_MT_10001",0.47,0.0105,12.1765
"NRS18_MT_10002",1.71,0.00375,19.1215
"NRS18_MT_10003",1.22,0.0121,10.181
"NRS18_MT_10006",0.61,0.0261,6.176
"NRS18_MT_10009",0.73,0.0196,16.485
"NRS18_MT_10010",12.3,0.0053,83.004
"NRS18_MT_10011",19.6,0.0111,134.684
"NRS18_MT_10012",1.12,0.0449,11.676
"NRS18_MT_10013",1.23,0.0412,7.428
"NRS18_MT_10015",1.04,0.0056,9.735
"NRS18_MT_10017",3.04,0.0424,50.371
"NRS18_MT_10018",3.73,0.0071,28.083
"NRS18_MT_10019",7.66,0,112.644
"NRS18_MT_10021",3.03,0,42.765
"NRS18_MT_10022",2.72,0.036,87.045
"NRS18_MT_10023",0.67,0.0089,4.985
"NRS18_MT_10024",2.87,0.0114,55.645
"NRS18_MT_10025",6.06,0,62.884
"NRS18_MT_10027",2.31,0.01085,63.733
"NRS18_MT_10028",6.46,0.0028,125.928
"NRS18_MT_10029",1.25,0.2711,63.148
"NRS18_MT_10030",1.18,0.0031,16.861
"NRS18_MT_10032",4.61,0.0021,14.143
"NRS18_MT_10035",0.99,0.0016,10.641
"NRS18_MT_10037",11.87,0.1542,34.756
"NRS18_MT_10040",18.83,0.0053,212.413
"NRS18_MT_10041",7.59,0.0016,33.56
"NRS18_MT_10043",1.11,0.0509,13.186
"NRS18_MT_10044",6.55,0.3201,256.756
"NRS18_MT_10047",3,0.1766,56.276
"NRS18_MT_10048",2.57,0.0084,38.858
"NRS18_MT_10049",1.38,0.0033,11.624
"NRS18_MT_10051",2.65,0.0299,96.075
"NRS18_MT_10052",1.47,0.1273,46.948
"NRS18_MT_10062",1.35,0.0239,10.248
"NRS18_MT_10063",4.76,0.0239,69.15
"NRS18_MT_10064",6.17,0.0855,208.646
"NRS18_MT_10065",1.24,0.0702,8.214
"NRS18_MT_10067",2.25,0.262,12.793
"NRS18_MT_10068",1.45,0.0022,10.459
"NRS18_MT_10070",1.42,0.023,226.994
"NRS18_MT_10071",2.61,0.006,30.933
"NRS18_MT_10072",4.6,0,66.341
"NRS18_MT_10073",2.86,0.0184,49.015
"NRS18_MT_10078",11.75,0.0459,245.93
"NRS18_MT_10079",0.92,0.0034,56.771
"NRS18_MT_10080",4.29,0.0038,38.655
"NRS18_MT_10083",2.19,0.0656,52.33
"NRS18_MT_10084",0.49,0.0621,3.529
"NRS18_MT_10087",7.19,0.0136,247.408
"NRS18_MT_10089",1.49,0.0482,13.675
"NRS18_MT_10090",1.5,0.0131,14.453
"NRS18_MT_10094",1.47,0.1181,11.209
"NRS18_MT_10096",1.11,0.1866,8.758
"NRS18_MT_10097",1.1,0.0187,6.686
"NRS18_MT_10106",0.46,0.066,2.715
"NRS18_MT_10107",0.81,0.0989,10.855
"NRS18_MT_10108",28.45,0.0523,85.45
"NRS18_MT_10112",3.19,0.0442,41.154
"NRS18_MT_10113",8.08,0.0013,105.024
"NRS18_MT_10114",4.02,0,83.054
"NRS18_MT_10117",1.44,0.0033,9.403
"NRS18_MT_10120",1.6,0.023,21.145
"NRS18_MT_10270",0.36,0.013,9.889
"NRS18_MT_10272",1.19,0.0109,13.689
"NRS18_MT_10274",1.07,0.0029,6.321
"NRS18_MT_10421",1.2,0.0437,29.88
"NRS18_MT_10589",6.71,0,44.206
"NRS18_MT_10592",1.93,0.3734,46.408
"NRS18_MT_10593",14.42,0,113.129
"NRS18_MT_10603",0.83,0.0031,6.465
"NRS18_MT_11020",9.83,0.0169,218.71
"NRS18_MT_11320",1.27,0.3094,15.705
"NRS18_MT_11470",5.33,0,190.03
"NRS18_MT_11621",1.65,0.0023,19.404
"NRS18_NC_10001",5.59,11.46045,1516.6
"NRS18_NC_10002",9.62,0.07845,105.427
"NRS18_NC_10003",1.45,0.2016,38.939
"NRS18_NC_10006",2.52,0.1309,22.875
"NRS18_NC_10007",1.14,0.6473,106.444
"NRS18_NC_10008",8.12,0.6299,123.328
"NRS18_NC_10009",13.12,0.16815,74.5105
"NRS18_NC_10010",1.585,0.20955,24.962
"NRS18_NC_10012",7.64,0.0336,54.648
"NRS18_NC_10014",1.6,NA,54
"NRS18_NC_10016",4.68,0.0042,22.489
"NRS18_NC_10017",0.71,0.086,20.688
"NRS18_NC_10020",9.8,NA,70
"NRS18_NC_10023",0.8,NA,9
"NRS18_NC_10026",5.02,0.552,100.25
"NRS18_NC_10027",5.23,0.3182,80.336
"NRS18_NC_10030",12.1,NA,84
"NRS18_NC_10032",0.47,0.1427,16.303
"NRS18_NC_10035",0.32,0.0694,28.725
"NRS18_NC_10037",3.11,0.81,87.765
"NRS18_NC_10038",18.54,0.3755,111.283
"NRS18_NC_10111",9.42,0.9691,81.249
"NRS18_NC_10155",8.35,0.175,61.326
"NRS18_NC_10346",4.38,0.1742,65.26
"NRS18_NC_10555",3.49,0.3164,21.384
"NRS18_NC_10645",6.82,0.4991,105.341
"NRS18_NC_10897",3.68,3.7799,340.111
"NRS18_NC_RF001",0.66,0.161,19.545
"NRS18_NC_RF002",0.73,0.0706,17.55
"NRS18_ND_10001",17.145,0.0038,64.3605
"NRS18_ND_10002",15.01,0.16115,790.9595
"NRS18_ND_10003",11,0.0119,59.748
"NRS18_ND_10004",19.44,0.0061,114.858
"NRS18_ND_10005",15.6,0.0012,771.5
"NRS18_ND_10007",13.28,0.0054,101.568
"NRS18_ND_10008",9.03,0.2999,126.219
"NRS18_ND_10009",11.3,0.0057,61.048
"NRS18_ND_10010",6.425,0.20695,215.1655
"NRS18_ND_10011",11.21,0.0011,150.491
"NRS18_ND_10013",19.77,NA,899.025
"NRS18_ND_10014",17.52,0.0157,297.913
"NRS18_ND_10015",15.44,0.1902,223.051
"NRS18_ND_10017",10.3,0,84.31
"NRS18_ND_10018",12.17,0,143.208
"NRS18_ND_10019",12.84,NA,173.533
"NRS18_ND_10023",47.09,NA,256.72
"NRS18_ND_10026",13.14,0.0641,320.836
"NRS18_ND_10027",12.28,0,64.841
"NRS18_ND_10028",8.38,0.3551,63.929
"NRS18_ND_10029",12.31,0,73.506
"NRS18_ND_10030",16.35,0.0423,797.225
"NRS18_ND_10031",12.15,0.0053,60.086
"NRS18_ND_10032",10.7,0.0404,53.555
"NRS18_ND_10033",8.68,0.3564,361.739
"NRS18_ND_10034",12.27,0,67.331
"NRS18_ND_10035",6.75,0.0934,199.199
"NRS18_ND_10036",12.24,0.1669,476.068
"NRS18_ND_10037",12.56,0.0072,513.889
"NRS18_ND_10038",3.11,0.0454,14.516
"NRS18_ND_10039",11.47,0.0052,23.229
"NRS18_ND_10040",12.24,0,71.594
"NRS18_ND_10042",3.21,0.0447,13.863
"NRS18_ND_10043",10.06,0.0053,59.82
"NRS18_ND_10044",12.22,0.0295,80.769
"NRS18_ND_10045",12.57,0.2486,962.569
"NRS18_ND_10049",15.61,0.1685,217.09
"NRS18_ND_10054",16.48,NA,112.591
"NRS18_ND_10071",14.45,0.0118,39.96
"NRS18_ND_10075",25.25,NA,86.018
"NRS18_ND_10225",11.41,0.0713,84.945
"NRS18_ND_10377",14.98,0,309.07
"NRS18_ND_10378",15.92,0.1223,117.536
"NRS18_ND_10525",13.98,0,319.229
"NRS18_ND_10528",29,0,309.14
"NRS18_ND_10676",7.03,0.0057,146.34
"NRS18_ND_10975",12.59,0.0079,134.375
"NRS18_NE_10003",4.19,0.4399,288.375
"NRS18_NE_10004",4.05,0.2773,411.093
"NRS18_NE_10005",1.63,10.2022,390.911
"NRS18_NE_10006",4.87,8.0126,329.731
"NRS18_NE_10007",2.8,0.4883,92.071
"NRS18_NE_10008",5.84,0.5393,1160.744
"NRS18_NE_10009",3.37,NA,432.855
"NRS18_NE_10010",3.14,2.2665,444.639
"NRS18_NE_10011",2.69,2.4681,529.081
"NRS18_NE_10012",1.59,2.3597,209.586
"NRS18_NE_10013",5.585,0.85815,423.798
"NRS18_NE_10014",4.405,0.77845,312.2025
"NRS18_NE_10015",2.75,0.4366,113.038
"NRS18_NE_10016",3.29,9.0666,390.443
"NRS18_NE_10018",3.48,0.6476,270.695
"NRS18_NE_10020",1.13,6.3994,314.805
"NRS18_NE_10021",4.45,2.1804,319.216
"NRS18_NE_10024",3.52,0.5417,117.715
"NRS18_NE_10025",3.59,0.0241,63.949
"NRS18_NE_10026",4.3,1.8925,248.555
"NRS18_NE_10028",3.72,3.0724,255.728
"NRS18_NE_10029",6.96,0.2315,447.966
"NRS18_NE_10030",16.84,0.3832,243.625
"NRS18_NE_10033",7.17,1.4875,1587.681
"NRS18_NE_10034",2.05,2.9593,381.925
"NRS18_NE_10035",2.97,3.6793,680.513
"NRS18_NE_10037",1.58,3.3619,74.544
"NRS18_NE_10038",9.58,0.7091,966.081
"NRS18_NE_10041",6.68,0.4756,107.693
"NRS18_NE_10042",3.66,1.2698,647.95
"NRS18_NE_10043",4.38,0.964,479.803
"NRS18_NE_10044",4.61,2.1118,1058.013
"NRS18_NE_10045",3.75,6.069,291.134
"NRS18_NE_10046",5.53,0.0672,334.64
"NRS18_NE_10048",8.27,0.267,294.54
"NRS18_NE_10049",5.48,0.0822,428.928
"NRS18_NE_10050",5.42,0.5044,355.311
"NRS18_NE_10052",7.08,2.7302,1039.869
"NRS18_NE_10053",6.88,0.3515,108.095
"NRS18_NE_10054",4.97,0.5282,277.118
"NRS18_NE_10056",5.08,0.3336,449.21
"NRS18_NE_10057",3.89,0.0206,76.92
"NRS18_NE_10058",2.855,4.83185,467.6555
"NRS18_NE_10059",4.79,0.5509,273.104
"NRS18_NE_10071",2.6,2.0169,71.835
"NRS18_NE_10073",5.53,2.2774,1066.875
"NRS18_NE_10075",5.99,0.4713,1091.425
"NRS18_NE_10079",7.18,6.785,406.399
"NRS18_NE_10544",1.18,14.9843,154.813
"NRS18_NE_10678",10.9,0.2001,464.588
"NRS18_NE_10683",6.94,0.3913,713.7
"NRS18_NE_10983",3.05,5.011,336.124
"NRS18_NE_11133",2.85,2.0805,300.133
"NRS18_NE_11149",7.86,1.4978,743.563
"NRS18_NE_11433",3.9,0.0669,30.261
"NRS18_NE_11578",6.75,0.012,34.57
"NRS18_NE_11590",4.72,0.0714,40.405
"NRS18_NE_RF001",1.06,0.2034,59.933
"NRS18_NE_RF002",2.6,0.5037,92.666
"NRS18_NH_10001",2.18,0.13445,11.2725
"NRS18_NH_10002",3.735,0.14825,10.6555
"NRS18_NH_10003",3.17,0.0442,10.013
"NRS18_NH_10004",3.16,0.1703,9.194
"NRS18_NH_10005",2.07,0.1311,16.2
"NRS18_NH_10006",1.905,0.1532,9.302
"NRS18_NH_10007",4.29,0.14445,9.567
"NRS18_NH_10008",0.92,0.0145,16.324
"NRS18_NH_10009",2.66,0.1121,12.605
"NRS18_NH_10010",4.06,0.0926,24.288
"NRS18_NH_10011",4.29,0.0134,7.576
"NRS18_NH_10012",3.52,0.0177,5.569
"NRS18_NH_10014",4.71,0.0291,58.9
"NRS18_NH_10016",2.65,0.0484,4.401
"NRS18_NH_10017",2.44,0.0077,11.501
"NRS18_NH_10018",2.22,0.0492,34.095
"NRS18_NH_10019",9.56,0.049,30.223
"NRS18_NH_10020",2.63,0.165,6.915
"NRS18_NH_10031",2.31,0.0316,6.685
"NRS18_NH_10035",2,0.1116,5.725
"NRS18_NH_RF001",2.6,0.0599,10.039
"NRS18_NH_RF002",0.94,0.0593,5.494
"NRS18_NJ_10001",4.765,1.06035,53.653
"NRS18_NJ_10002",3.14,0.1394,26.7255
"NRS18_NJ_10003",2.98,1.2724,112.1445
"NRS18_NJ_10005",1.26,2.0834,40.913
"NRS18_NJ_10006",2.74,2.0818,107.536
"NRS18_NJ_10007",4.1,1.7799,179.586
"NRS18_NJ_10008",2.37,0.1777,22.361
"NRS18_NJ_10009",14.36,1.0845,95.108
"NRS18_NJ_10013",6.09,0.7038,62.799
"NRS18_NJ_10016",13.39,0.6133,236.373
"NRS18_NJ_10019",3.28,0.1342,27.164
"NRS18_NJ_10020",1.74,0.1417,26.784
"NRS18_NJ_10032",1.76,1.4138,115.047
"NRS18_NJ_10034",2.11,0.7313,45.228
"NRS18_NJ_10183",1.7,1.5665,21.688
"NRS18_NJ_10334",6.23,3.8242,145.319
"NRS18_NJ_10633",1.89,1.2706,42.029
"NRS18_NJ_10783",1.59,3.5222,59.258
"NRS18_NJ_11083",4.3,1.9633,182.086
"NRS18_NJ_11233",2.42,1.4336,124.524
"NRS18_NM_10001",8.945,0.074,56.0345
"NRS18_NM_10002",4.4,0.188,261.303
"NRS18_NM_10003",5.91,0.0177,77.846
"NRS18_NM_10007",7.68,0.00495,131.9425
"NRS18_NM_10008",4.14,0.1652,293.884
"NRS18_NM_10013",3.32,0.0635,66.801
"NRS18_NM_10014",1.98,0,50.464
"NRS18_NM_10019",5.97,0,73.526
"NRS18_NM_10031",2.67,0.367,209.21
"NRS18_NM_10035",0.52,0.2339,44.581
"NRS18_NM_10038",4.85,0.0953,197.773
"NRS18_NM_10042",2.52,0.2693,213.065
"NRS18_NM_10381",2.7,0.0912,26.395
"NRS18_NM_10397",2.97,0.0428,48.434
"NRS18_NM_10507",11.44,0.0077,28.871
"NRS18_NM_10511",1.71,0.5965,76.254
"NRS18_NM_10645",8.55,0.0038,113.109
"NRS18_NM_10805",12.34,0.0057,179.598
"NRS18_NM_10809",1.4,0.454,45.36
"NRS18_NM_10947",4.86,0.0336,160.92
"NRS18_NM_10951",9.94,0.0693,16.851
"NRS18_NM_10968",5.64,0.0081,51.346
"NRS18_NM_11002",5.24,0.0076,38.284
"NRS18_NM_11094",2.09,0.0063,152.871
"NRS18_NM_11246",3.87,0.1177,289.524
"NRS18_NM_11252",6.9,0.0031,381.525
"NRS18_NM_11401",7.325,0.09625,709.697
"NRS18_NM_11409",7.36,0.07575,620.6295
"NRS18_NM_11434",3.51,0.094,184.274
"NRS18_NM_11437",1.61,0.2597,28.859
"NRS18_NM_11545",1.54,0.0041,79.285
"NRS18_NM_11701",3.04,0.0351,82.958
"NRS18_NV_10001",0.915,0.2171,34.804
"NRS18_NV_10002",4.86,0.0205,221.1335
"NRS18_NV_10003",0.74,0.0206,50.413
"NRS18_NV_10004",2.45,0.3662,7.651
"NRS18_NV_10005",4.79,NA,62.788
"NRS18_NV_10006",3,0.0047,135.643
"NRS18_NV_10007",2.71,NA,73.195
"NRS18_NV_10008",2.28,NA,19.256
"NRS18_NV_10009",3.25,0.0027,176.055
"NRS18_NV_10010",1.295,0.0346,107.9815
"NRS18_NV_10011",1.04,0.0142,15.753
"NRS18_NV_10012",2.455,0.00285,69.2585
"NRS18_NV_10013",2.87,NA,25.669
"NRS18_NV_10014",2.21,NA,46.93
"NRS18_NV_10016",1.21,0.0041,28.301
"NRS18_NV_10022",1.34,0.0101,42.419
"NRS18_NV_10024",3.2,NA,36.195
"NRS18_NV_10025",1.19,0.0038,19.77
"NRS18_NV_10026",6.4,0.063,147.305
"NRS18_NV_10188",0.82,0.0095,29.255
"NRS18_NV_10192",0.74,0.0738,24.44
"NRS18_NV_10195",0.51,0.6662,26.805
"NRS18_NV_10405",1.37,0.0125,52.833
"NRS18_NV_10495",1.24,0.016,14.294
"NRS18_NV_10638",4.99,5e-04,89.966
"NRS18_NV_10936",3.12,0.0167,271.354
"NRS18_NY_10002",2.38,0.6425,65.661
"NRS18_NY_10004",4.12,0.071,18.764
"NRS18_NY_10007",3.93,0.5922,123.18
"NRS18_NY_10009",4.32,0.519,126.763
"NRS18_NY_10010",2.91,0.4351,85.041
"NRS18_NY_10012",3.415,0.523,44.908
"NRS18_NY_10013",2.11,0.4828,22.939
"NRS18_NY_10014",3.16,0.0357,9.418
"NRS18_NY_10015",4.88,0.011,27.216
"NRS18_NY_10016",4.06,0.5453,82.455
"NRS18_NY_10017",1.83,0.6801,57.788
"NRS18_NY_10018",1.65,0.2669,26.471
"NRS18_NY_10019",3.93,0.0375,44.671
"NRS18_NY_10020",2.45,0.4641,37.719
"NRS18_NY_10021",6.75,0.4027,110.0305
"NRS18_NY_10022",2.58,0.1253,28.408
"NRS18_NY_10025",6.05,0.7896,37.676
"NRS18_NY_10026",2.86,0.1014,9.203
"NRS18_NY_10027",11.12,0.1903,38.466
"NRS18_NY_10028",4,0.0288,6.478
"NRS18_NY_10032",1.37,0.0022,4.83
"NRS18_NY_10033",6.52,0.0027,20.32
"NRS18_NY_10034",2.23,0.8368,24.219
"NRS18_NY_10035",3.49,0.132,23.716
"NRS18_NY_10036",5.03,0.1043,22.091
"NRS18_NY_10038",3.16,0.0909,18.563
"NRS18_NY_10039",2.485,0.27545,40.986
"NRS18_NY_10040",3.96,0.5051,85.984
"NRS18_NY_10041",2.66,0.3765,41.684
"NRS18_NY_10042",4.39,0.0118,7.671
"NRS18_NY_10043",1.54,1.4241,23.039
"NRS18_NY_10051",7.44,0.0072,32.701
"NRS18_NY_10054",1.89,0.2075,17.371
"NRS18_NY_10055",3.76,0.0828,11.361
"NRS18_NY_10061",3.77,0.8338,53.08
"NRS18_NY_10063",3.95,0.9634,192.68
"NRS18_NY_10064",2.47,0.7175,66.711
"NRS18_NY_10065",9.2,0.4546,140.05
"NRS18_NY_10066",2.47,0.1029,30.126
"NRS18_NY_10068",6.65,0.5627,75.8725
"NRS18_NY_10071",4.04,0.1234,14.093
"NRS18_NY_10072",2.05,0.2087,14.915
"NRS18_NY_10080",1.83,1.2904,20.096
"NRS18_NY_10081",2.89,0.0978,71.91
"NRS18_NY_10089",7.2,0.0612,20.22
"NRS18_NY_10090",2.56,0.6843,29.131
"NRS18_NY_10091",2.11,0.4273,24.635
"NRS18_NY_10250",1,0.1242,12.51
"NRS18_NY_10251",6.4,0.0434,10.076
"NRS18_NY_10255",5.93,0.0701,9.398
"NRS18_NY_10259",1.04,0.0882,25.148
"NRS18_NY_10260",17.95,0.0291,95.393
"NRS18_NY_10268",4.35,0.023,41.319
"NRS18_NY_10272",7.53,1.5636,163.46
"NRS18_NY_10279",3.63,0.0482,18.168
"NRS18_NY_10283",2.02,0.8502,50.889
"NRS18_NY_10284",8.57,0.0028,27.926
"NRS18_NY_10286",1.12,0.0829,10.173
"NRS18_NY_10290",3.12,0.1165,10.37
"NRS18_NY_10399",8.1,0.0878,69.401
"NRS18_NY_10402",14.35,0.0055,313.456
"NRS18_NY_10549",9.87,0.0906,52.836
"NRS18_NY_10700",3.54,3.8632,587.2
"NRS18_NY_10702",7.89,0.0313,14.178
"NRS18_NY_10704",2.95,0.3294,22.833
"NRS18_NY_10707",2.35,0.561,103.711
"NRS18_NY_11299",2.2,0.3032,34.078
"NRS18_OH_10001",2.095,0.29805,36.4355
"NRS18_OH_10004",6.71,0.2037,54.109
"NRS18_OH_10005",3.59,0.3825,86.051
"NRS18_OH_10006",7.67,0.1718,40.551
"NRS18_OH_10007",4.21,1.3726,206.75
"NRS18_OH_10008",3.58,1.7185,303.194
"NRS18_OH_10009",2.92,0.0352,85.935
"NRS18_OH_10010",3.89,2.244,268.059
"NRS18_OH_10011",1.735,0.1638,15.4095
"NRS18_OH_10012",7.54,4.67915,242.115
"NRS18_OH_10014",4.27,4.0682,29.639
"NRS18_OH_10015",4.86,0.6008,62.36
"NRS18_OH_10016",5.56,0.9456,82.161
"NRS18_OH_10019",2.61,0.8471,39.199
"NRS18_OH_10020",3.91,1.9074,478.238
"NRS18_OH_10021",5.33,5.5608,150.836
"NRS18_OH_10022",4.41,2.3549,81.461
"NRS18_OH_10023",3.76,0.7494,223.221
"NRS18_OH_10024",3.02,1.6256,54.336
"NRS18_OH_10025",4.62,0.4034,30.755
"NRS18_OH_10026",9.19,0.0108,211.683
"NRS18_OH_10028",2.51,0.429,36.586
"NRS18_OH_10029",5.98,4.2818,215.694
"NRS18_OH_10030",9.8,1.0143,117.603
"NRS18_OH_10031",1.95,0.1482,20.238
"NRS18_OH_10032",3.74,0.5866,55.814
"NRS18_OH_10033",5.46,3.2074,173.764
"NRS18_OH_10034",2.57,0.7787,40.88
"NRS18_OH_10035",4.02,3.533,1055.9
"NRS18_OH_10037",2.965,1.03405,105.09
"NRS18_OH_10038",3.65,1.1256,49.469
"NRS18_OH_10043",8.54,13.9022,622.225
"NRS18_OH_10049",5.08,5.1461,139.163
"NRS18_OH_10050",3.28,5.7451,129.598
"NRS18_OH_10658",1.69,0.6271,18.273
"NRS18_OK_10001",6.925,0.077,98.5
"NRS18_OK_10002",3.87,0.073,44
"NRS18_OK_10003",5.58,0.057,25
"NRS18_OK_10004",6.86,0.097,63
"NRS18_OK_10005",3.61,0.061,42
"NRS18_OK_10006",2.76,0.1,46
"NRS18_OK_10007",1.58,0.133,167
"NRS18_OK_10008",3.82,0.098,339
"NRS18_OK_10009",1.57,0.129,158
"NRS18_OK_10010",3.33,0.52,192
"NRS18_OK_10011",3.48,0.084,133
"NRS18_OK_10012",5.53,0.081,353
"NRS18_OK_10013",3.96,0.113,194
"NRS18_OK_10014",3.1,NA,41
"NRS18_OK_10016",3.32,0.131,64
"NRS18_OK_10017",13.7,0.126,352
"NRS18_OK_10018",6.47,0.056,30
"NRS18_OK_10019",3.22,1.01,2770
"NRS18_OK_10022",3.795,0.0715,24.5
"NRS18_OK_10023",5.67,0.067,79
"NRS18_OK_10024",0.64,0.081,9
"NRS18_OK_10025",2.18,0.033,50
"NRS18_OK_10026",5.21,0.084,35
"NRS18_OK_10028",3.95,0.2165,118.5
"NRS18_OK_10029",1.87,0.072,71
"NRS18_OK_10030",3.98,0.119,142
"NRS18_OK_10031",4.58,0.097,187
"NRS18_OK_10032",6.05,0.39,90
"NRS18_OK_10033",4.83,0.21,90
"NRS18_OK_10034",5.17,0.052,58
"NRS18_OK_10035",6.13,0.181,92
"NRS18_OK_10036",4.36,0.065,23
"NRS18_OK_10038",0.83,1.03,34
"NRS18_OK_10040",1.2,2.16,56
"NRS18_OK_10043",4.88,0.33,93
"NRS18_OK_10045",6.88,0.046,20
"NRS18_OK_10046",1.83,2.87,194
"NRS18_OK_10049",7.22,0.21,163
"NRS18_OK_10050",1.285,0.086,9
"NRS18_OK_10051",3.28,0.016,57
"NRS18_OK_10052",5.17,0.66,279
"NRS18_OK_10053",0.8,0.0637,84
"NRS18_OK_10054",1.91,0.077,118
"NRS18_OK_10055",4.22,0.083,156
"NRS18_OK_10056",5.7,0.23,150
"NRS18_OK_10057",0.88,0.21,43
"NRS18_OK_10058",7.9,0.25,314
"NRS18_OK_10062",5.49,1.57,223
"NRS18_OK_10340",3.98,0.22,73
"NRS18_OK_10431",4.45,0.133,55
"NRS18_OK_10432",5.33,0.24,59
"NRS18_OK_10585",5.47,0.21,55
"NRS18_OK_10830",1.72,0.07,15
"NRS18_OK_10920",2.36,0.056,28
"NRS18_OK_10921",6.27,17.6,4050
"NRS18_OK_10922",4.58,0.107,42
"NRS18_OK_10923",2.65,0.101,61
"NRS18_OK_11082",0.51,NA,-2
"NRS18_OK_11085",3.54,0.144,249
"NRS18_OK_11329",9.32,0.148,141
"NRS18_OK_11330",1.11,0.35,73
"NRS18_OK_11421",5.58,0.94,253
"NRS18_OK_11422",5.55,0.7,188
"NRS18_OK_11427",1.88,0.78,72
"NRS18_OK_11579",2.41,0.76,43
"NRS18_OR_10001",0.555,0.00055,12.3545
"NRS18_OR_10002",0.81,0.01005,11.3515
"NRS18_OR_10003",0.87,0.048,29.666
"NRS18_OR_10004",1.02,0.0012,9.46
"NRS18_OR_10005",0.45,0.027,12.864
"NRS18_OR_10006",0.55,0.0246,24.735
"NRS18_OR_10007",0.67,0.0034,9.715
"NRS18_OR_10009",1.15,0.0174,19.673
"NRS18_OR_10010",0.51,0.0098,44.889
"NRS18_OR_10011",0.23,9e-04,68.351
"NRS18_OR_10012",1.28,0.1114,82.251
"NRS18_OR_10013",0.97,0.1269,18.065
"NRS18_OR_10014",2.3,0.0055,45.546
"NRS18_OR_10015",0.45,0.107,19.1885
"NRS18_OR_10016",1.155,0.013,31.198
"NRS18_OR_10017",0.82,0.1072,32.369
"NRS18_OR_10020",2.1,0.0048,29.294
"NRS18_OR_10021",3.18,0.0295,168.833
"NRS18_OR_10022",0.6,0.0072,8.269
"NRS18_OR_10023",1.99,NA,41.111
"NRS18_OR_10024",1.47,5e-04,52.43
"NRS18_OR_10026",2.03,0.004,59.288
"NRS18_OR_10028",1.28,0.0838,54.664
"NRS18_OR_10029",1.26,0.0267,50.574
"NRS18_OR_10030",0.23,0.0018,35.316
"NRS18_OR_10032",NA,NA,NA
"NRS18_OR_10035",0.73,0.001,57.181
"NRS18_OR_10040",2.66,0.0012,61.144
"NRS18_OR_10041",1.61,0.1008,22.431
"NRS18_OR_10042",2.36,NA,47.038
"NRS18_OR_10045",1.02,0.0222,23.571
"NRS18_OR_10054",0.86,0.0648,64.385
"NRS18_OR_10055",0.32,0.0027,22.116
"NRS18_OR_10059",2.56,4.3583,70.581
"NRS18_OR_10063",2.3,0.0212,40.399
"NRS18_OR_10068",0.57,0.2485,21.12
"NRS18_OR_10069",0.36,0.0095,13.506
"NRS18_OR_10071",0.66,0.1602,32.326
"NRS18_OR_10231",0.95,0.689,88.055
"NRS18_OR_10232",1.85,0,53.6
"NRS18_OR_10249",2.01,0.0081,26.923
"NRS18_OR_10368",0.21,0.0239,97.279
"NRS18_OR_10519",0.95,0.2031,27.766
"NRS18_OR_10521",4.56,0.2545,125.948
"NRS18_OR_10668",5.42,0.039,102.943
"NRS18_OR_10670",0.8,0.1685,87.755
"NRS18_OR_10817",4.92,9e-04,161.103
"NRS18_OR_10818",2.36,0.001,91.65
"NRS18_OR_10819",0.83,0.089,80.713
"NRS18_OR_10968",1.11,0,26.891
"NRS18_OR_11118",4.51,0.1088,133.369
"NRS18_PA_10002",4.375,0.3555,106.482
"NRS18_PA_10003",0.7,0.119,8.645
"NRS18_PA_10004",0.86,0.1001,13.139
"NRS18_PA_10005",0.83,0.0195,7.81
"NRS18_PA_10006",2.89,2.2898,463.555
"NRS18_PA_10007",2.01,0.1537,9.443
"NRS18_PA_10008",1.59,0.1974,13.47
"NRS18_PA_10009",2.38,0.1591,10.433
"NRS18_PA_10010",1.55,0.5929,21.968
"NRS18_PA_10011",5.01,0.9453,140.633
"NRS18_PA_10012",3.36,0.1437,57.829
"NRS18_PA_10013",1.33,0.0314,8.606
"NRS18_PA_10014",3.52,0.6559,54.37
"NRS18_PA_10015",1.025,1.1141,14.2585
"NRS18_PA_10016",2.62,0.2745,22.4345
"NRS18_PA_10017",0.77,0.0956,23.515
"NRS18_PA_10018",1.41,0.1192,8.024
"NRS18_PA_10019",1.27,0.3195,13.889
"NRS18_PA_10020",2.16,0.1069,25.716
"NRS18_PA_10021",2.22,0.9442,66.514
"NRS18_PA_10022",4.94,0.7652,71.883
"NRS18_PA_10023",2.97,0.4952,31.448
"NRS18_PA_10024",1.5,0.0356,12.254
"NRS18_PA_10025",2.72,0.9076,172.16
"NRS18_PA_10026",1.66,0.5812,15.695
"NRS18_PA_10027",2.66,0.531,47.804
"NRS18_PA_10028",2.32,0.5083,33.051
"NRS18_PA_10032",2.35,0.0727,27.091
"NRS18_PA_10034",3.19,0.1221,87.071
"NRS18_PA_10035",3.66,0.1822,97.68
"NRS18_PA_10036",3.12,1.3064,118.896
"NRS18_PA_10037",3.08,0.1431,42.488
"NRS18_PA_10038",3.94,0.0807,11.871
"NRS18_PA_10039",2.06,0.0223,34.974
"NRS18_PA_10041",2.61,2.7805,195.533
"NRS18_PA_10042",4.63,0.3205,35.215
"NRS18_PA_10043",2.86,0.1549,10.271
"NRS18_PA_10044",1.69,0.1014,8.959
"NRS18_PA_10045",2.48,0.1699,14.246
"NRS18_PA_10046",2.82,3.7166,237.134
"NRS18_PA_10068",2.19,2.7437,112.921
"NRS18_PA_10217",3.74,0.1997,12.364
"NRS18_PA_10218",8.2,0.1742,7.749
"NRS18_PA_10220",1.67,0.8907,28.05
"NRS18_PA_10816",1.23,2.8073,58.306
"NRS18_PA_RF001",2.06,0.5866,21.381
"NRS18_RI_10001",2.935,0.51365,12.236
"NRS18_RI_10002",4.615,0.6405,69.7855
"NRS18_RI_10003",17.57,0.0092,39.341
"NRS18_RI_10004",2.61,0.1439,14.134
"NRS18_RI_10005",3.875,1.25325,28.143
"NRS18_RI_10006",5.07,0.5662,49.4205
"NRS18_RI_10008",2.39,0.1894,19.815
"NRS18_RI_10009",2.93,0.6933,85.973
"NRS18_RI_10017",3.76,0.8116,119.385
"NRS18_RI_10018",2.94,0.3879,30.466
"NRS18_RI_10019",5.3,0.1213,30.216
"NRS18_RI_10020",4.24,0.5575,67.754
"NRS18_RI_10022",1.56,0.6841,9.231
"NRS18_RI_10183",2.19,0.3329,33.841
"NRS18_RI_10192",3.85,0.108,64.814
"NRS18_RI_10194",4.37,0.0616,18.091
"NRS18_RI_10197",3.02,0.2341,8.518
"NRS18_RI_10199",2.4,0.1096,14.771
"NRS18_RI_10201",1.71,0.0569,13.59
"NRS18_RI_10202",5.85,0.0818,42.318
"NRS18_SC_10001",10.075,3.41635,110.983
"NRS18_SC_10002",17.54,0.23515,62.229
"NRS18_SC_10003",10.17,0.5313,69.268
"NRS18_SC_10004",5.7,0.0015,112.319
"NRS18_SC_10005",2.81,0.2795,62.06
"NRS18_SC_10007",1.91,0.624,58.4905
"NRS18_SC_10008",2.025,0.2976,30.7255
"NRS18_SC_10009",15.22,0.0076,77.645
"NRS18_SC_10010",6.29,0.0152,29.733
"NRS18_SC_10011",1.22,0.2022,45.163
"NRS18_SC_10012",2.82,0.1833,47.98
"NRS18_SC_10017",2.21,0.1987,19.484
"NRS18_SC_10019",3.02,0.4172,158.436
"NRS18_SC_10020",1.32,0.464,81.511
"NRS18_SC_10034",9.67,0.0845,189.143
"NRS18_SC_10180",4.22,0.0985,89.211
"NRS18_SC_10332",10.63,0.1001,98.169
"NRS18_SC_10479",0.65,0.0399,14.603
"NRS18_SC_10779",1.2,0.3217,50.014
"NRS18_SC_10781",1.82,0.8752,151.484
"NRS18_SC_RF001",0.65,0.0397,28.349
"NRS18_SC_RF002",1.76,0.4917,125.031
"NRS18_SC_RF003",2.68,0.079,52.064
"NRS18_SD_10001",4.765,4.51035,386.3405
"NRS18_SD_10002",3.705,0.07815,63.3445
"NRS18_SD_10003",16.97,0.828,622.331
"NRS18_SD_10004",2.53,0.0218,27.11
"NRS18_SD_10005",6.25,1.8045,85.764
"NRS18_SD_10006",15.61,0.2229,207.085
"NRS18_SD_10009",7.83,0.0062,72.266
"NRS18_SD_10010",19.26,2e-04,880.325
"NRS18_SD_10011",8.75,0.0125,159.15
"NRS18_SD_10012",5.83,0.0145,36.795
"NRS18_SD_10013",9.69,0.0985,656.7225
"NRS18_SD_10014",9.71,0.22945,75.473
"NRS18_SD_10015",26.83,0.0014,935.7
"NRS18_SD_10016",7.74,0.0048,82.445
"NRS18_SD_10018",4.85,1.9243,212.844
"NRS18_SD_10019",1.83,0.003,4.76
"NRS18_SD_10020",5.48,2.172,94.374
"NRS18_SD_10021",6.82,0.5591,317.53
"NRS18_SD_10022",8.36,0.3683,35.781
"NRS18_SD_10023",15.87,NA,555.004
"NRS18_SD_10024",13.59,6e-04,590.575
"NRS18_SD_10025",5.92,0.4319,3349.863
"NRS18_SD_10026",4.95,0.0013,7.573
"NRS18_SD_10029",5.74,0.3121,253.638
"NRS18_SD_10031",12.04,0.001,236.716
"NRS18_SD_10034",12.6,NA,702.35
"NRS18_SD_10035",2.17,0.1655,12.685
"NRS18_SD_10037",11.81,0.153,92.875
"NRS18_SD_10038",9.96,0.7997,151.264
"NRS18_SD_10039",3.94,0.091,55.538
"NRS18_SD_10040",3.65,0.1131,167.973
"NRS18_SD_10041",4.93,0.0046,65.586
"NRS18_SD_10042",7.89,0.2711,828.794
"NRS18_SD_10045",6.2,0.3932,258.019
"NRS18_SD_10046",1.29,0.3794,48.856
"NRS18_SD_10048",6.1,0.5254,5062.125
"NRS18_SD_10053",9.75,0.003,93.461
"NRS18_SD_10055",6.55,0.0029,1134.338
"NRS18_SD_10057",7.46,0.0017,49.836
"NRS18_SD_10058",5.5,0.0015,246.089
"NRS18_SD_10060",8.99,7e-04,442.09
"NRS18_SD_10061",7.16,0.0608,293.473
"NRS18_SD_10065",5.25,0.2423,1221.181
"NRS18_SD_10071",7.28,0.0412,71.648
"NRS18_SD_10094",9.86,0,61.024
"NRS18_SD_10244",3.75,0.2292,276.034
"NRS18_SD_10544",3.18,0.0171,65.288
"NRS18_SD_10694",9.26,3.3643,24.853
"NRS18_SD_10959",4.71,0.1667,391
"NRS18_SD_11294",2.87,0.2113,68.079
"NRS18_SD_11446",8.82,0.5352,595.343
"NRS18_SD_11594",5.21,1.4224,70.413
"NRS18_SD_11894",9.91,1.8297,1959.15
"NRS18_SD_11899",4.88,0.7313,9248.313
"NRS18_SD_11901",6.87,0.1557,240.083
"NRS18_SD_11908",4.4,0.4649,133.758
"NRS18_SD_11910",5.22,0.7544,7965.65
"NRS18_SD_12194",14.18,0.0359,946.475
"NRS18_TN_10001",0.92,0.08655,23.959
"NRS18_TN_10002",1.575,0.37565,13.027
"NRS18_TN_10004",1.57,0.3789,31.051
"NRS18_TN_10005",1.74,0.1566,44.353
"NRS18_TN_10006",1.74,0.2897,39.389
"NRS18_TN_10007",2.21,0.4599,435.019
"NRS18_TN_10008",1.6,0.4968,35.565
"NRS18_TN_10009",0.605,0.89625,16.769
"NRS18_TN_10010",1.575,0.1688,30.288
"NRS18_TN_10011",6.93,0.3485,235.373
"NRS18_TN_10015",0.79,0.1519,10.814
"NRS18_TN_10016",2.34,0.4458,415.603
"NRS18_TN_10019",0.81,0.0109,35.783
"NRS18_TN_10022",1,0.0411,14.001
"NRS18_TN_10023",0.45,0.1765,16.038
"NRS18_TN_10024",1.03,0.3739,77.551
"NRS18_TN_10026",1.59,0.2828,41.639
"NRS18_TN_10029",3.04,0.3828,242.913
"NRS18_TN_10033",0.55,0.1591,7.578
"NRS18_TN_10040",3.28,0.058,35.765
"NRS18_TN_10339",2.97,0.3724,100.358
"NRS18_TN_10340",1.33,0.5165,46.256
"NRS18_TN_10489",1.06,0.9567,28.808
"NRS18_TN_10490",1.31,1.0676,101.254
"NRS18_TN_11089",1.53,0.1241,34.586
"NRS18_TN_11090",1.56,0.1763,20.648
"NRS18_TN_RF001",1.33,0.6243,36.931
"NRS18_TN_RF002",2.3,0.1552,18.571
"NRS18_TX_10001",7.75,0.0602,82.6
"NRS18_TX_10002",5.1,0.1666,145.36
"NRS18_TX_10003",5.57,0.2086,60.173
"NRS18_TX_10004",6.25,0.0351,76.908
"NRS18_TX_10005",3.16,0.0067,12.148
"NRS18_TX_10006",6.68,0.0028,67.849
"NRS18_TX_10007",6.8,NA,123.741
"NRS18_TX_10009",3.73,8.026,1575.956
"NRS18_TX_10010",6.47,0.005,73.726
"NRS18_TX_10011",4.93,0.0048,138.633
"NRS18_TX_10012",3.69,0.2433,53.25
"NRS18_TX_10013",5.68,0.0254,171.716
"NRS18_TX_10014",9.86,0.0122,229.688
"NRS18_TX_10015",1.78,0.1605,40.211
"NRS18_TX_10016",5.425,0.2256,3089.6
"NRS18_TX_10017",2.055,0.73845,301.7115
"NRS18_TX_10018",2.63,2.4794,67.738
"NRS18_TX_10019",5.46,0.0134,96.794
"NRS18_TX_10021",1.18,0.0322,10.786
"NRS18_TX_10022",2.99,0.044,17.46
"NRS18_TX_10023",1.83,0.3127,63.753
"NRS18_TX_10024",13.36,0.1727,873.438
"NRS18_TX_10025",7.94,0.0252,75.805
"NRS18_TX_10026",4.66,0.3405,116.051
"NRS18_TX_10027",4.95,0.308,87.486
"NRS18_TX_10029",5.2,1.6773,433.603
"NRS18_TX_10030",4.05,0.137,231.825
"NRS18_TX_10033",5.98,0.0715,65.163
"NRS18_TX_10034",5.72,0.2357,188.408
"NRS18_TX_10035",4.57,0.0023,113.335
"NRS18_TX_10036",3.68,0.1235,34.523
"NRS18_TX_10038",1.61,0.1539,8.025
"NRS18_TX_10039",0.58,0.2542,5.499
"NRS18_TX_10040",0.68,0.2709,5.21
"NRS18_TX_10041",2.34,0.5958,29.596
"NRS18_TX_10042",1.41,0.1901,27.211
"NRS18_TX_10046",4.74,5.9765,1464.525
"NRS18_TX_10048",3.68,0.0432,48.425
"NRS18_TX_10050",3.12,0.0053,155.01
"NRS18_TX_10054",10.17,0.0119,189.188
"NRS18_TX_10055",3.43,1.7452,456.264
"NRS18_TX_10056",7.76,NA,105.43
"NRS18_TX_10060",4.8,0,364.385
"NRS18_TX_10062",5.54,0.4072,33.788
"NRS18_TX_10068",8.21,0.1199,1894.25
"NRS18_TX_10073",4.75,NA,35.929
"NRS18_TX_10074",7.44,19.7088,1648.2
"NRS18_TX_10077",3.75,0.0666,47.13
"NRS18_TX_10079",1.66,0.9202,38.354
"NRS18_TX_10080",11.71,0.1327,237.136
"NRS18_TX_10081",2.47,0.1328,35.926
"NRS18_TX_10085",4.555,0.07995,61.974
"NRS18_TX_10093",6.785,0.38435,68.574
"NRS18_TX_10099",2.65,0.2376,51.965
"NRS18_TX_10116",3.57,0.1869,264.261
"NRS18_TX_10254",7.68,0.0598,85.008
"NRS18_TX_10445",7.34,0.8782,23.836
"NRS18_TX_10449",1.61,0.0433,29.893
"NRS18_TX_10453",2.44,0.1245,16.73
"NRS18_TX_10504",5.93,4.9816,3215.775
"NRS18_TX_10599",4.81,0.1147,157.47
"NRS18_TX_10640",2.99,0.4163,124.683
"NRS18_TX_10645",9.99,0.0054,123.788
"NRS18_TX_10694",2.31,0.4484,24.98
"NRS18_TX_10827",1.28,0.4257,21.206
"NRS18_TX_10886",28.92,0.4211,31.413
"NRS18_TX_10887",5.29,0,29.944
"NRS18_TX_10987",5.15,0.0755,1700.625
"NRS18_TX_10988",12.71,5.7003,1461.4
"NRS18_TX_11022",6.34,0.0231,100.695
"NRS18_TX_11028",4.52,14.8936,3487.05
"NRS18_TX_11086",6.37,1.9961,910.938
"NRS18_TX_11093",7.95,0.2587,96.948
"NRS18_TX_11101",8.48,0.7058,4667.413
"NRS18_TX_11144",8.13,0.0398,969.863
"NRS18_TX_11175",3.61,0.0507,69.115
"NRS18_TX_11185",16.94,1.2532,126.498
"NRS18_TX_11224",6.26,0.494,709.7
"NRS18_TX_11270",1.2,0.9424,21.975
"NRS18_TX_11330",2.4,0.5975,159.04
"NRS18_TX_11369",1.37,1.1023,41.11
"NRS18_UT_10002",2.3,0.08605,101.375
"NRS18_UT_10003",3.56,0.014,24.176
"NRS18_UT_10004",3.37,NA,22.426
"NRS18_UT_10005",4.11,0.855,32.325
"NRS18_UT_10006",2.65,0.0395,19.694
"NRS18_UT_10007",3.76,0.0594,65.695
"NRS18_UT_10008",2.07,0.0018,20.341
"NRS18_UT_10009",5.26,0.01975,72.534
"NRS18_UT_10010",3.545,0.20375,125.864
"NRS18_UT_10011",3.46,0.0043,36.68
"NRS18_UT_10012",1,0.0188,8.351
"NRS18_UT_10013",9.5,0,237.009
"NRS18_UT_10014",2.85,0.0013,31.145
"NRS18_UT_10015",1.32,NA,20.055
"NRS18_UT_10017",3.91,0.1678,330.229
"NRS18_UT_10018",2.97,0.0022,41.669
"NRS18_UT_10020",1.45,0.0904,66.553
"NRS18_UT_10025",3.46,0.1956,42.141
"NRS18_UT_10026",3.58,NA,120.055
"NRS18_UT_10027",1.29,5e-04,27.68
"NRS18_UT_10032",1.405,0.00445,5.6405
"NRS18_UT_10039",2.71,0.0026,4.286
"NRS18_UT_10044",7.67,0.1946,319.055
"NRS18_UT_10046",0.68,0.281,40.584
"NRS18_UT_10282",6.11,0.1395,13.556
"NRS18_UT_10285",1.76,0.0048,9.891
"NRS18_UT_10396",4.18,0,26.263
"NRS18_UT_10432",3.92,0.1705,287.411
"NRS18_UT_10434",3.66,NA,9.34
"NRS18_UT_10435",3.78,0.0019,16.198
"NRS18_UT_10439",3.65,0.1886,275.75
"NRS18_VA_10001",4.24,1.4174,31.769
"NRS18_VA_10002",2.865,0.1951,27.053
"NRS18_VA_10003",6.42,0.0353,48.666
"NRS18_VA_10004",1.56,0.5277,88.608
"NRS18_VA_10005",1.64,0.853,29.33
"NRS18_VA_10006",1.32,1.1245,33.75
"NRS18_VA_10007",1.51,0.2795,40.646
"NRS18_VA_10008",1.08,0.4095,11.319
"NRS18_VA_10009",2.24,0.2512,29.779
"NRS18_VA_10010",5.025,0.2782,59.0595
"NRS18_VA_10011",6.25,0.394,55.921
"NRS18_VA_10013",2.04,0.5424,17.211
"NRS18_VA_10014",1.45,0.0648,10.22
"NRS18_VA_10015",5.29,0.1086,59.901
"NRS18_VA_10016",1.17,0.1679,55.464
"NRS18_VA_10017",1.12,0.2447,37.2
"NRS18_VA_10018",0.8,0.138,29.265
"NRS18_VA_10019",1.15,0.0187,8.758
"NRS18_VA_10020",5.11,0.0476,29.105
"NRS18_VA_10021",11.16,0.1509,68.033
"NRS18_VA_10022",1,0.0746,31.2
"NRS18_VA_RF001",1.67,0.3931,22.874
"NRS18_VA_RF002",1.83,0.4586,28.224
"NRS18_VA_RF003",1.12,0.2825,9.921
"NRS18_VA_RF004",6.46,0.1358,47.931
"NRS18_VA_RF005",1.79,0.1179,9.769
"NRS18_VA_RF006",3.44,0.5281,71.19
"NRS18_VA_RF008",11.13,0.1581,66.469
"NRS18_VA_RF011",0.95,0.4101,21.141
"NRS18_VA_RF013",1.81,0.6468,36.11
"NRS18_VA_RF014",5.12,0.2894,60.613
"NRS18_VA_RF015",0.86,0.0488,7.733
"NRS18_VT_10001",0.71,0.22785,5.144
"NRS18_VT_10002",2.59,0.17965,12.0645
"NRS18_VT_10003",1.33,0.0292,5.263
"NRS18_VT_10004",2.5,0.0684,6.595
"NRS18_VT_10005",1.01,0.1403,NA
"NRS18_VT_10006",0.75,0.05555,15.675
"NRS18_VT_10008",1.17,0.0455,7.629
"NRS18_VT_10009",2.59,0.3982,6.789
"NRS18_VT_10011",3.81,0.042,14.389
"NRS18_VT_10012",4.66,0.3251,9.393
"NRS18_VT_10013",0.9,0.0486,3.48
"NRS18_VT_10014",2.29,0.0411,3.738
"NRS18_VT_10015",1.4,0.195,8.356
"NRS18_VT_10016",1.05,0.104,10.288
"NRS18_VT_10017",1.1,0.2945,4.008
"NRS18_VT_10018",2.37,0.2149,11.155
"NRS18_VT_10023",1.775,0.1264,11.3325
"NRS18_VT_10034",2.74,0.4071,32.514
"NRS18_VT_10184",1.14,0.199,5.243
"NRS18_VT_10335",1,0.3241,6.189
"NRS18_VT_RF001",5.22,0.0113,6.438
"NRS18_VT_RF002",1.97,0.0444,3.118
"NRS18_WA_10001",0.3,0.0105,47.4395
"NRS18_WA_10002",2.005,0.008,14.859
"NRS18_WA_10005",2.02,0.0544,201.663
"NRS18_WA_10006",0.94,0.0841,28.091
"NRS18_WA_10007",0.39,0.0173,21.663
"NRS18_WA_10008",1.61,0.0468,13.976
"NRS18_WA_10010",0.67,0.0089,5.568
"NRS18_WA_10011",0.6,0.0168,6.963
"NRS18_WA_10012",1.99,0.7015,84.301
"NRS18_WA_10013",1.4,0.03035,23.002
"NRS18_WA_10014",0.89,0.00375,9.3335
"NRS18_WA_10016",0.46,0.0072,71.466
"NRS18_WA_10017",0.5,0.0244,7.445
"NRS18_WA_10018",0.25,0.0035,6.141
"NRS18_WA_10021",2.67,0.0824,134.163
"NRS18_WA_10022",0.59,0.0242,20.54
"NRS18_WA_10023",2.1,0.0091,35.211
"NRS18_WA_10024",1.48,0.0429,8.33
"NRS18_WA_10025",1.43,0.0021,40.43
"NRS18_WA_10026",1.67,0.1072,23.199
"NRS18_WA_10029",1.09,0.0423,42.961
"NRS18_WA_10032",1.32,0.007,14.716
"NRS18_WA_10034",0.57,0.016,20.966
"NRS18_WA_10035",0.92,0.0047,46.57
"NRS18_WA_10037",1.15,0.1376,17.055
"NRS18_WA_10038",0.5,0.0293,8.368
"NRS18_WA_10039",1.53,0.0486,7.838
"NRS18_WA_10040",1.54,0.0413,8.833
"NRS18_WA_10043",0.61,0.0021,15.051
"NRS18_WA_10044",0.93,0.0072,16.07
"NRS18_WA_10047",0.84,0.0791,11.163
"NRS18_WA_10049",1.37,0.0387,46.788
"NRS18_WA_10060",1.46,0.2618,90.716
"NRS18_WA_10065",0.67,0.0116,4.983
"NRS18_WA_10211",1.07,0.1018,22.426
"NRS18_WA_10212",2.06,0.1365,226.716
"NRS18_WA_10360",1.49,0.0838,31.716
"NRS18_WA_10519",1.68,0.0037,53.716
"NRS18_WA_10522",2.3,0.0302,83.731
"NRS18_WA_10811",4.16,0.0025,23.913
"NRS18_WI_10001",23.55,NA,136.5
"NRS18_WI_10002",7.6,1.585,121.9
"NRS18_WI_10003",0.986,7.49,106
"NRS18_WI_10004",NA,1.34,17.1
"NRS18_WI_10005",18.9,NA,55.3
"NRS18_WI_10006",4.88,NA,17.9
"NRS18_WI_10007",8.93,NA,282
"NRS18_WI_10008",1.72,3.12,62.2
"NRS18_WI_10009",7.73,1.02,101
"NRS18_WI_10010",8.81,0.518,83.8
"NRS18_WI_10011",8.31,0.906,154
"NRS18_WI_10013",5.25,0.095,29.029
"NRS18_WI_10014",2.01,7.06,266
"NRS18_WI_10015",5.52,0.564,34.042
"NRS18_WI_10016",8.89,NA,32.95
"NRS18_WI_10017",1.92,7.34,77.4
"NRS18_WI_10018",12.31,0.0077,60.32
"NRS18_WI_10019",2.07,9.77,296
"NRS18_WI_10020",8,4.99,90.9
"NRS18_WI_10021",4.97,1.88,74.7
"NRS18_WI_10022",5.3,1.69,169
"NRS18_WI_10023",6.69,NA,12.7
"NRS18_WI_10024",9.76,0.501,108
"NRS18_WI_10025",4.41,1.18,77.2
"NRS18_WI_10026",9.59,0.715,95.8
"NRS18_WI_10027",10.7,0.435,68.6
"NRS18_WI_10028",9.42,0.354,69.5
"NRS18_WI_10029",4.17,3.05,74.4
"NRS18_WI_10030",3.66,6.6,167
"NRS18_WI_10032",2.37,8.81,29.1
"NRS18_WI_10035",11.7,NA,115
"NRS18_WI_10036",4.14,4.66,659
"NRS18_WI_10038",1.84,2.57,34
"NRS18_WI_10039",12.1,0.608,152
"NRS18_WI_10040",9.04,3.31,198
"NRS18_WI_10041",5.11,0.635,212
"NRS18_WI_10042",1.84,5.69,65
"NRS18_WI_10043",9.54,NA,40.5
"NRS18_WI_10046",NA,1.2,15
"NRS18_WI_10047",1.69,2.65,86
"NRS18_WI_10048",13.2,NA,32.9
"NRS18_WI_10049",3.13,2.67,139
"NRS18_WI_10050",6.18,NA,23
"NRS18_WI_10051",1.34,1.24,53
"NRS18_WI_10053",3.06,1.39,140
"NRS18_WI_10054",2.4,5.96,167
"NRS18_WI_10055",12.4,0.446,109
"NRS18_WI_10056",10.3,0.589,93.2
"NRS18_WI_10057",6.61,NA,15
"NRS18_WI_10060",6.4,0.38,42.6
"NRS18_WI_10061",8.52,1.13,260
"NRS18_WI_10066",4.06,0.42,37.6
"NRS18_WI_10069",4.39,NA,87.7
"NRS18_WI_10071",9.83,NA,244
"NRS18_WI_10080",2.27,4.46,30.9
"NRS18_WI_10083",3.44,0.697,45.2
"NRS18_WI_10091",3.52,7.93,199
"NRS18_WI_10113",3.39,9.18,106
"NRS18_WI_10243",12.8,0.392,35.2
"NRS18_WI_10245",31.8,NA,49.8
"NRS18_WI_10248",1.98,9.38,152
"NRS18_WI_10263",5.84,NA,23.8
"NRS18_WI_10324",2.77,NA,10.7
"NRS18_WI_10401",10.2,4.69,84.5
"NRS18_WI_10541",22.4,NA,48.9
"NRS18_WI_10542",2.96,1.95,84.4
"NRS18_WI_10543",NA,4.13,15.3
"NRS18_WI_10548",13.2,0.407,119
"NRS18_WI_10569",3.37,2.59,22.5
"NRS18_WI_10691",9.71,0.515,116
"NRS18_WI_10692",2.94,4.93,152
"NRS18_WI_10693",15.7,0.655,182
"NRS18_WI_10694",8.16,0.392,266
"NRS18_WI_10695",5.43,3.7,206
"NRS18_WI_10841",12.6,0.437,159
"NRS18_WI_10843",5.08,1.52,124
"NRS18_WI_10844",10.7,NA,42.9
"NRS18_WI_10846",14.1,0.624,138
"NRS18_WI_10850",14.1,NA,49.5
"NRS18_WI_10853",8.77,NA,19.5
"NRS18_WI_10861",4.56,NA,11.7
"NRS18_WI_10991",9.64,NA,80.6
"NRS18_WI_10992",12.5,NA,287
"NRS18_WI_11141",8.15,0.439,81.5
"NRS18_WI_11142",10.2,NA,57.4
"NRS18_WI_RF001",4.04,0.0506,63.45
"NRS18_WI_RF002",10.97,0.0317,27.964
"NRS18_WI_RF003",4.34,0.0059,32.308
"NRS18_WV_10001",1.33,0.0707,11.3325
"NRS18_WV_10002",2.695,0.7804,49.8125
"NRS18_WV_10003",2.98,0.0253,24.301
"NRS18_WV_10004",2.62,0.2444,64.87
"NRS18_WV_10005",1.26,0.1271,15.023
"NRS18_WV_10006",1.66,0.2955,61.361
"NRS18_WV_10008",1.83,1.05805,40.1955
"NRS18_WV_10009",1.32,0.1488,9.29
"NRS18_WV_10010",1.225,0.30435,7.928
"NRS18_WV_10011",1.84,0.6235,32.604
"NRS18_WV_10012",2.37,0.1431,12.176
"NRS18_WV_10013",4.4,0.1923,33.993
"NRS18_WV_10015",0.63,0.4631,10.751
"NRS18_WV_10016",1.69,0.646,54.926
"NRS18_WV_10018",1.83,0.0351,18.68
"NRS18_WV_10019",1.89,0.0222,30.909
"NRS18_WV_10020",1.56,0.6084,31.73
"NRS18_WV_10031",1.73,0.2713,13.639
"NRS18_WV_10180",1.41,0.167,3.79
"NRS18_WV_10181",1.1,0.3728,4.99
"NRS18_WV_RF001",1.62,0.2179,10.734
"NRS18_WV_RF002",2.33,0.0348,10.074
"NRS18_WV_RF003",2.82,0.0907,8.993
"NRS18_WV_RF004",1.33,0.1848,8.689
"NRS18_WY_10003",0.55,0.2021,57.714
"NRS18_WY_10004",6.11,0.002,92.308
"NRS18_WY_10005",0.97,0.0275,14.694
"NRS18_WY_10010",74.255,0.0035,164.174
"NRS18_WY_10011",7.33,0.0136,190.84
"NRS18_WY_10014",4.45,0.1694,19.391
"NRS18_WY_10015",4.45,0.0035,126.26
"NRS18_WY_10016",5.09,NA,29.831
"NRS18_WY_10021",0.49,0.0443,5.199
"NRS18_WY_10022",4.75,0.004,40.019
"NRS18_WY_10025",0.775,0.02605,66.3185
"NRS18_WY_10026",1.73,0.0013,6.836
"NRS18_WY_10027",10.63,0.0059,129.59
"NRS18_WY_10029",11.95,2e-04,153.41
"NRS18_WY_10034",3.425,0.03675,50.0275
"NRS18_WY_10035",4.95,NA,46.296
"NRS18_WY_10039",11.97,8e-04,30.958
"NRS18_WY_10052",7.53,0.0012,28.336
"NRS18_WY_10060",1.44,0.002,9.236
"NRS18_WY_10065",4.77,0.0399,41.729
"NRS18_WY_10068",3.34,5e-04,13.515
"NRS18_WY_10069",4.55,0.00335,51.476
"NRS18_WY_10071",2.4,2e-04,35.795
"NRS18_WY_10073",3.51,0.3878,5.319
"NRS18_WY_10076",3.45,9e-04,13.826
"NRS18_WY_10078",2.96,0.0605,33.961
"NRS18_WY_10084",5.82,0.0011,290.539
"NRS18_WY_10085",2.24,0.0017,14.301
"NRS18_WY_10089",2.47,0.0012,25.556
"NRS18_WY_10090",2.69,1.0161,132.313
"NRS18_WY_10251",7.14,8e-04,377.276
"NRS18_WY_10394",2.12,0.0235,11.673
"NRS18_WY_10396",0.79,0.0362,93.353
"NRS18_WY_10400",5.44,0.0037,15.216
"NRS18_WY_10406",0.87,0.3393,13.726
"NRS18_WY_10546",11.57,0.1889,1776.925
"NRS18_WY_10549",9.71,0,67.74
"NRS18_WY_10696",4.12,7e-04,49.221
"NRS18_WY_10697",4.2,0.0013,21.65
"NRS18_WY_10701",14.18,0.0016,573.3
"NRS18_WY_10845",2.18,1.1061,40.156
"NRS18_WY_10995",0.98,0.004,62.141
"NRS18_WY_10996",0.84,0.027,7.853
"NRS18_WY_11145",1.83,0.0345,39.603
"NRS18_WY_11151",2.34,0.0137,192.086
"NRS18_WY_11299",6.29,0.0043,18.398
"NRS18_WY_11301",5.16,0.0974,252.389
"NRS18_WY_11305",11.91,0,124.07
"NRS18_WY_11306",13.44,0.0472,182.219
"NRS18_WY_11308",8.71,0.0026,124.336
"NRS18_WY_11315",8.45,0,122.114
"NRS18_WY_11316",12.17,0,67.03
"NRS18_WY_11452",5.32,0,37.145
"NRS18_WY_11453",4.79,0.0393,22.014
"NRS18_WY_11594",1.2,0.0662,37.449
"NRS18_WY_11746",9.15,0.0041,207.086
"NRS18_WY_11747",2.57,0.0013,26.23
"NRS18_WY_11790",2.11,0.0338,82.635
"NRS18_WY_11896",5.06,0.0084,30.871
"NRS18_WY_11903",5.24,0.0239,77.215
"NRS18_WY_11906",8.46,0,63.78
"NRS18_WY_11908",5.07,0.0052,35.931
"NRS18_WY_11912",4.95,0.0013,33.959
"NRS18_WY_12046",4.78,NA,40.381
"NRS18_WY_12048",4.53,0.0035,37.009
"NRS18_WY_12197",2.87,0.0022,12.384
"NRS18_WY_12345",3.49,0.0718,67.689
"NRS18_WY_12347",1.96,7e-04,14.976
