SITE_ID,DOC_Median,TN_Median,NO3_Median,TP_Median,TNtoTP_Median,NO3toTP_Median,TPtoTN
IAW02344-0096,2.61,23300,1554.6,48,485.4166667,32.3875,0.002060086
IAW02344-0097,1.77,8644,595.2,287,30.1184669,2.073867596,0.033202221
IAW02344-0098,2.28,9838,663.2,15,655.8666667,44.21333333,0.0015247
IAW02344-0099,3.41,2214,132.4,24,92.25,5.516666667,0.010840108
IAW02344-0100,2,5288,348.9,81,65.28395062,4.307407407,0.0153177
IAW02344-0102,2.85,6250,433.6,61,102.4590164,7.108196721,0.00976
IAW02344-0103,6.18,1938,75.4,403,4.808933002,0.187096774,0.207946336
IAW02344-0104,2.48,16588,1160.6,84,197.4761905,13.81666667,0.005063902
IAW02344-0105,2.54,10750,708.3,225,47.77777778,3.148,0.020930233
IAW02344-0106,1.34,15925,1073.9,182,87.5,5.900549451,0.011428571
IAW02344-0108,2.59,3638,234.7,102,35.66666667,2.300980392,0.028037383
IAW02344-0109,2.11,4638,303.5,77,60.23376623,3.941558442,0.016601984
IAW02344-0110,2.17,5363,352.2,83,64.61445783,4.243373494,0.015476412
IAW02344-0111,4.33,10475,684.6,593,17.66441821,1.154468803,0.056610979
IAW02344-0112,3.86,13138,879.3,45,291.9555556,19.54,0.003425179
IAW02344-0113,2.36,20250,1372.1,153,132.3529412,8.967973856,0.007555556
IAW02344-0114,6.43,5863,320.4,557,10.52603232,0.575224417,0.095002558
IAW02344-0115,2.44,5063,347.3,141,35.90780142,2.463120567,0.027849101
IAW02344-0117,3.23,9094,598.3,423,21.49881797,1.414420804,0.046514185
IAW02344-0118,2.32,6413,431.5,103,62.26213592,4.189320388,0.016061126
IAW02344-0119,2,3450,231.8,116,29.74137931,1.998275862,0.033623188
IAW02344-0120,1.79,15588,1067.8,97,160.7010309,11.00824742,0.006222735
IAW02344-0121,4.53,14475,985.9,25,579,39.436,0.001727116
IAW02344-0122,2.62,13250,903.3,189,70.10582011,4.779365079,0.014264151
IAW02344-0123,1.88,9225,653.5,194,47.55154639,3.368556701,0.02102981
IAW02344-0125,2.28,2214,134.4,82,27,1.63902439,0.037037037
IAW02344-0128,1.89,21538,1452.6,134,160.7313433,10.84029851,0.006221562
IAW02344-0130,2.84,11988,794.6,147,81.55102041,5.405442177,0.012262262
IAW02344-0132,3.8,13338,888.1,37,360.4864865,24.0027027,0.002774029
IAW02344-0133,1.59,6838,448,91,75.14285714,4.923076923,0.013307985
IAW02344-0134,4.67,639,21,65,9.830769231,0.323076923,0.10172144
IAW02344-0135,7.04,5581,299.2,129,43.26356589,2.319379845,0.023114137
IAW02344-0139,4.68,887,18.7,103,8.611650485,0.181553398,0.116121759
IAW02344-0232,1.52,19125,1286,68,281.25,18.91176471,0.003555556
IAW02344-0250,4.5,12550,835.3,56,224.1071429,14.91607143,0.004462151
IAW02344-0253,2.93,10344,709.1,168,61.57142857,4.220833333,0.016241299
IAW02344-0261,2.41,8763,574.1,129,67.93023256,4.450387597,0.014720986
NEWS04-0101,4.66,150,1.5,1,150,1.5,0.006666667
NEWS04-0108,1.75,245,13.8,6,40.83333333,2.3,0.024489796
NEWS04-0203,4.92,351,15.6,4,87.75,3.9,0.011396011
NEWS04-0305,10.98,401,3.8,5,80.2,0.76,0.012468828
NEWS04-0401,7.45,268,1.5,6,44.66666667,0.25,0.02238806
NEWS04-0502,5.68,439,15.3,8,54.875,1.9125,0.018223235
NEWS04-0602,6.45,285,1.3,4,71.25,0.325,0.014035088
NEWS04-0703,2.66,275,12,2,137.5,6,0.007272727
NEWS04-0806,6.23,715,1.9,192,3.723958333,0.009895833,0.268531469
NEWS04-0905,4.06,405,8.3,23,17.60869565,0.360869565,0.056790123
NEWS04-1001,7.5,375,3.3,17,22.05882353,0.194117647,0.045333333
NEWS04-1105,6.24,283,0.7,1,283,0.7,0.003533569
NEWS04-1106,6.52,290,4.7,2,145,2.35,0.006896552
NEWS04-1202,5.02,270,4.6,3,90,1.533333333,0.011111111
NEWS04-1302,5.05,178,0.6,1,178,0.6,0.005617978
NEWS04-1303,7.88,483,10.7,5,96.6,2.14,0.010351967
NEWS04-1410,9.73,304,1.6,3,101.3333333,0.533333333,0.009868421
NEWS04-1702,4.14,320,7.3,19,16.84210526,0.384210526,0.059375
NEWS04-1801,3.73,341,12.1,4,85.25,3.025,0.011730205
NEWS04-1901,1.67,159,1.4,21,7.571428571,0.066666667,0.132075472
NEWS04-1903,3.23,115,1.6,1,115,1.6,0.008695652
NEWS04-2002,5.55,212,2.2,2,106,1.1,0.009433962
NEWS04-2101,8.71,283,0,5,56.6,0,0.017667845
NEWS04-2301,1.51,239,11.8,2,119.5,5.9,0.008368201
NEWS04-2302,1.23,109,4.7,1,109,4.7,0.009174312
NEWS04-2401,5.1,308,5.8,10,30.8,0.58,0.032467532
NEWS04-2502,3.81,268,3.5,9,29.77777778,0.388888889,0.03358209
NEWS04-2805,0.98,324,20.4,1,324,20.4,0.00308642
NEWS04-2907,1.89,213,7.9,2,106.5,3.95,0.009389671
NEWS04-3004,3.35,671,29,28,23.96428571,1.035714286,0.041728763
NEWS04-3102,12.55,603,14.1,27,22.33333333,0.522222222,0.044776119
NEWS04-3206,2.63,436,22,8,54.5,2.75,0.018348624
NEWS04-3303,4.94,271,0,8,33.875,0,0.029520295
NEWS04-3406,4.01,824,30.5,16,51.5,1.90625,0.019417476
NEWS04-3504,4.83,605,16.5,52,11.63461538,0.317307692,0.085950413
NEWS04-3603,4.06,491,12.9,18,27.27777778,0.716666667,0.036659878
NEWS04-3701,4.93,788,25,143,5.51048951,0.174825175,0.181472081
NEWS04-3802,3.42,1276,74.4,21,60.76190476,3.542857143,0.01645768
NEWS04-3901,2.61,368,9.7,23,16,0.42173913,0.0625
NEWS04-4003,2.39,890,52.2,19,46.84210526,2.747368421,0.021348315
NEWS04-4104,3.62,2319,136.9,49,47.32653061,2.793877551,0.021129797
NEWS04-4201,9.01,849,25.8,95,8.936842105,0.271578947,0.111896349
OWW04440-0004,1.37,815,49.9,1,815,49.9,0.001226994
OWW04440-0008,5.93,909,9.6,27,33.66666667,0.355555556,0.02970297
OWW04440-0010,1.16,2475,167.7,15,165,11.18,0.006060606
OWW04440-0011,1.8,154,3.2,2,77,1.6,0.012987013
OWW04440-0014,2.06,963,53.5,24,40.125,2.229166667,0.024922118
OWW04440-0015,1.72,7856,496.3,6,1309.333333,82.71666667,0.000763747
OWW04440-0016,2.69,9994,676.7,72,138.8055556,9.398611111,0.007204323
OWW04440-0017,1.78,93,3.6,3,31,1.2,0.032258065
OWW04440-0019,4.47,3156,159,524,6.022900763,0.303435115,0.166032953
OWW04440-0020,1.05,231,8.3,4,57.75,2.075,0.017316017
OWW04440-0021,14.25,1694,2.3,369,4.590785908,0.006233062,0.217827627
OWW04440-0023,12.32,1075,6,334,3.218562874,0.017964072,0.310697674
OWW04440-0026,2.36,339,0,39,8.692307692,0,0.115044248
OWW04440-0029,3.71,546,15.2,8,68.25,1.9,0.014652015
OWW04440-0030,0.57,130,5.2,23,5.652173913,0.226086957,0.176923077
OWW04440-0032,2.76,220,4.6,9,24.44444444,0.511111111,0.040909091
OWW04440-0034,4.26,564,24.6,24,23.5,1.025,0.042553191
OWW04440-0039,3.08,3876,203.5,534,7.258426966,0.381086142,0.137770898
OWW04440-0040,3.74,474,10,151,3.139072848,0.066225166,0.318565401
OWW04440-0041,18.61,2400,23.2,1334,1.79910045,0.017391304,0.555833333
OWW04440-0043,7.03,391,0,21,18.61904762,0,0.05370844
OWW04440-0045,0.78,143,1.6,12,11.91666667,0.133333333,0.083916084
OWW04440-0046,0.69,150,5.7,8,18.75,0.7125,0.053333333
OWW04440-0048,1.67,15650,1099.4,67,233.5820896,16.40895522,0.00428115
OWW04440-0050,2.82,604,24.8,24,25.16666667,1.033333333,0.039735099
OWW04440-0051,6.7,699,4.6,114,6.131578947,0.040350877,0.163090129
OWW04440-0054,1.02,521,35.3,24,21.70833333,1.470833333,0.046065259
OWW04440-0055,24.55,1024,1.2,51,20.07843137,0.023529412,0.049804688
OWW04440-0056,2.95,634,19.5,114,5.561403509,0.171052632,0.179810726
OWW04440-0058,2.39,209,2.3,6,34.83333333,0.383333333,0.028708134
OWW04440-0059,12.05,3438,151.1,41,83.85365854,3.685365854,0.011925538
OWW04440-0060,8.68,9538,25.8,1632,5.844362745,0.015808824,0.171105053
OWW04440-0061,11.35,1350,13.2,254,5.31496063,0.051968504,0.188148148
OWW04440-0063,1.89,258,10.5,10,25.8,1.05,0.03875969
OWW04440-0064,3.88,509,13.1,27,18.85185185,0.485185185,0.053045187
OWW04440-0066,8.27,4163,46.5,95,43.82105263,0.489473684,0.022820082
OWW04440-0070,1.53,1868,120.6,22,84.90909091,5.481818182,0.011777302
OWW04440-0071,8.08,898,29.6,55,16.32727273,0.538181818,0.061247216
OWW04440-0077,1.65,106,1.1,51,2.078431373,0.021568627,0.481132075
OWW04440-0078,0.84,414,28.8,20,20.7,1.44,0.048309179
OWW04440-0080,4.43,1406,81.8,118,11.91525424,0.693220339,0.083926031
OWW04440-0081,1.1,379,22.7,7,54.14285714,3.242857143,0.018469657
OWW04440-0085,2,254,3.1,24,10.58333333,0.129166667,0.094488189
OWW04440-0087,16.21,924,0,78,11.84615385,0,0.084415584
OWW04440-0093,3.59,169,3.9,64,2.640625,0.0609375,0.378698225
OWW04440-0094,1.97,1026,1.2,2,513,0.6,0.001949318
OWW04440-0096,3.26,1700,93.2,45,37.77777778,2.071111111,0.026470588
OWW04440-0102,1.56,1818,119.3,8,227.25,14.9125,0.00440044
OWW04440-0103,8.6,324,0,15,21.6,0,0.046296296
OWW04440-0106,1.7,1026,60.4,17,60.35294118,3.552941176,0.016569201
OWW04440-0107,7.29,545,18.5,7,77.85714286,2.642857143,0.012844037
OWW04440-0108,10.38,476,2.6,22,21.63636364,0.118181818,0.046218487
OWW04440-0112,3.18,941,18.9,74,12.71621622,0.255405405,0.078639745
OWW04440-0114,2.92,1595,103.8,39,40.8974359,2.661538462,0.024451411
OWW04440-0115,8.35,1969,6.8,608,3.238486842,0.011184211,0.308786186
OWW04440-0122,3,231,3.6,14,16.5,0.257142857,0.060606061
OWW04440-0124,7.22,1379,36.1,292,4.72260274,0.123630137,0.211747643
OWW04440-0125,1.71,155,3.1,3,51.66666667,1.033333333,0.019354839
OWW04440-0127,2.76,2969,191.9,50,59.38,3.838,0.016840687
OWW04440-0128,2.24,245,4.7,15,16.33333333,0.313333333,0.06122449
OWW04440-0130,3.6,516,11.2,25,20.64,0.448,0.048449612
OWW04440-0131,1.67,1214,21.9,309,3.928802589,0.070873786,0.254530478
OWW04440-0132,1.01,1640,112.1,4,410,28.025,0.002439024
OWW04440-0133,6.08,1069,8.4,147,7.272108844,0.057142857,0.137511693
OWW04440-0134,2.06,881,48,15,58.73333333,3.2,0.017026107
OWW04440-0138,7.62,1266,0.9,140,9.042857143,0.006428571,0.110584518
OWW04440-0139,1.9,468,24.7,52,9,0.475,0.111111111
OWW04440-0142,0.82,890,59.6,5,178,11.92,0.005617978
OWW04440-0146,1.82,191,8.9,6,31.83333333,1.483333333,0.031413613
OWW04440-0147,7.14,2233,78.9,255,8.756862745,0.309411765,0.114196149
OWW04440-0149,3.71,1858,8.9,753,2.467463479,0.011819389,0.405274489
OWW04440-0151,9.48,610,13.4,157,3.885350318,0.085350318,0.257377049
OWW04440-0157,5.6,505,0,27,18.7037037,0,0.053465347
OWW04440-0158,3.7,2189,139.5,100,21.89,1.395,0.04568296
OWW04440-0163,1.15,1956,129.7,24,81.5,5.404166667,0.012269939
OWW04440-0164,1.4,99,3.2,5,19.8,0.64,0.050505051
OWW04440-0165,2.86,412,5.3,49,8.408163265,0.108163265,0.118932039
OWW04440-0166,0.83,5881,409.6,5,1176.2,81.92,0.000850196
OWW04440-0168,7.82,1135,25.1,80,14.1875,0.31375,0.070484581
OWW04440-0169,1.53,109,2.1,144,0.756944444,0.014583333,1.321100918
OWW04440-0170,3.34,999,48.4,35,28.54285714,1.382857143,0.035035035
OWW04440-0171,4.78,234,1.7,9,26,0.188888889,0.038461538
OWW04440-0172,5.51,524,10.6,32,16.375,0.33125,0.061068702
OWW04440-0176,2.55,4606,303.9,408,11.28921569,0.744852941,0.088580113
OWW04440-0178,12.62,2049,1.4,128,16.0078125,0.0109375,0.062469497
OWW04440-0179,4.04,403,4.6,165,2.442424242,0.027878788,0.40942928
OWW04440-0181,9.31,603,2.5,104,5.798076923,0.024038462,0.172470978
OWW04440-0182,1.91,856,50.3,22,38.90909091,2.286363636,0.025700935
OWW04440-0184,3,2469,150.4,22,112.2272727,6.836363636,0.00891049
OWW04440-0185,1.36,114,6.7,3,38,2.233333333,0.026315789
OWW04440-0186,1.52,586,35,7,83.71428571,5,0.011945392
OWW04440-0191,3.4,834,43.2,22,37.90909091,1.963636364,0.026378897
OWW04440-0192,3.62,513,15.8,29,17.68965517,0.544827586,0.056530214
OWW04440-0195,2.24,1958,103.2,43,45.53488372,2.4,0.021961185
OWW04440-0196,2.41,1550,4,526,2.946768061,0.007604563,0.339354839
OWW04440-0197,2.18,428,9,47,9.106382979,0.191489362,0.109813084
OWW04440-0199,24.49,1129,1.4,18,62.72222222,0.077777778,0.015943313
OWW04440-0200,6.15,759,3.9,180,4.216666667,0.021666667,0.23715415
OWW04440-0203,6.84,640,21.1,17,37.64705882,1.241176471,0.0265625
OWW04440-0205,3.6,152,0.4,14,10.85714286,0.028571429,0.092105263
OWW04440-0206,0.67,1000,69.3,21,47.61904762,3.3,0.021
OWW04440-0210,4.99,355,1.6,23,15.43478261,0.069565217,0.064788732
OWW04440-0211,1.53,976,62.4,28,34.85714286,2.228571429,0.028688525
OWW04440-0212,0.82,844,9.1,138,6.115942029,0.065942029,0.163507109
OWW04440-0218,2.99,1099,66.9,14,78.5,4.778571429,0.012738854
OWW04440-0219,3.16,43650,1827.4,313,139.456869,5.838338658,0.007170676
OWW04440-0221,7.7,658,8.3,47,14,0.176595745,0.071428571
OWW04440-0224,16.48,2647,2.6,618,4.283171521,0.00420712,0.233471855
OWW04440-0226,3.04,687,29.1,26,26.42307692,1.119230769,0.037845706
OWW04440-0231,9.82,625,3.4,185,3.378378378,0.018378378,0.296
OWW04440-0233,2.77,576,20.1,74,7.783783784,0.271621622,0.128472222
OWW04440-0234,0.87,263,15,3,87.66666667,5,0.011406844
OWW04440-0238,2.35,471,22.8,49,9.612244898,0.465306122,0.10403397
OWW04440-0240,2.33,2292,148.7,31,73.93548387,4.796774194,0.013525305
OWW04440-0242,2.88,11338,749.4,112,101.2321429,6.691071429,0.009878285
OWW04440-0243,2.72,394,7,28,14.07142857,0.25,0.07106599
OWW04440-0248,2.04,1488,88.3,13,114.4615385,6.792307692,0.008736559
OWW04440-0250,5.05,1591,45,304,5.233552632,0.148026316,0.191074796
OWW04440-0252,3.36,745,29.7,69,10.79710145,0.430434783,0.09261745
OWW04440-0255,8.84,383,3.8,15,25.53333333,0.253333333,0.039164491
OWW04440-0256,5.12,1348,55.2,144,9.361111111,0.383333333,0.106824926
OWW04440-0257,1.58,1114,67.5,16,69.625,4.21875,0.014362657
OWW04440-0258,12.4,643,1.7,16,40.1875,0.10625,0.024883359
OWW04440-0262,3.23,6288,426.6,155,40.56774194,2.752258065,0.024650127
OWW04440-0263,11.71,638,0,45,14.17777778,0,0.070532915
OWW04440-0266,2.23,1686,111.9,7,240.8571429,15.98571429,0.004151839
OWW04440-0267,3.86,609,23.8,74,8.22972973,0.321621622,0.121510673
OWW04440-0271,18.54,624,3.1,23,27.13043478,0.134782609,0.036858974
OWW04440-0274,4.21,320,8.9,3,106.6666667,2.966666667,0.009375
OWW04440-0275,12.64,5781,171.9,1424,4.059691011,0.120716292,0.246324165
OWW04440-0277,8.33,898,8.3,252,3.563492063,0.032936508,0.280623608
OWW04440-0282,1.97,295,12.7,6,49.16666667,2.116666667,0.020338983
OWW04440-0283,11.98,518,0.8,8,64.75,0.1,0.015444015
OWW04440-0286,1.49,462,26.3,11,42,2.390909091,0.023809524
OWW04440-0290,5.02,1469,79.9,16,91.8125,4.99375,0.010891763
OWW04440-0291,1.74,4800,328,34,141.1764706,9.647058824,0.007083333
OWW04440-0292,1,393,27.2,5,78.6,5.44,0.012722646
OWW04440-0293,1.6,718,6.5,232,3.094827586,0.028017241,0.323119777
OWW04440-0294,2.53,1714,106.2,23,74.52173913,4.617391304,0.013418903
OWW04440-0295,1.91,3213,207,17,189,12.17647059,0.005291005
OWW04440-0296,2.25,681,36.1,165,4.127272727,0.218787879,0.242290749
OWW04440-0298,2.78,516,25.7,21,24.57142857,1.223809524,0.040697674
OWW04440-0305,7.66,1372,4.7,305,4.498360656,0.015409836,0.222303207
OWW04440-0311,25.21,913,2.2,32,28.53125,0.06875,0.035049288
OWW04440-0312,2.61,11069,720.7,375,29.51733333,1.921866667,0.033878399
OWW04440-0313,1.39,154,7.7,2,77,3.85,0.012987013
OWW04440-0319,9.09,899,1.7,119,7.554621849,0.014285714,0.132369299
OWW04440-0320,1.92,670,32.7,5,134,6.54,0.007462687
OWW04440-0323,3.71,633,0,153,4.137254902,0,0.241706161
OWW04440-0324,1.05,71,4.2,23,3.086956522,0.182608696,0.323943662
OWW04440-0325,1.1,109,0,4,27.25,0,0.036697248
OWW04440-0326,2.13,3231,207.6,292,11.06506849,0.710958904,0.090374497
OWW04440-0327,10.94,1861,47.5,161,11.55900621,0.295031056,0.086512628
OWW04440-0328,1.99,1449,78.6,45,32.2,1.746666667,0.031055901
OWW04440-0330,3.74,366,9.5,15,24.4,0.633333333,0.040983607
OWW04440-0333,4.62,277,0,46,6.02173913,0,0.166064982
OWW04440-0334,3.59,244,1.1,17,14.35294118,0.064705882,0.069672131
OWW04440-0336,2.85,3980,240.7,71,56.05633803,3.390140845,0.017839196
OWW04440-0337,7.56,506,8.3,19,26.63157895,0.436842105,0.037549407
OWW04440-0338,2.04,830,47.1,25,33.2,1.884,0.030120482
OWW04440-0340,1.2,1303,85.9,110,11.84545455,0.780909091,0.084420568
OWW04440-0341,2.2,148,2,25,5.92,0.08,0.168918919
OWW04440-0346,1.8,940,61.6,16,58.75,3.85,0.017021277
OWW04440-0349,5,348,7.5,21,16.57142857,0.357142857,0.060344828
OWW04440-0353,2.37,221,4.5,34,6.5,0.132352941,0.153846154
OWW04440-0356,2.53,444,10.2,12,37,0.85,0.027027027
OWW04440-0358,2.18,2381,146.5,64,37.203125,2.2890625,0.026879462
OWW04440-0359,7.5,989,41.6,18,54.94444444,2.311111111,0.018200202
OWW04440-0360,7.59,974,19.5,62,15.70967742,0.314516129,0.063655031
OWW04440-0361,20.02,954,1.7,49,19.46938776,0.034693878,0.051362683
OWW04440-0362,0.74,726,50.4,4,181.5,12.6,0.005509642
OWW04440-0368,3.92,3750,244.3,67,55.97014925,3.646268657,0.017866667
OWW04440-0369,6.9,1237,9,177,6.988700565,0.050847458,0.143088116
OWW04440-0373,8.51,603,15.8,111,5.432432432,0.142342342,0.184079602
OWW04440-0377,4.84,962,29.8,163,5.901840491,0.182822086,0.169438669
OWW04440-0378,4.18,329,5.4,15,21.93333333,0.36,0.045592705
OWW04440-0380,1.09,180,10.5,1,180,10.5,0.005555556
OWW04440-0381,1.67,225,7.9,6,37.5,1.316666667,0.026666667
OWW04440-0382,1.62,1280,78.3,4,320,19.575,0.003125
OWW04440-0383,16.27,1418,14.5,165,8.593939394,0.087878788,0.116361072
OWW04440-0384,1.95,185,6.8,7,26.42857143,0.971428571,0.037837838
OWW04440-0386,4.61,379,2,47,8.063829787,0.042553191,0.124010554
OWW04440-0387,5.58,499,5.4,28,17.82142857,0.192857143,0.056112224
OWW04440-0389,10.8,566,5,52,10.88461538,0.096153846,0.091872792
OWW04440-0393,6.28,908,6.7,286,3.174825175,0.023426573,0.314977974
OWW04440-0394,0.75,749,50.3,10,74.9,5.03,0.013351135
OWW04440-0398,2.41,4300,215.9,43,100,5.020930233,0.01
OWW04440-0400,6.65,33350,2218.3,98,340.3061224,22.63571429,0.002938531
OWW04440-0401,5.01,1376,78.6,3,458.6666667,26.2,0.002180233
OWW04440-0403,4.71,1265,0,316,4.003164557,0,0.249802372
OWW04440-0405,12.27,1455,0,296,4.915540541,0,0.203436426
OWW04440-0410,1.58,273,13.1,2,136.5,6.55,0.007326007
OWW04440-0416,4.24,564,8.6,87,6.482758621,0.098850575,0.154255319
OWW04440-0418,5.04,858,11.2,12,71.5,0.933333333,0.013986014
OWW04440-0419,4.07,724,4,60,12.06666667,0.066666667,0.082872928
OWW04440-0420,1.37,1680,107.3,65,25.84615385,1.650769231,0.038690476
OWW04440-0423,1.55,1971,133,89,22.14606742,1.494382022,0.045154744
OWW04440-0425,8.34,681,12.2,59,11.54237288,0.206779661,0.086637298
OWW04440-0426,3.14,2384,140.5,302,7.894039735,0.465231788,0.126677852
OWW04440-0427,3.38,234,8.4,3,78,2.8,0.012820513
OWW04440-0428,9.98,648,1.7,51,12.70588235,0.033333333,0.078703704
OWW04440-0429,1.48,1061,0,54,19.64814815,0,0.050895382
OWW04440-0432,2.83,6188,392.3,840,7.366666667,0.46702381,0.135746606
OWW04440-0433,14.37,671,2.4,29,23.13793103,0.082758621,0.043219076
OWW04440-0435,2.63,454,14.3,41,11.07317073,0.348780488,0.09030837
OWW04440-0436,6.6,513,9.6,71,7.225352113,0.135211268,0.138401559
OWW04440-0437,8.94,636,2,93,6.838709677,0.021505376,0.146226415
OWW04440-0439,4.16,271,8.3,113,2.398230088,0.073451327,0.41697417
OWW04440-0440,5.98,7725,479.7,105,73.57142857,4.568571429,0.013592233
OWW04440-0442,1.71,1641,108.7,35,46.88571429,3.105714286,0.021328458
OWW04440-0445,7.37,1372,34.9,316,4.341772152,0.110443038,0.2303207
OWW04440-0447,4.17,358,10.6,28,12.78571429,0.378571429,0.07821229
OWW04440-0451,4.77,514,8.8,59,8.711864407,0.149152542,0.114785992
OWW04440-0453,5.43,4250,39.1,170,25,0.23,0.04
OWW04440-0455,3.74,581,18.7,53,10.96226415,0.352830189,0.091222031
OWW04440-0456,3.89,1919,104.2,60,31.98333333,1.736666667,0.031266285
OWW04440-0457,4.73,333,4.8,15,22.2,0.32,0.045045045
OWW04440-0458,2.27,804,49.8,14,57.42857143,3.557142857,0.017412935
OWW04440-0459,12.28,618,0,34,18.17647059,0,0.055016181
OWW04440-0464,3.14,6056,394.8,30,201.8666667,13.16,0.004953765
OWW04440-0465,3.69,399,21.7,9,44.33333333,2.411111111,0.022556391
OWW04440-0466,2.03,681,32,18,37.83333333,1.777777778,0.026431718
OWW04440-0467,8.34,1253,21.4,118,10.61864407,0.181355932,0.094173982
OWW04440-0469,0.8,101,1.3,14,7.214285714,0.092857143,0.138613861
OWW04440-0471,14.26,717,4.4,41,17.48780488,0.107317073,0.057182706
OWW04440-0472,2.56,11625,783.4,86,135.1744186,9.109302326,0.007397849
OWW04440-0473,2.3,213,3.6,53,4.018867925,0.067924528,0.248826291
OWW04440-0474,1.78,369,17.8,15,24.6,1.186666667,0.040650407
OWW04440-0475,4.96,23925,1594.5,4175,5.730538922,0.381916168,0.174503657
OWW04440-0479,3.19,898,29.5,116,7.74137931,0.254310345,0.129175947
OWW04440-0480,2.54,2058,109.6,90,22.86666667,1.217777778,0.043731778
OWW04440-0481,2.87,684,20.8,54,12.66666667,0.385185185,0.078947368
OWW04440-0482,4.62,399,12.7,17,23.47058824,0.747058824,0.042606516
OWW04440-0483,3.74,716,7.1,139,5.151079137,0.051079137,0.194134078
OWW04440-0485,15.87,1954,6.2,593,3.295109612,0.010455312,0.303480041
OWW04440-0486,4.32,406,0.6,16,25.375,0.0375,0.039408867
OWW04440-0487,17.3,996,8.3,100,9.96,0.083,0.100401606
OWW04440-0488,2.84,3881,246.4,130,29.85384615,1.895384615,0.033496522
OWW04440-0489,12.13,1085,15.7,148,7.331081081,0.106081081,0.13640553
OWW04440-0493,4.39,1010,6.7,202,5,0.033168317,0.2
OWW04440-0496,3.74,798,39.6,25,31.92,1.584,0.031328321
OWW04440-0498,2.28,2644,176,38,69.57894737,4.631578947,0.014372163
OWW04440-0499,1.42,168,3,5,33.6,0.6,0.029761905
OWW04440-0502,4.17,1860,96.6,102,18.23529412,0.947058824,0.05483871
OWW04440-0504,5.09,1239,68.6,22,56.31818182,3.118181818,0.017756255
OWW04440-0506,2.2,1005,55.5,24,41.875,2.3125,0.023880597
OWW04440-0507,28.52,1186,2,38,31.21052632,0.052631579,0.032040472
OWW04440-0511,3.38,226,2.6,16,14.125,0.1625,0.07079646
OWW04440-0513,1.75,709,42.7,17,41.70588235,2.511764706,0.023977433
OWW04440-0514,3.54,216,3.7,27,8,0.137037037,0.125
OWW04440-0515,2.88,1059,14.3,342,3.096491228,0.041812865,0.322946176
OWW04440-0516,4.06,344,17.9,18,19.11111111,0.994444444,0.052325581
OWW04440-0518,1.6,4125,280,34,121.3235294,8.235294118,0.008242424
OWW04440-0526,1.07,320,14.7,4,80,3.675,0.0125
OWW04440-0528,4.03,745,33.8,33,22.57575758,1.024242424,0.044295302
OWW04440-0529,1.07,340,15.7,33,10.3030303,0.475757576,0.097058824
OWW04440-0530,7.68,1413,26.5,101,13.99009901,0.262376238,0.071479122
OWW04440-0531,5.59,5831,335.3,2034,2.866764995,0.164847591,0.348825244
OWW04440-0535,6.25,2806,158.5,67,41.88059701,2.365671642,0.023877406
OWW04440-0538,3.94,468,25.9,45,10.4,0.575555556,0.096153846
OWW04440-0542,0.87,74,3.2,1,74,3.2,0.013513514
OWW04440-0544,5.15,770,18.4,173,4.450867052,0.106358382,0.224675325
OWW04440-0546,5.08,318,3,9,35.33333333,0.333333333,0.028301887
OWW04440-0548,0.9,143,5.3,18,7.944444444,0.294444444,0.125874126
OWW04440-0551,1.91,1363,86.2,60,22.71666667,1.436666667,0.044020543
OWW04440-0552,3.67,2756,149,270,10.20740741,0.551851852,0.09796807
OWW04440-0553,5.24,230,1.5,31,7.419354839,0.048387097,0.134782609
OWW04440-0554,0.66,1818,126.1,14,129.8571429,9.007142857,0.00770077
OWW04440-0557,2.07,363,0,22,16.5,0,0.060606061
OWW04440-0558,0.65,56,3.9,2,28,1.95,0.035714286
OWW04440-0560,2.4,4019,229.3,422,9.523696682,0.543364929,0.105001244
OWW04440-0565,4.61,419,1.1,29,14.44827586,0.037931034,0.069212411
OWW04440-0567,4,329,7,27,12.18518519,0.259259259,0.082066869
OWW04440-0568,3.13,376,5.7,41,9.170731707,0.13902439,0.109042553
OWW04440-0570,2.14,1218,67.1,14,87,4.792857143,0.011494253
OWW04440-0571,8.67,7988,453.6,188,42.4893617,2.412765957,0.023535303
OWW04440-0575,22.27,1438,3.2,85,16.91764706,0.037647059,0.059109875
OWW04440-0576,1.45,367,20.8,3,122.3333333,6.933333333,0.008174387
OWW04440-0578,2.13,743,39.8,18,41.27777778,2.211111111,0.02422611
OWW04440-0579,2.28,373,1.4,22,16.95454545,0.063636364,0.058981233
OWW04440-0582,2.84,1431,77.2,86,16.63953488,0.897674419,0.060097834
OWW04440-0584,8.84,1301,2.4,277,4.696750903,0.00866426,0.212913144
OWW04440-0585,7.47,917,4.5,189,4.851851852,0.023809524,0.20610687
OWW04440-0586,1.59,109,2.4,1,109,2.4,0.009174312
OWW04440-0587,2.37,191,3.5,24,7.958333333,0.145833333,0.12565445
OWW04440-0592,5.18,5163,278.7,35,147.5142857,7.962857143,0.006779004
OWW04440-0594,9.52,1409,3.7,208,6.774038462,0.017788462,0.147622427
OWW04440-0595,5.63,784,5.5,172,4.558139535,0.031976744,0.219387755
OWW04440-0597,1.6,2213,35.8,565,3.916814159,0.063362832,0.255309535
OWW04440-0599,1.68,160,7.7,35,4.571428571,0.22,0.21875
OWW04440-0605,16.07,3706,1.5,223,16.61883408,0.006726457,0.060172693
OWW04440-0608,3.92,8406,531.6,66,127.3636364,8.054545455,0.007851535
OWW04440-0611,1.39,2097,140.8,151,13.88741722,0.932450331,0.07200763
OWW04440-0612,1.32,1883,123.7,12,156.9166667,10.30833333,0.006372809
OWW04440-0616,5.12,424,5.1,41,10.34146341,0.124390244,0.096698113
OWW04440-0617,5.88,458,5.9,31,14.77419355,0.190322581,0.06768559
OWW04440-0618,2.17,206,2.9,13,15.84615385,0.223076923,0.063106796
OWW04440-0620,6.72,661,25.8,20,33.05,1.29,0.030257186
OWW04440-0624,3.36,430,6.5,51,8.431372549,0.12745098,0.118604651
OWW04440-0625,11.46,1438,25.1,419,3.431980907,0.059904535,0.291376912
OWW04440-0626,3.2,328,5.3,27,12.14814815,0.196296296,0.082317073
OWW04440-0629,7.47,195,0,2,97.5,0,0.01025641
OWW04440-0630,1.74,294,9.5,10,29.4,0.95,0.034013605
OWW04440-0631,3.97,381,20.3,16,23.8125,1.26875,0.041994751
OWW04440-0632,2.5,13475,915.5,43,313.372093,21.29069767,0.003191095
OWW04440-0634,1.66,3631,236.5,12,302.5833333,19.70833333,0.003304875
OWW04440-0636,2.89,2328,132.1,79,29.46835443,1.672151899,0.033934708
OWW04440-0640,1.89,86,1.9,6,14.33333333,0.316666667,0.069767442
OWW04440-0646,2.61,674,35.1,26,25.92307692,1.35,0.038575668
OWW04440-0647,12.98,2663,96.3,130,20.48461538,0.740769231,0.048817124
OWW04440-0649,9.53,761,0,547,1.391224863,0,0.718791064
OWW04440-0650,4.61,2078,137.4,37,56.16216216,3.713513514,0.017805582
OWW04440-0651,3.37,238,2.4,21,11.33333333,0.114285714,0.088235294
OWW04440-0657,1.94,521,28.4,1,521,28.4,0.001919386
OWW04440-0658,3.07,230,4,11,20.90909091,0.363636364,0.047826087
OWW04440-0660,1.84,394,24.7,2,197,12.35,0.005076142
OWW04440-0661,5.58,629,7.2,110,5.718181818,0.065454545,0.174880763
OWW04440-0663,11.06,508,0.8,21,24.19047619,0.038095238,0.041338583
OWW04440-0665,28.05,1449,2.4,92,15.75,0.026086957,0.063492063
OWW04440-0666,2.66,220,4.9,4,55,1.225,0.018181818
OWW04440-0669,1.18,109,3.2,5,21.8,0.64,0.04587156
OWW04440-0670,1.76,1100,61.5,34,32.35294118,1.808823529,0.030909091
OWW04440-0672,2.24,390,8.9,56,6.964285714,0.158928571,0.143589744
OWW04440-0676,1.26,1530,95.4,40,38.25,2.385,0.026143791
OWW04440-0677,10.9,1434,28.1,122,11.75409836,0.230327869,0.085076709
OWW04440-0678,2.55,1054,63.7,19,55.47368421,3.352631579,0.018026565
OWW04440-0680,3.86,638,27.8,61,10.45901639,0.455737705,0.095611285
OWW04440-0682,2.14,595,36.9,4,148.75,9.225,0.006722689
OWW04440-0683,1.09,778,1.6,73,10.65753425,0.021917808,0.093830334
OWW04440-0686,1.91,645,15.9,42,15.35714286,0.378571429,0.065116279
OWW04440-0692,21.85,2181,58.6,607,3.593080725,0.096540362,0.278312701
OWW04440-0693,2.71,250,0.6,12,20.83333333,0.05,0.048
OWW04440-0694,0.94,129,5.9,2,64.5,2.95,0.015503876
OWW04440-0696,3.61,8816,579.3,48,183.6666667,12.06875,0.005444646
OWW04440-0697,1.95,187,4.5,7,26.71428571,0.642857143,0.037433155
OWW04440-0698,0.9,127,5.7,3,42.33333333,1.9,0.023622047
OWW04440-0700,4.22,828,15.9,110,7.527272727,0.144545455,0.132850242
OWW04440-0708,1.5,236,11.2,17,13.88235294,0.658823529,0.072033898
OWW04440-0709,0.77,146,5.1,3,48.66666667,1.7,0.020547945
OWW04440-0712,1.33,240,4.5,8,30,0.5625,0.033333333
OWW04440-0713,4.97,338,2,37,9.135135135,0.054054054,0.109467456
OWW04440-0717,2.25,110,0,4,27.5,0,0.036363636
OWW04440-0723,6.13,828,16.6,81,10.22222222,0.204938272,0.097826087
OWW04440-0725,0.74,144,5.6,4,36,1.4,0.027777778
OWW04440-0727,13.6,583,2.1,56,10.41071429,0.0375,0.096054888
OWW04440-0736,3.18,836,9.7,142,5.887323944,0.068309859,0.169856459
OWW04440-0739,4.91,1889,2.6,420,4.497619048,0.006190476,0.222339862
OWW04440-0743,2.58,1046,59.1,50,20.92,1.182,0.047801147
OWW04440-0747,NA,NA,NA,NA,NA,NA,NA
OWW04440-0750,1.9,225,10.3,5,45,2.06,0.022222222
OWW04440-0752,2.8,1828,120.9,29,63.03448276,4.168965517,0.015864333
OWW04440-0760,6.16,2113,15.7,275,7.683636364,0.057090909,0.130146711
OWW04440-0762,3.38,1738,109.3,17,102.2352941,6.429411765,0.009781358
OWW04440-0766,1.99,552,32.2,10,55.2,3.22,0.018115942
OWW04440-0771,3.12,273,3.2,97,2.81443299,0.032989691,0.355311355
OWW04440-0772,2.39,720,34.3,18,40,1.905555556,0.025
OWW04440-0773,3.88,508,0,119,4.268907563,0,0.234251969
OWW04440-0774,2.64,1150,65.9,22,52.27272727,2.995454545,0.019130435
OWW04440-0775,8.16,311,2.4,13,23.92307692,0.184615385,0.041800643
OWW04440-0784,1.89,9424,724.1,42,224.3809524,17.24047619,0.004456706
OWW04440-0785,0.97,294,16.4,1,294,16.4,0.003401361
OWW04440-0791,11.64,384,5.1,16,24,0.31875,0.041666667
OWW04440-0797,1.84,449,21.8,3,149.6666667,7.266666667,0.006681514
OWW04440-0798,0.7,74,1.1,10,7.4,0.11,0.135135135
OWW04440-0801,6.7,643,5.3,56,11.48214286,0.094642857,0.087091757
OWW04440-0803,3.65,494,11.6,35,14.11428571,0.331428571,0.070850202
OWW04440-0804,1.91,1289,80.8,15,85.93333333,5.386666667,0.011636928
OWW04440-0805,0.49,226,12.7,8,28.25,1.5875,0.03539823
OWW04440-0807,7.6,9693,745.4,150,64.62,4.969333333,0.015475085
OWW04440-0809,11.15,1199,17.7,222,5.400900901,0.07972973,0.185154295
OWW04440-0811,11.05,329,1.5,19,17.31578947,0.078947368,0.05775076
OWW04440-0814,2.87,360,10.3,15,24,0.686666667,0.041666667
OWW04440-0822,3.15,153,2.4,15,10.2,0.16,0.098039216
OWW04440-0823,14.8,796,2.5,175,4.548571429,0.014285714,0.219849246
OWW04440-0825,0.83,160,6.9,22,7.272727273,0.313636364,0.1375
OWW04440-0828,5.83,4454,267.6,142,31.36619718,1.884507042,0.031881455
OWW04440-0829,13.88,1440,12.7,228,6.315789474,0.055701754,0.158333333
OWW04440-0830,2.07,154,3.1,46,3.347826087,0.067391304,0.298701299
OWW04440-0835,3.45,314,3.1,28,11.21428571,0.110714286,0.089171975
OWW04440-0836,1.39,290,16.9,29,10,0.582758621,0.1
OWW04440-0841,1.57,176,8.5,14,12.57142857,0.607142857,0.079545455
OWW04440-0845,5,338,0,35,9.657142857,0,0.103550296
OWW04440-0846,0.58,1628,118.7,11,148,10.79090909,0.006756757
OWW04440-0849,6.13,331,5.4,16,20.6875,0.3375,0.048338369
OWW04440-0853,0.84,71,1.3,2,35.5,0.65,0.028169014
OWW04440-0854,2.29,133,5.1,21,6.333333333,0.242857143,0.157894737
OWW04440-0857,3.39,225,0,26,8.653846154,0,0.115555556
OWW04440-0861,5.25,253,1,44,5.75,0.022727273,0.173913043
OWW04440-0862,2,68,1.2,10,6.8,0.12,0.147058824
OWW04440-0865,0.69,534,31,62,8.612903226,0.5,0.116104869
OWW04440-0877,3.53,539,0,18,29.94444444,0,0.033395176
OWW04440-0878,0.77,244,15.5,4,61,3.875,0.016393443
OWW04440-0886,1.91,514,28.5,76,6.763157895,0.375,0.147859922
OWW04440-0889,8.31,1099,1.6,232,4.737068966,0.006896552,0.211101001
OWW04440-0899,6.98,904,1,79,11.44303797,0.012658228,0.087389381
OWW04440-0901,5.34,447,3.5,92,4.858695652,0.038043478,0.205816555
OWW04440-0910,1.35,296,15.8,5,59.2,3.16,0.016891892
OWW04440-0913,2.46,268,16.3,2,134,8.15,0.007462687
OWW04440-0917,4.08,499,1.5,14,35.64285714,0.107142857,0.028056112
OWW04440-0921,10.6,1171,0.6,501,2.337325349,0.001197605,0.427839454
OWW04440-0932,0.81,25,0.7,21,1.19047619,0.033333333,0.84
OWW04440-0937,4.37,344,10,29,11.86206897,0.344827586,0.084302326
OWW04440-0945,7.57,560,4.7,337,1.661721068,0.013946588,0.601785714
OWW04440-0950,2.01,54,0.8,16,3.375,0.05,0.296296296
OWW04440-0953,1.07,214,9.7,9,23.77777778,1.077777778,0.042056075
OWW04440-0963,8.46,2159,0,758,2.84828496,0,0.351088467
OWW04440-0964,1.24,470,28.7,11,42.72727273,2.609090909,0.023404255
OWW04440-0969,16.51,1590,0,1732,0.918013857,0,1.089308176
OWW04440-0974,0.89,61,2.6,3,20.33333333,0.866666667,0.049180328
OWW04440-0980,8.87,444,4.7,65,6.830769231,0.072307692,0.146396396
OWW04440-0985,1.26,366,13.1,12,30.5,1.091666667,0.032786885
OWW04440-0989,15.03,1513,0,1820,0.831318681,0,1.20290813
OWW04440-0993,2.11,179,4.4,14,12.78571429,0.314285714,0.07821229
OWW04440-1001,1.26,80,3.2,56,1.428571429,0.057142857,0.7
OWW04440-1006,2.84,678,37,21,32.28571429,1.761904762,0.030973451
OWW04440-1022,1.46,104,1.6,2,52,0.8,0.019230769
OWW04440-1028,2.23,641,38.2,31,20.67741935,1.232258065,0.048361934
OWW04440-1037,1.37,88,1.6,104,0.846153846,0.015384615,1.181818182
OWW04440-1038,1.3,337,20.1,9,37.44444444,2.233333333,0.026706231
OWW04440-1041,1.56,94,0.8,17,5.529411765,0.047058824,0.180851064
OWW04440-1054,1.19,334,2.3,57,5.859649123,0.040350877,0.170658683
OWW04440-1056,5.71,948,36.3,182,5.208791209,0.199450549,0.191983122
OWW04440-1059,4.21,3069,160.8,304,10.09539474,0.528947368,0.099055067
OWW04440-1061,27.63,2054,2.6,596,3.446308725,0.004362416,0.290165531
OWW04440-1069,1.59,590,32.4,214,2.757009346,0.151401869,0.362711864
OWW04440-1070,0.53,38,1.5,2,19,0.75,0.052631579
OWW04440-1086,4.98,295,0.9,24,12.29166667,0.0375,0.081355932
OWW04440-1088,1.55,196,8.6,4,49,2.15,0.020408163
OWW04440-1101,4.77,204,0.8,44,4.636363636,0.018181818,0.215686275
OWW04440-1125,5.27,455,13.6,36,12.63888889,0.377777778,0.079120879
OWW04440-1141,3.05,989,48.9,10,98.9,4.89,0.010111223
OWW04440-1377,2.9,101,0,32,3.15625,0,0.316831683
VAEQ99-0421,1.5,605,35.4,16,37.8125,2.2125,0.026446281
VAEQ99-0422,1.79,76,1.1,6,12.66666667,0.183333333,0.078947368
VAEQ99-0425,2.31,785,51.9,133,5.902255639,0.390225564,0.169426752
VAEQ99-0426,1.32,90,1.4,3,30,0.466666667,0.033333333
VAEQ99-0427,1.43,66,0.7,2,33,0.35,0.03030303
VAEQ99-0433,1.28,348,9.5,100,3.48,0.095,0.287356322
VAEQ99-0434,4.95,438,4.6,21,20.85714286,0.219047619,0.047945205
VAEQ99-0436,2.05,185,7,37,5,0.189189189,0.2
VAEQ99-0437,1.95,1235,79.3,5,247,15.86,0.004048583
VAEQ99-0438,1.05,276,15.9,1,276,15.9,0.003623188
VAEQ99-0441,2.22,440,18.4,36,12.22222222,0.511111111,0.081818182
VAEQ99-0442,1.09,761,50.5,10,76.1,5.05,0.013140604
VAEQ99-0443,1.71,155,4.6,10,15.5,0.46,0.064516129
VAEQ99-0444,1.42,100,1,19,5.263157895,0.052631579,0.19
VAEQ99-0445,7.25,264,1,44,6,0.022727273,0.166666667
VAEQ99-0446,6.23,335,3.5,18,18.61111111,0.194444444,0.053731343
VAEQ99-0447,2.25,781,24.9,20,39.05,1.245,0.025608195
VAEQ99-0448,1.88,1840,120.5,112,16.42857143,1.075892857,0.060869565
VAEQ99-0449,1.91,996,53.7,72,13.83333333,0.745833333,0.072289157
VAEQ99-0451,1.48,718,41.8,59,12.16949153,0.708474576,0.082172702
VAEQ99-0453,5.01,355,9.6,31,11.4516129,0.309677419,0.087323944
VAEQ99-0455,3.09,566,21.7,38,14.89473684,0.571052632,0.067137809
VAEQ99-0456,2.84,561,13.1,116,4.836206897,0.112931034,0.206773619
VAEQ99-0459,1.53,150,0.9,22,6.818181818,0.040909091,0.146666667
VAEQ99-0461,1.68,579,20.4,31,18.67741935,0.658064516,0.053540587
VAEQ99-0464,1.28,286,15.4,12,23.83333333,1.283333333,0.041958042
VAEQ99-0467,2.21,684,36.7,18,38,2.038888889,0.026315789
VAEQ99-0468,0.95,344,17.7,30,11.46666667,0.59,0.087209302
VAEQ99-0475,1.09,135,6.6,2,67.5,3.3,0.014814815
VAEQ99-0476,1.14,128,5.1,2,64,2.55,0.015625
VAEQ99-0478,1,130,2.8,2,65,1.4,0.015384615
VAEQ99-0479,4.02,580,20.9,34,17.05882353,0.614705882,0.05862069
VAEQ99-0480,4.76,1509,12.9,95,15.88421053,0.135789474,0.0629556
VAEQ99-0481,1.13,343,12.2,38,9.026315789,0.321052632,0.110787172
VAEQ99-0482,0.87,568,36.2,6,94.66666667,6.033333333,0.01056338
VAEQ99-0483,1.05,298,15.4,20,14.9,0.77,0.067114094
VAEQ99-0484,2.06,198,6.8,5,39.6,1.36,0.025252525
VAEQ99-0486,1.67,535,31.9,18,29.72222222,1.772222222,0.03364486
VAEQ99-0487,1.41,170,6.1,3,56.66666667,2.033333333,0.017647059
VAEQ99-0489,1.09,674,38.4,30,22.46666667,1.28,0.044510386
WAZP99-0512,0.96,930,51.4,15,62,3.426666667,0.016129032
WAZP99-0537,1.83,310,0,19,16.31578947,0,0.061290323
WAZP99-0539,0.78,166,3.6,42,3.952380952,0.085714286,0.253012048
WAZP99-0545,2.01,324,0,92,3.52173913,0,0.283950617
WAZP99-0551,0.46,371,2.1,14,26.5,0.15,0.037735849
WAZP99-0568,1.72,174,0,58,3,0,0.333333333
WAZP99-0569,0.75,66,3.6,37,1.783783784,0.097297297,0.560606061
WAZP99-0590,0.66,64,1.1,5,12.8,0.22,0.078125
WAZP99-0598,0.49,61,4.3,33,1.848484848,0.13030303,0.540983607
WAZP99-0599,1.05,157,2.1,30,5.233333333,0.07,0.191082803
WAZP99-0605,1.45,174,0,61,2.852459016,0,0.350574713
WAZP99-0615,1.52,363,0,109,3.330275229,0,0.300275482
WAZP99-0619,4.06,684,10.7,203,3.369458128,0.05270936,0.296783626
WAZP99-0632,2.01,265,4.3,45,5.888888889,0.095555556,0.169811321
WAZP99-0639,2.06,91,0,92,0.989130435,0,1.010989011
WAZP99-0645,2.88,285,2.1,161,1.770186335,0.013043478,0.564912281
WAZP99-0648,0.67,155,3.6,62,2.5,0.058064516,0.4
WAZP99-0649,3.6,410,4.3,17,24.11764706,0.252941176,0.041463415
WAZP99-0653,1.36,110,2.1,2,55,1.05,0.018181818
WAZP99-0669,2.63,210,2.9,72,2.916666667,0.040277778,0.342857143
WAZP99-0681,1.99,133,0,40,3.325,0,0.30075188
WAZP99-0687,1.43,55,0,39,1.41025641,0,0.709090909
WAZP99-0701,7.03,494,7.1,69,7.15942029,0.102898551,0.139676113
WAZP99-0712,0.8,392,9.3,32,12.25,0.290625,0.081632653
WAZP99-0716,1.25,109,2.9,16,6.8125,0.18125,0.146788991
WAZP99-0722,1.98,141,1.4,61,2.31147541,0.02295082,0.432624113
WAZP99-0744,2.27,771,20.7,170,4.535294118,0.121764706,0.220492866
WAZP99-0750,1,113,0,80,1.4125,0,0.707964602
WAZP99-0768,0.66,74,1.2,6,12.33333333,0.2,0.081081081
WAZP99-0783,0.72,210,5.7,40,5.25,0.1425,0.19047619
WAZP99-0828,2.69,409,2.1,46,8.891304348,0.045652174,0.112469438
WAZP99-0833,1.94,119,0,8,14.875,0,0.067226891
WAZP99-0839,1.96,115,2.9,38,3.026315789,0.076315789,0.330434783
WAZP99-0840,20.5,1706,2.1,123,13.8699187,0.017073171,0.072098476
WAZP99-0851,2.44,250,4.3,13,19.23076923,0.330769231,0.052
WAZP99-0861,0.89,1523,97.1,221,6.891402715,0.439366516,0.145108339
WAZP99-0863,1.38,190,0,30,6.333333333,0,0.157894737
WAZP99-0868,0.89,81,0,49,1.653061224,0,0.604938272
WAZP99-0876,3.89,404,0,51,7.921568627,0,0.126237624
WAZP99-0888,1.77,119,2.9,43,2.76744186,0.06744186,0.361344538
WAZP99-0893,0.84,98,2.1,12,8.166666667,0.175,0.12244898
WAZP99-0906,4.11,455,0,113,4.026548673,0,0.248351648
WCAP99-0501,1.81,91,0,13,7,0,0.142857143
WCAP99-0503,0.77,63,0,1,63,0,0.015873016
WCAP99-0505,0.68,94,3.6,2,47,1.8,0.021276596
WCAP99-0506,2.33,248,2.9,45,5.511111111,0.064444444,0.181451613
WCAP99-0509,1.27,71,0,3,23.66666667,0,0.042253521
WCAP99-0512,0.88,579,34.7,2,289.5,17.35,0.003454231
WCAP99-0515,0.57,59,0,2,29.5,0,0.033898305
WCAP99-0521,0.54,101,0,4,25.25,0,0.03960396
WCAP99-0527,0.97,203,7.9,23,8.826086957,0.343478261,0.113300493
WCAP99-0534,2.52,468,19.3,34,13.76470588,0.567647059,0.072649573
WCAP99-0535,3.24,188,0,19,9.894736842,0,0.10106383
WCAP99-0536,0.87,63,0,4,15.75,0,0.063492063
WCAP99-0539,1.96,304,10,66,4.606060606,0.151515152,0.217105263
WCAP99-0540,2.68,289,0,17,17,0,0.058823529
WCAP99-0542,3.51,253,2.1,137,1.846715328,0.015328467,0.541501976
WCAP99-0550,1.38,228,3.6,59,3.86440678,0.061016949,0.25877193
WCAP99-0552,2.12,286,11.4,86,3.325581395,0.13255814,0.300699301
WCAP99-0558,1.65,280,5,51,5.490196078,0.098039216,0.182142857
WCAP99-0560,1.37,110,0,4,27.5,0,0.036363636
WCAP99-0563,1.93,104,2.1,32,3.25,0.065625,0.307692308
WCAP99-0574,0.76,65,2.1,24,2.708333333,0.0875,0.369230769
WCAP99-0581,1.55,135,0,8,16.875,0,0.059259259
WCAP99-0583,1.25,70,2.9,14,5,0.207142857,0.2
WCAP99-0587,1.48,509,28.6,27,18.85185185,1.059259259,0.053045187
WCAP99-0590,0.81,94,4.3,28,3.357142857,0.153571429,0.29787234
WCAP99-0592,1.42,91,2.1,2,45.5,1.05,0.021978022
WCAP99-0593,0.63,174,7.9,21,8.285714286,0.376190476,0.120689655
WCAP99-0598,0.61,50,2.5,11,4.545454545,0.227272727,0.22
WCAP99-0600,2.62,244,7.1,10,24.4,0.71,0.040983607
WCAP99-0604,0.87,100,2.1,4,25,0.525,0.04
WCAP99-0605,0.87,74,2.9,2,37,1.45,0.027027027
WCAP99-0606,1.19,106,2.9,11,9.636363636,0.263636364,0.103773585
WCAP99-0613,0.77,98,4.3,7,14,0.614285714,0.071428571
WCAP99-0614,1.18,140,0,10,14,0,0.071428571
WCAP99-0618,1.22,101,0,12,8.416666667,0,0.118811881
WCAP99-0619,1.41,141,7.9,7,20.14285714,1.128571429,0.04964539
WCAP99-0624,4.2,5113,332.7,1536,3.328776042,0.216601563,0.300410718
WCAP99-0625,0.49,70,5,30,2.333333333,0.166666667,0.428571429
WCAP99-0629,1.1,51,0,10,5.1,0,0.196078431
WCAP99-0654,4.7,48219,3438.3,41,1176.073171,83.86097561,0.000850287
WCAP99-0658,4,145,0,23,6.304347826,0,0.15862069
WCAP99-0662,1.73,141,2.9,12,11.75,0.241666667,0.085106383
WCAP99-0669,4.61,348,0,11,31.63636364,0,0.031609195
WCAP99-0674,0.82,119,5,21,5.666666667,0.238095238,0.176470588
WCAP99-0677,2.86,154,0,192,0.802083333,0,1.246753247
WCAP99-0679,2.19,141,0,30,4.7,0,0.212765957
WCAP99-0682,1.81,226,5.7,24,9.416666667,0.2375,0.10619469
WCAP99-0683,0.68,110,4.3,31,3.548387097,0.138709677,0.281818182
WCAP99-0742,0.91,171,0,23,7.434782609,0,0.134502924
WCAP99-0744,0.6,48,3.6,12,4,0.3,0.25
WCAP99-0746,1.89,141,3.6,12,11.75,0.3,0.085106383
WCAP99-0747,1.49,1433,83.5,36,39.80555556,2.319444444,0.025122121
WCAP99-0748,0.77,7400,509.7,41,180.4878049,12.43170732,0.005540541
WCAP99-0750,0.63,15,0,4,3.75,0,0.266666667
WCAP99-0755,0.5,44,2.1,0,NA,NA,NA
WCAP99-0756,0.67,64,0,25,2.56,0,0.390625
WCAP99-0758,1.03,105,0,3,35,0,0.028571429
WCAP99-0759,1.2,63,0,31,2.032258065,0,0.492063492
WCAP99-0760,0.62,81,2.9,9,9,0.322222222,0.111111111
WCAP99-0761,0.59,40,0,28,1.428571429,0,0.7
WCAP99-0764,3.54,308,3.6,86,3.581395349,0.041860465,0.279220779
WCAP99-0767,1.35,88,0,3,29.33333333,0,0.034090909
WCAP99-0768,0.9,94,2.9,6,15.66666667,0.483333333,0.063829787
WCAP99-0777,1.73,81,2.1,3,27,0.7,0.037037037
WCAP99-0779,1.47,175,0,2,87.5,0,0.011428571
WCAP99-0780,2.23,130,2.1,15,8.666666667,0.14,0.115384615
WCAP99-0785,3.88,12150,708.9,265,45.8490566,2.67509434,0.0218107
WCAP99-0787,0.68,74,0,9,8.222222222,0,0.121621622
WCAP99-0794,2.86,131,2.9,7,18.71428571,0.414285714,0.053435115
WCAP99-0795,1.66,84,0,3,28,0,0.035714286
WCAP99-0796,0.89,48,0,3,16,0,0.0625
WCAP99-0798,3.6,209,0,34,6.147058824,0,0.162679426
WCAP99-0803,0.96,89,4.3,2,44.5,2.15,0.02247191
WCAP99-0806,1.84,3720,253.4,568,6.549295775,0.446126761,0.152688172
WCAP99-0809,3.76,1641,3.6,40,41.025,0.09,0.024375381
WCAP99-0810,0.68,159,4.3,9,17.66666667,0.477777778,0.056603774
WCAP99-0811,0.72,53,2.1,2,26.5,1.05,0.037735849
WCAP99-0812,0.75,318,4.3,11,28.90909091,0.390909091,0.034591195
WCAP99-0816,1.31,113,0,8,14.125,0,0.07079646
WCAP99-0824,1.23,98,2.9,1,98,2.9,0.010204082
WCAP99-0825,0.67,38,0,1,38,0,0.026315789
WCAP99-0831,0.8,93,5,14,6.642857143,0.357142857,0.150537634
WCAP99-0832,0.81,45,2.1,14,3.214285714,0.15,0.311111111
WCAP99-0833,0.98,576,35.7,20,28.8,1.785,0.034722222
WCAP99-0835,4.11,349,2.1,59,5.915254237,0.03559322,0.169054441
WCAP99-0837,0.67,46,1.4,2,23,0.7,0.043478261
WCAP99-0838,3.45,98,4.3,45,2.177777778,0.095555556,0.459183673
WCAP99-0843,0.67,26,0,14,1.857142857,0,0.538461539
WCAP99-0844,0.91,56,1.4,38,1.473684211,0.036842105,0.678571428
WCAP99-0845,1.35,50,0,21,2.380952381,0,0.42
WCAP99-0857,0.92,180,3.6,10,18,0.36,0.055555556
WCAP99-0860,1.27,104,0,37,2.810810811,0,0.355769231
WCAP99-0862,0.36,80,5.7,4,20,1.425,0.05
WCAP99-0864,1.14,60,0,2,30,0,0.033333333
WCAP99-0867,2.92,580,8.6,277,2.093862816,0.031046931,0.477586207
WCAP99-0883,0.65,221,12.1,4,55.25,3.025,0.018099548
WCAP99-0885,0.99,129,0,14,9.214285714,0,0.108527132
WCAP99-0888,2.5,7244,538.3,3,2414.666667,179.4333333,0.000414136
WCAP99-0891,2.39,228,0,5,45.6,0,0.021929825
WCAP99-0895,1.11,180,3.6,8,22.5,0.45,0.044444444
WCAP99-0896,1.4,364,18.6,9,40.44444444,2.066666667,0.024725275
WCAP99-0898,1.98,718,40.7,2,359,20.35,0.002785515
WCAP99-0899,4.48,1271,53.5,1393,0.912419239,0.038406317,1.095987412
WCAP99-0900,4.03,279,0,27,10.33333333,0,0.096774194
WCAP99-0905,1.25,83,0,4,20.75,0,0.048192771
WCAP99-0984,1.36,110,5.7,13,8.461538462,0.438461538,0.118181818
WCAP99-0988,0.46,98,6.4,1,98,6.4,0.010204082
WCAP99-0989,2.67,7744,534.7,994,7.790744467,0.537927565,0.128357438
WCAP99-0991,1.04,55,0,2,27.5,0,0.036363636
WCAP99-1000,1.24,1539,80,349,4.40974212,0.229226361,0.22677063
WCAP99-1002,1,59,0,10,5.9,0,0.169491525
WCAP99-1005,0.67,181,7.9,13,13.92307692,0.607692308,0.071823204
WCAP99-1008,0.73,288,2.9,2,144,1.45,0.006944444
WCAP99-1013,1.07,226,14.3,4,56.5,3.575,0.017699115
WCAP99-1014,3.12,174,0,21,8.285714286,0,0.120689655
WCAP99-1018,3,193,0,20,9.65,0,0.103626943
WCAP99-1020,0.64,179,9.3,12,14.91666667,0.775,0.067039106
WCAP99-1021,1.58,124,0,16,7.75,0,0.129032258
WCAP99-1027,1.51,1639,102.1,12,136.5833333,8.508333333,0.007321538
WCAP99-1028,1.62,90,0,10,9,0,0.111111111
WCAP99-1032,4.4,8525,397.6,2165,3.937644342,0.183648961,0.253958944
WCAP99-1035,0.76,24,0,2,12,0,0.083333333
WCAP99-1039,3.54,49719,3256.4,72,690.5416667,45.22777778,0.001448139
WCAP99-1043,1.69,418,18.6,15,27.86666667,1.24,0.035885167
WCAP99-1046,1.28,179,6.4,17,10.52941176,0.376470588,0.094972067
WCAP99-1048,1.9,296,3.6,65,4.553846154,0.055384615,0.219594595
WCAP99-1050,1.27,60,0,7,8.571428571,0,0.116666667
WCAP99-1051,3.44,439,20,21,20.9047619,0.952380952,0.047835991
WCAP99-1055,1,43,0,4,10.75,0,0.093023256
WCAP99-1056,0.89,99,1.4,12,8.25,0.116666667,0.121212121
WCAP99-1057,4.7,216,10.7,82,2.634146341,0.130487805,0.37962963
WCAP99-1060,0.6,90,4.3,5,18,0.86,0.055555556
WCAP99-1062,1.03,80,2.8,12,6.666666667,0.233333333,0.15
WCAP99-1063,0.67,108,5.4,17,6.352941176,0.317647059,0.157407407
WCAP99-1064,0.94,126,2.1,59,2.13559322,0.03559322,0.468253968
WCAP99-1065,0.53,33,0,5,6.6,0,0.151515152
WCAP99-1066,0.64,96,3.6,8,12,0.45,0.083333333
WCAP99-1067,1.19,73,0,4,18.25,0,0.054794521
WCAP99-1071,1.78,96,0,6,16,0,0.0625
WCAP99-1074,1.19,76,1.4,4,19,0.35,0.052631579
WCAP99-1075,0.79,38,0,38,1,0,1
WCAP99-1079,0.98,75,2.1,3,25,0.7,0.04
WCAP99-1090,1.49,244,12.9,9,27.11111111,1.433333333,0.036885246
WCAP99-1091,0.62,100,5.7,1,100,5.7,0.01
WCAP99-1092,0.69,66,2.1,11,6,0.190909091,0.166666667
WCAP99-1096,1.66,134,9.3,52,2.576923077,0.178846154,0.388059701
WCAP99-1100,0.76,82,1.4,12,6.833333333,0.116666667,0.146341463
WCAP99-1102,2.99,278,0,25,11.12,0,0.089928058
WCAP99-1104,5.2,706,2.9,796,0.886934673,0.003643216,1.127478754
WCAP99-1106,2.8,73,2.1,86,0.848837209,0.024418605,1.178082192
WCAP99-1111,0.39,349,21.4,6,58.16666667,3.566666667,0.017191977
WCAP99-1125,3.39,8756,453.1,57,153.6140351,7.949122807,0.006509822
WCAP99-1127,1.49,209,7.9,13,16.07692308,0.607692308,0.062200957
WCAP99-1131,3.92,8063,434.8,35,230.3714286,12.42285714,0.004340816
WCAP99-1132,0.39,41,2.9,6,6.833333333,0.483333333,0.146341463
WCOP01-0734,4.38,451,5.7,174,2.591954023,0.032758621,0.385809313
WCOP01-0739,2.24,484,15.7,78,6.205128205,0.201282051,0.161157025
WCOP01-0765,3.5,2436,150.6,10,243.6,15.06,0.00410509
WCOP01-0769,2.18,275,6.4,19,14.47368421,0.336842105,0.069090909
WCOP01-0775,2.13,179,3.6,5,35.8,0.72,0.027932961
WCOP01-0777,1.89,566,22.8,29,19.51724138,0.786206897,0.051236749
WCOP01-0779,2.21,131,0,20,6.55,0,0.152671756
WCOP01-0809,2.08,128,2.9,15,8.533333333,0.193333333,0.1171875
WCOP01-0812,7.16,1708,49.5,361,4.731301939,0.137119114,0.211358314
WCOP01-0817,4.6,3636,238.4,10,363.6,23.84,0.002750275
WCOP01-0819,4.49,425,0,65,6.538461538,0,0.152941176
WCOP01-0833,4.48,276,2.1,37,7.459459459,0.056756757,0.134057971
WCOP01-0836,4.93,656,10,62,10.58064516,0.161290323,0.094512195
WCOP01-0838,3.99,298,0,18,16.55555556,0,0.060402685
WCOP99-0502,0.58,76,2.1,16,4.75,0.13125,0.210526316
WCOP99-0503,0.78,106,5,1,106,5,0.009433962
WCOP99-0505,1.53,88,2.1,3,29.33333333,0.7,0.034090909
WCOP99-0506,9.01,566,0,8,70.75,0,0.014134276
WCOP99-0507,1.84,159,4.3,25,6.36,0.172,0.157232704
WCOP99-0508,1.67,58,2.1,22,2.636363636,0.095454545,0.379310345
WCOP99-0510,2.49,6981,526.2,23,303.5217391,22.87826087,0.003294657
WCOP99-0511,1.32,89,4.3,2,44.5,2.15,0.02247191
WCOP99-0512,3.23,255,0,13,19.61538462,0,0.050980392
WCOP99-0513,1.54,124,4.3,18,6.888888889,0.238888889,0.14516129
WCOP99-0515,6.76,370,0,49,7.551020408,0,0.132432432
WCOP99-0516,4.3,280,0,25,11.2,0,0.089285714
WCOP99-0518,0.89,180,10,1,180,10,0.005555556
WCOP99-0563,6.83,470,0,4,117.5,0,0.008510638
WCOP99-0565,4.91,409,0,38,10.76315789,0,0.092909535
WCOP99-0566,4.54,1220,61.4,154,7.922077922,0.398701299,0.126229508
WCOP99-0567,4.04,135,1.4,2,67.5,0.7,0.014814815
WCOP99-0568,2.22,168,2.1,32,5.25,0.065625,0.19047619
WCOP99-0569,3.27,224,3.6,21,10.66666667,0.171428571,0.09375
WCOP99-0572,6.43,290,0,74,3.918918919,0,0.255172414
WCOP99-0574,0.63,145,0,17,8.529411765,0,0.117241379
WCOP99-0577,3.2,229,6.4,4,57.25,1.6,0.017467249
WCOP99-0578,2.39,150,0,5,30,0,0.033333333
WCOP99-0591,1.91,95,0,3,31.66666667,0,0.031578947
WCOP99-0593,3.16,181,7.9,8,22.625,0.9875,0.044198895
WCOP99-0595,0.95,315,15.7,18,17.5,0.872222222,0.057142857
WCOP99-0597,3.03,133,0,25,5.32,0,0.187969925
WCOP99-0599,0.7,196,12.9,0,NA,NA,NA
WCOP99-0601,4.08,390,0,9,43.33333333,0,0.023076923
WCOP99-0621,3.93,439,7.1,11,39.90909091,0.645454545,0.025056948
WCOP99-0622,4.76,263,2.9,6,43.83333333,0.483333333,0.022813688
WCOP99-0626,0.96,151,5,12,12.58333333,0.416666667,0.079470199
WCOP99-0627,3.62,224,5.7,176,1.272727273,0.032386364,0.785714286
WCOP99-0629,2.47,166,4.3,33,5.03030303,0.13030303,0.198795181
WCOP99-0632,1.06,223,11.9,1,223,11.9,0.004484305
WCOP99-0633,3.08,131,1.4,5,26.2,0.28,0.038167939
WCOP99-0634,0.51,106,5.7,6,17.66666667,0.95,0.056603774
WCOP99-0637,4.63,244,1.4,17,14.35294118,0.082352941,0.069672131
WCOP99-0638,2.2,199,2.2,28,7.107142857,0.078571429,0.140703518
WCOP99-0646,7.98,566,2.1,25,22.64,0.084,0.044169611
WCOP99-0647,1.31,141,5,3,47,1.666666667,0.021276596
WCOP99-0649,0.93,109,2.9,1,109,2.9,0.009174312
WCOP99-0650,1.95,114,0,9,12.66666667,0,0.078947368
WCOP99-0670,6.19,250,0,14,17.85714286,0,0.056
WCOP99-0672,5.47,500,0,131,3.816793893,0,0.262
WIDP99-0501,0.82,213,11.4,1,213,11.4,0.004694836
WIDP99-0502,0.95,49,0,7,7,0,0.142857143
WIDP99-0503,2.52,79,0,14,5.642857143,0,0.17721519
WIDP99-0504,0.6,39,2.1,1,39,2.1,0.025641026
WIDP99-0508,0.7,139,5.7,5,27.8,1.14,0.035971223
WIDP99-0510,1.17,399,24.3,1,399,24.3,0.002506266
WIDP99-0511,1.05,69,2.1,6,11.5,0.35,0.086956522
WIDP99-0514,1.37,59,0,10,5.9,0,0.169491525
WIDP99-0515,0.76,214,13.6,19,11.26315789,0.715789474,0.088785047
WIDP99-0516,1.23,81,0,11,7.363636364,0,0.135802469
WIDP99-0520,1.13,68,2.9,17,4,0.170588235,0.25
WIDP99-0524,0.88,98,2.9,14,7,0.207142857,0.142857143
WIDP99-0595,1.66,185,0,49,3.775510204,0,0.264864865
WIDP99-0596,1.88,254,13.6,67,3.791044776,0.202985075,0.263779528
WIDP99-0597,5.04,344,3.6,84,4.095238095,0.042857143,0.244186047
WIDP99-0599,1.25,38,0,1,38,0,0.026315789
WIDP99-0600,2.06,141,0,88,1.602272727,0,0.624113475
WIDP99-0602,1.21,54,0,4,13.5,0,0.074074074
WIDP99-0603,1.83,166,0,34,4.882352941,0,0.204819277
WIDP99-0605,1.1,64,0,5,12.8,0,0.078125
WIDP99-0607,3.07,128,0,9,14.22222222,0,0.0703125
WIDP99-0610,1.01,119,0,25,4.76,0,0.210084034
WIDP99-0611,1.59,76,0,1,76,0,0.013157895
WIDP99-0613,2.37,78,0,23,3.391304348,0,0.294871795
WIDP99-0614,1.21,99,5,2,49.5,2.5,0.02020202
WIDP99-0615,0.89,55,0,12,4.583333333,0,0.218181818
WIDP99-0690,2.47,99,2.1,5,19.8,0.42,0.050505051
WIDP99-0694,1.83,179,2.9,25,7.16,0.116,0.139664804
WIDP99-0695,1.15,83,0,39,2.128205128,0,0.469879518
WIDP99-0697,0.64,94,5.7,2,47,2.85,0.021276596
WIDP99-0698,2.59,767,33.6,113,6.787610619,0.297345133,0.147327249
WIDP99-0699,2.02,148,5,39,3.794871795,0.128205128,0.263513514
WIDP99-0700,1.92,9931,671.8,182,54.56593407,3.691208791,0.018326453
WIDP99-0701,0.73,84,0,38,2.210526316,0,0.452380952
WIDP99-0724,1.01,66,0,49,1.346938776,0,0.742424242
WIDP99-0725,1.78,136,2.9,29,4.689655172,0.1,0.213235294
WIDP99-0726,2.76,151,0,32,4.71875,0,0.21192053
WIDP99-0727,0.96,138,5,11,12.54545455,0.454545455,0.079710145
WIDP99-0729,1.06,89,2.9,3,29.66666667,0.966666667,0.033707865
WIDP99-0737,1.45,121,2.1,21,5.761904762,0.1,0.173553719
WIDP99-0738,2.15,144,1.4,16,9,0.0875,0.111111111
WIDP99-0768,2.04,221,3.6,32,6.90625,0.1125,0.14479638
WIDP99-0769,0.62,104,0,3,34.66666667,0,0.028846154
WIDP99-0770,1.56,83,0,19,4.368421053,0,0.228915663
WIDP99-0772,0.98,319,4.3,76,4.197368421,0.056578947,0.238244514
WMTP99-0503,0.84,38,1.3,5,7.6,0.26,0.131578947
WMTP99-0505,3,183,0,27,6.777777778,0,0.147540984
WMTP99-0507,0.79,67,2.1,2,33.5,1.05,0.029850746
WMTP99-0509,3.74,223,7.1,85,2.623529412,0.083529412,0.381165919
WMTP99-0510,2.79,209,5,14,14.92857143,0.357142857,0.066985646
WMTP99-0515,0.64,44,0,1,44,0,0.022727273
WMTP99-0516,1.25,98,3.6,5,19.6,0.72,0.051020408
WMTP99-0517,1.04,34,0,2,17,0,0.058823529
WMTP99-0518,1.19,85,1.4,7,12.14285714,0.2,0.082352941
WMTP99-0521,2,83,0,32,2.59375,0,0.385542169
WMTP99-0523,0.62,900,5.7,2,450,2.85,0.002222222
WMTP99-0600,0.8,49,0,2,24.5,0,0.040816327
WMTP99-0604,7.95,556,0,22,25.27272727,0,0.039568345
WMTP99-0607,0.58,66,2.9,0,NA,NA,NA
WMTP99-0608,0.8,76,5,1,76,5,0.013157895
WMTP99-0609,2.08,95,0,1,95,0,0.010526316
WMTP99-0613,1.47,885,52.1,5,177,10.42,0.005649718
WMTP99-0628,2.06,114,0,2,57,0,0.01754386
WMTP99-0633,4.46,128,0,8,16,0,0.0625
WMTP99-0635,39.27,4200,2.9,452,9.292035398,0.006415929,0.107619048
WMTP99-0648,9.9,789,0,40,19.725,0,0.050697085
WMTP99-0653,9.27,1334,0,166,8.036144578,0,0.124437781
WMTP99-0697,5.57,455,0,19,23.94736842,0,0.041758242
WMTP99-0698,1.98,134,0,15,8.933333333,0,0.111940299
WMTP99-0699,0.89,154,0,13,11.84615385,0,0.084415584
WMTP99-0701,0.77,129,5.7,7,18.42857143,0.814285714,0.054263566
WMTP99-0702,1.29,134,2.1,19,7.052631579,0.110526316,0.141791045
WMTP99-0703,0.76,161,7.1,0,NA,NA,NA
WMTP99-0704,2.55,185,3.6,25,7.4,0.144,0.135135135
WMTP99-0705,1.54,64,0,9,7.111111111,0,0.140625
WMTP99-0707,1.48,210,4.3,7,30,0.614285714,0.033333333
WMTP99-0712,3.34,1633,69.2,196,8.331632653,0.353061224,0.120024495
WMTP99-0713,0.71,128,5.8,1,128,5.8,0.0078125
WMTP99-0715,3.99,629,7.1,68,9.25,0.104411765,0.108108108
WMTP99-0716,2.06,71,0,1,71,0,0.014084507
WMTP99-0719,3.28,194,2,102,1.901960784,0.019607843,0.525773196
WMTP99-0721,1.67,113,0,13,8.692307692,0,0.115044248
WMTP99-0722,1.19,176,10.8,1,176,10.8,0.005681818
WMTP99-0723,2.06,99,1.4,7,14.14285714,0.2,0.070707071
WMTP99-0727,0.91,306,11.4,11,27.81818182,1.036363636,0.035947712
WMTP99-0729,1.96,115,0,18,6.388888889,0,0.156521739
WMTP99-0731,5.27,1060,8.2,534,1.985018727,0.015355805,0.503773585
WMTP99-0733,2.16,723,28.6,191,3.785340314,0.14973822,0.26417704
WMTP99-0745,2.02,226,3.3,53,4.264150943,0.062264151,0.234513274
WMTP99-0748,5.8,788,2.1,420,1.876190476,0.005,0.532994924
WMTP99-0749,1.12,138,4.6,4,34.5,1.15,0.028985507
WMTP99-0793,4.33,616,0,107,5.757009346,0,0.173701299
WMTP99-0801,0.95,203,10,18,11.27777778,0.555555556,0.088669951
WMTP99-0803,1.81,163,0,19,8.578947368,0,0.116564417
WMTP99-0804,10.57,721,0,15,48.06666667,0,0.020804438
WMTP99-0836,1.1,83,4.3,3,27.66666667,1.433333333,0.036144578
WMTP99-0837,1.11,43,2.9,1,43,2.9,0.023255814
WMTP99-0838,2.03,174,2.1,18,9.666666667,0.116666667,0.103448276
WMTP99-0839,0.82,78,2.9,4,19.5,0.725,0.051282051
WNDP99-0505,8.58,954,2.9,228,4.184210526,0.012719298,0.238993711
WNDP99-0506,13.67,1994,28.6,326,6.116564417,0.087730061,0.163490471
WNDP99-0507,14.05,948,0,17,55.76470588,0,0.017932489
WNDP99-0508,10.02,814,0,30,27.13333333,0,0.036855037
WNDP99-0514,9.84,3500,17.1,5418,0.645994832,0.003156146,1.548
WNDP99-0529,13.14,926,0,34,27.23529412,0,0.036717063
WNDP99-0531,15.73,1128,5,214,5.271028037,0.023364486,0.189716312
WNDP99-0539,9.75,976,2.1,65,15.01538462,0.032307692,0.066598361
WNDP99-0544,8.1,569,2.1,18,31.61111111,0.116666667,0.031634446
WNDP99-0546,5.21,5133,22.8,1485,3.456565657,0.015353535,0.2893045
WNDP99-0570,16.49,2065,4.3,541,3.817005545,0.007948244,0.261985472
WNDP99-0574,11.21,809,0,154,5.253246753,0,0.190358467
WNDP99-0575,6.82,1250,25,112,11.16071429,0.223214286,0.0896
WNDP99-0576,17.13,1701,5.7,144,11.8125,0.039583333,0.084656085
WNDP99-0578,20.44,1723,0,169,10.19526627,0,0.098084736
WNDP99-0580,13.63,2215,20.7,390,5.679487179,0.053076923,0.176072235
WNDP99-0582,17.07,1645,8.6,214,7.686915888,0.040186916,0.130091185
WNDP99-0584,11.41,1089,0,129,8.441860465,0,0.1184573
WNDP99-0605,11.15,870,0,60,14.5,0,0.068965517
WNDP99-0611,19.76,2420,2.9,455,5.318681319,0.006373626,0.188016529
WNDP99-0615,9.13,1014,0,264,3.840909091,0,0.26035503
WNDP99-0617,17.5,1575,4.3,87,18.10344828,0.049425287,0.055238095
WNDP99-0633,6.18,533,0,171,3.116959064,0,0.320825516
WNDP99-0648,9.58,972,2.9,205,4.741463415,0.014146341,0.21090535
WNDP99-0650,5.68,558,0,96,5.8125,0,0.172043011
WNDP99-0654,11.21,772,0,143,5.398601399,0,0.185233161
WNDP99-0655,4.92,671,7.9,48,13.97916667,0.164583333,0.071535022
WNDP99-0671,28.77,3410,5,618,5.517799353,0.008090615,0.181231672
WNDP99-0676,15.41,1425,0,232,6.142241379,0,0.162807018
WNDP99-0680,14.62,1600,0,937,1.707577375,0,0.585625
WNDP99-0683,10.57,1559,27.1,229,6.807860262,0.118340611,0.146889031
WNDP99-0685,11.01,914,0,100,9.14,0,0.10940919
WNDP99-0688,19.41,2261,5,181,12.49171271,0.027624309,0.080053074
WNDP99-0689,6.86,1128,7.1,165,6.836363636,0.043030303,0.146276596
WNDP99-0700,19.82,3823,2.1,2587,1.477773483,0.000811751,0.676693696
WNDP99-0701,18.78,1120,0,45,24.88888889,0,0.040178571
WNDP99-0703,8.27,812,0,75,10.82666667,0,0.092364532
WNDP99-0706,13.07,1014,0,20,50.7,0,0.019723866
WNDP99-0707,19.13,1089,0,35,31.11428571,0,0.032139578
WNDP99-0711,10.38,1668,5,148,11.27027027,0.033783784,0.088729017
WNDP99-0712,17.74,1713,0,254,6.744094488,0,0.148277875
WNDP99-0713,24.75,1949,0,145,13.44137931,0,0.074397127
WNDP99-0714,12.04,864,0,52,16.61538462,0,0.060185185
WNDP99-0716,8.19,725,0,181,4.005524862,0,0.249655172
WNDP99-0717,15.3,1965,0,390,5.038461538,0,0.198473282
WNVP99-0503,1.41,353,7.1,106,3.330188679,0.066981132,0.300283286
WNVP99-0505,1.54,773,10,179,4.318435754,0.055865922,0.23156533
WNVP99-0509,2.72,764,3.6,266,2.872180451,0.013533835,0.348167539
WNVP99-0511,3.84,704,7.9,237,2.970464135,0.033333333,0.336647727
WNVP99-0514,0.94,91,0,7,13,0,0.076923077
WNVP99-0516,2.07,194,2.9,40,4.85,0.0725,0.206185567
WNVP99-0518,2.19,423,7.1,99,4.272727273,0.071717172,0.234042553
WNVP99-0519,1.51,271,0,26,10.42307692,0,0.095940959
WNVP99-0520,1.43,1898,114.2,25,75.92,4.568,0.01317176
WNVP99-0521,2.95,501,2.9,76,6.592105263,0.038157895,0.151696607
WNVP99-0522,1.23,575,3.6,50,11.5,0.072,0.086956522
WNVP99-0524,1.62,1729,98.5,5,345.8,19.7,0.002891845
WNVP99-0555,2.35,525,0,149,3.523489933,0,0.283809524
WNVP99-0556,3.36,464,0,32,14.5,0,0.068965517
WNVP99-0557,1.36,123,0,77,1.597402597,0,0.62601626
WNVP99-0559,4.48,285,1.4,33,8.636363636,0.042424242,0.115789474
WNVP99-0561,1.43,228,6.4,38,6,0.168421053,0.166666667
WNVP99-0562,5.95,836,2.1,52,16.07692308,0.040384615,0.062200957
WNVP99-0566,3.61,246,2.1,114,2.157894737,0.018421053,0.463414634
WNVP99-0570,0.89,576,31.4,33,17.45454545,0.951515152,0.057291667
WNVP99-0571,0.77,74,1.4,30,2.466666667,0.046666667,0.405405405
WNVP99-0573,2.14,366,8.6,76,4.815789474,0.113157895,0.207650273
WNVP99-0576,0.8,234,11.4,22,10.63636364,0.518181818,0.094017094
WNVP99-0577,1.05,210,9.3,20,10.5,0.465,0.095238095
WNVP99-0608,2.44,359,0,26,13.80769231,0,0.072423398
WNVP99-0612,0.62,171,9.3,49,3.489795918,0.189795918,0.286549708
WNVP99-0613,9.13,575,0,13,44.23076923,0,0.022608696
WNVP99-0615,1.17,623,29.3,18,34.61111111,1.627777778,0.028892456
WNVP99-0617,0.95,127,5,8,15.875,0.625,0.062992126
WNVP99-0620,1.11,1798,115.7,18,99.88888889,6.427777778,0.010011123
WNVP99-0622,1.66,364,3.6,37,9.837837838,0.097297297,0.101648352
WNVP99-0626,1.18,54,0,34,1.588235294,0,0.62962963
WNVP99-0627,2.82,246,0,78,3.153846154,0,0.317073171
WNVP99-0628,0.62,553,37.1,3,184.3333333,12.36666667,0.005424955
WNVP99-0631,1.77,639,9.3,86,7.430232558,0.108139535,0.13458529
WNVP99-0633,5.54,516,12.9,21,24.57142857,0.614285714,0.040697674
WNVP99-0634,0.45,155,11.4,12,12.91666667,0.95,0.077419355
WNVP99-0635,1.31,978,61.4,10,97.8,6.14,0.010224949
WNVP99-0663,1.6,450,20.7,28,16.07142857,0.739285714,0.062222222
WNVP99-0668,1.86,253,0,46,5.5,0,0.181818182
WNVP99-0670,2.22,1402,0,259,5.413127413,0,0.184736091
WNVP99-0672,4.86,486,2.9,224,2.169642857,0.012946429,0.46090535
WNVP99-0673,2.77,168,0,79,2.126582278,0,0.470238095
WNVP99-0674,1.79,118,2.1,6,19.66666667,0.35,0.050847458
WNVP99-0677,1.31,225,13.6,2,112.5,6.8,0.008888889
WNVP99-0679,0.65,505,30,145,3.482758621,0.206896552,0.287128713
WNVP99-0680,1.24,73,1.4,2,36.5,0.7,0.02739726
WNVP99-0681,0.71,64,0,3,21.33333333,0,0.046875
WNVP99-0683,0.55,76,2.9,13,5.846153846,0.223076923,0.171052632
WNVP99-0686,3.66,1089,29.3,149,7.308724832,0.196644295,0.136822773
WNVP99-0687,2.65,335,2.9,11,30.45454545,0.263636364,0.032835821
WORP99-0503,0.5,55,0,2,27.5,0,0.036363636
WORP99-0505,1.28,153,5,12,12.75,0.416666667,0.078431373
WORP99-0508,1.29,250,10.7,9,27.77777778,1.188888889,0.036
WORP99-0510,0.67,66,3.6,19,3.473684211,0.189473684,0.287878788
WORP99-0511,0.11,11,0,35,0.314285714,0,3.181818185
WORP99-0512,0.98,35,0,23,1.52173913,0,0.657142857
WORP99-0514,6.28,703,0,45,15.62222222,0,0.06401138
WORP99-0515,0.51,53,0,31,1.709677419,0,0.58490566
WORP99-0518,2.01,166,5.7,76,2.184210526,0.075,0.457831325
WORP99-0520,1.47,228,11.4,9,25.33333333,1.266666667,0.039473684
WORP99-0522,1.34,211,5,25,8.44,0.2,0.118483412
WORP99-0523,1.74,520,22.1,88,5.909090909,0.251136364,0.169230769
WORP99-0528,1.74,85,2.1,48,1.770833333,0.04375,0.564705882
WORP99-0529,1.16,250,2.9,26,9.615384615,0.111538462,0.104
WORP99-0530,0.64,25,0,34,0.735294118,0,1.359999999
WORP99-0538,1.5,105,2.1,5,21,0.42,0.047619048
WORP99-0541,1.24,78,0,9,8.666666667,0,0.115384615
WORP99-0542,3.54,348,0,53,6.566037736,0,0.152298851
WORP99-0547,1.52,125,0,22,5.681818182,0,0.176
WORP99-0548,2.11,141,2.1,5,28.2,0.42,0.035460993
WORP99-0551,0.75,74,0,4,18.5,0,0.054054054
WORP99-0554,1.25,76,2.1,10,7.6,0.21,0.131578947
WORP99-0559,0.77,39,0,37,1.054054054,0,0.948717949
WORP99-0560,2.29,424,0,37,11.45945946,0,0.087264151
WORP99-0605,0.62,63,2.9,6,10.5,0.483333333,0.095238095
WORP99-0606,2.78,339,2.1,100,3.39,0.021,0.294985251
WORP99-0607,0.45,35,0,39,0.897435897,0,1.114285715
WORP99-0608,0.78,46,0,35,1.314285714,0,0.760869565
WORP99-0613,1.65,164,2.9,63,2.603174603,0.046031746,0.384146341
WORP99-0622,0.81,79,0,17,4.647058824,0,0.215189873
WORP99-0625,1.62,191,2.9,13,14.69230769,0.223076923,0.068062827
WORP99-0626,1.85,156,0,22,7.090909091,0,0.141025641
WORP99-0630,2.45,260,0,7,37.14285714,0,0.026923077
WORP99-0657,0.85,55,2.1,3,18.33333333,0.7,0.054545455
WORP99-0659,1.4,120,5,23,5.217391304,0.217391304,0.191666667
WORP99-0661,1.68,535,17.1,6,89.16666667,2.85,0.011214953
WORP99-0662,4.87,1096,17.1,227,4.828193833,0.075330396,0.207116788
WORP99-0665,2.33,133,0,153,0.869281046,0,1.15037594
WORP99-0666,2.47,275,5.7,25,11,0.228,0.090909091
WORP99-0667,1.79,314,4.3,7,44.85714286,0.614285714,0.022292994
WORP99-0677,0.64,55,0,5,11,0,0.090909091
WORP99-0685,2.91,259,0,58,4.465517241,0,0.223938224
WORP99-0691,1.59,115,3.6,16,7.1875,0.225,0.139130435
WORP99-0692,2.22,140,3.6,72,1.944444444,0.05,0.514285714
WORP99-0698,0.95,45,0,3,15,0,0.066666667
WORP99-0701,0.78,66,0,7,9.428571429,0,0.106060606
WORP99-0704,2.19,95,1.4,29,3.275862069,0.048275862,0.305263158
WORP99-0710,0.72,193,9.3,7,27.57142857,1.328571429,0.03626943
WORP99-0721,1.63,41,0,11,3.727272727,0,0.268292683
WORP99-0724,1.64,134,0,11,12.18181818,0,0.082089552
WORP99-0728,3.83,459,1.4,73,6.287671233,0.019178082,0.159041394
WORP99-0734,1.86,68,0,9,7.555555556,0,0.132352941
WORP99-0735,1.97,645,35.7,18,35.83333333,1.983333333,0.027906977
WORP99-0739,0.87,744,50,9,82.66666667,5.555555556,0.012096774
WORP99-0740,2.47,156,0,14,11.14285714,0,0.08974359
WORP99-0745,1.81,219,4.3,75,2.92,0.057333333,0.342465753
WORP99-0748,2.93,346,13.6,32,10.8125,0.425,0.092485549
WORP99-0762,1.59,133,0,12,11.08333333,0,0.090225564
WORP99-0768,1.42,134,0,19,7.052631579,0,0.141791045
WORP99-0769,1.81,76,0,22,3.454545455,0,0.289473684
WORP99-0775,4.19,190,0,39,4.871794872,0,0.205263158
WORP99-0780,2.3,250,2.1,18,13.88888889,0.116666667,0.072
WORP99-0787,1.52,155,7.1,7,22.14285714,1.014285714,0.04516129
WORP99-0792,1.2,166,0,52,3.192307692,0,0.313253012
WORP99-0794,1.48,174,0,26,6.692307692,0,0.149425287
WORP99-0800,1.61,135,2.1,4,33.75,0.525,0.02962963
WORP99-0803,0.97,35,0,10,3.5,0,0.285714286
WORP99-0806,1.49,124,0,5,24.8,0,0.040322581
WORP99-0813,0.72,259,15,18,14.38888889,0.833333333,0.069498069
WORP99-0815,2.17,292,0,20,14.6,0,0.068493151
WORP99-0819,0.87,219,1.4,9,24.33333333,0.155555556,0.04109589
WORP99-0821,0.64,67,3.6,6,11.16666667,0.6,0.089552239
WORP99-0823,1.38,527,26.4,40,13.175,0.66,0.075901328
WORP99-0825,1.6,265,7.9,8,33.125,0.9875,0.030188679
WORP99-0830,0.82,80,0,3,26.66666667,0,0.0375
WORP99-0841,1.79,211,3.6,15,14.06666667,0.24,0.071090047
WORP99-0842,1.88,137,1.4,44,3.113636364,0.031818182,0.321167883
WORP99-0851,0.21,24,1.4,9,2.666666667,0.155555556,0.375
WORP99-0852,3.19,500,11.4,63,7.936507937,0.180952381,0.126
WORP99-0854,0.84,37,0,9,4.111111111,0,0.243243243
WORP99-0856,2.63,198,1.4,39,5.076923077,0.035897436,0.196969697
WORP99-0860,0.88,68,1.4,4,17,0.35,0.058823529
WORP99-0864,2.84,148,0,17,8.705882353,0,0.114864865
WORP99-0866,1.18,108,2.9,27,4,0.107407407,0.25
WORP99-0871,1.47,128,1.4,31,4.129032258,0.04516129,0.2421875
WORP99-0877,0.94,73,1.4,18,4.055555556,0.077777778,0.246575342
WORP99-0879,0.56,168,6.7,9,18.66666667,0.744444444,0.053571429
WORP99-0883,1.67,102,1.4,5,20.4,0.28,0.049019608
WORP99-0885,1.91,209,4.3,23,9.086956522,0.186956522,0.110047847
WORP99-0888,2.25,219,1.9,25,8.76,0.076,0.114155251
WORP99-0890,0.99,284,1.7,3,94.66666667,0.566666667,0.01056338
WORP99-0891,0.67,176,2.1,52,3.384615385,0.040384615,0.295454545
WORP99-0892,1.87,169,3.1,10,16.9,0.31,0.059171598
WORP99-0893,1.13,141,4.3,19,7.421052632,0.226315789,0.134751773
WORP99-0917,1.04,78,2.1,53,1.471698113,0.039622642,0.67948718
WORP99-0923,2.03,220,3.6,60,3.666666667,0.06,0.272727273
WORP99-0924,1.76,84,0,82,1.024390244,0,0.976190476
WORP99-0928,1.45,166,0,22,7.545454545,0,0.13253012
WORP99-0929,2.32,333,2.9,66,5.045454545,0.043939394,0.198198198
WORP99-0931,1.4,76,0,7,10.85714286,0,0.092105263
WORP99-0935,2.23,237,3.6,11,21.54545455,0.327272727,0.046413502
WORP99-0937,1.04,187,2.1,50,3.74,0.042,0.267379679
WORP99-0947,1.19,625,30.7,54,11.57407407,0.568518519,0.0864
WORP99-0948,1.47,132,0,17,7.764705882,0,0.128787879
WORP99-0952,1.59,128,7.1,4,32,1.775,0.03125
WORP99-0954,0.86,147,7.9,2,73.5,3.95,0.013605442
WORP99-0972,2.01,354,5,30,11.8,0.166666667,0.084745763
WORP99-0977,2.52,174,0,77,2.25974026,0,0.442528736
WORP99-0985,1.45,171,3.6,50,3.42,0.072,0.292397661
WORP99-0997,1.67,93,0,65,1.430769231,0,0.698924731
WORP99-1002,1.54,126,0,15,8.4,0,0.119047619
WORP99-1003,2.18,351,0,67,5.23880597,0,0.190883191
WORP99-1016,0.37,53,2.1,10,5.3,0.21,0.188679245
WORP99-1017,0.76,56,0,17,3.294117647,0,0.303571429
WORP99-1018,0.74,158,7.9,29,5.448275862,0.272413793,0.183544304
WORP99-1019,1.03,290,14.3,21,13.80952381,0.680952381,0.072413793
WORP99-1021,1.21,73,0,3,24.33333333,0,0.04109589
WSDP99-0501,4.26,1468,28.6,395,3.716455696,0.072405063,0.269073569
WSDP99-0502,1.92,209,5.7,20,10.45,0.285,0.09569378
WSDP99-0503,9.43,771,2.1,138,5.586956522,0.015217391,0.178988327
WSDP99-0505,11.16,3475,161.3,27,128.7037037,5.974074074,0.007769784
WSDP99-0506,7.19,1958,0,398,4.91959799,0,0.203268641
WSDP99-0507,4.41,920,14.3,101,9.108910891,0.141584158,0.109782609
WSDP99-0508,8.92,964,0,56,17.21428571,0,0.058091286
WSDP99-0509,7.86,718,3.6,84,8.547619048,0.042857143,0.116991643
WSDP99-0510,10.64,956,1.4,95,10.06315789,0.014736842,0.099372385
WSDP99-0512,14.01,15625,0,2244,6.963012478,0,0.143616
WSDP99-0514,4.94,525,3.6,127,4.133858268,0.028346457,0.241904762
WSDP99-0515,12.49,1135,0,46,24.67391304,0,0.040528634
WSDP99-0516,18.05,3070,4.3,982,3.126272912,0.004378819,0.319869707
WSDP99-0521,10.54,1166,4.3,150,7.773333333,0.028666667,0.12864494
WSDP99-0522,3.27,1613,38.6,430,3.751162791,0.089767442,0.266584005
WSDP99-0523,6.41,779,3.6,95,8.2,0.037894737,0.12195122
WSDP99-0525,7.93,1609,0,371,4.336927224,0,0.230577999
WSDP99-0526,9.79,947,0,195,4.856410256,0,0.205913411
WSDP99-0527,7.88,1016,0,55,18.47272727,0,0.054133858
WSDP99-0533,6.16,2728,112.1,291,9.374570447,0.385223368,0.106671554
WSDP99-0540,2.68,443,10.7,21,21.0952381,0.50952381,0.047404063
WSDP99-0541,5.02,1735,34.3,462,3.755411255,0.074242424,0.266282421
WSDP99-0543,4.66,444,0,52,8.538461538,0,0.117117117
WSDP99-0544,5.24,1748,67.8,110,15.89090909,0.616363636,0.062929062
WSDP99-0546,8.99,1186,0,90,13.17777778,0,0.075885329
WSDP99-0548,3.16,581,0,425,1.367058824,0,0.731497418
WSDP99-0579,5.09,783,0,240,3.2625,0,0.30651341
WSDP99-0580,2.68,144,0,26,5.538461538,0,0.180555556
WSDP99-0581,8.02,1034,0,190,5.442105263,0,0.183752418
WSDP99-0582,11.64,1273,0,54,23.57407407,0,0.042419482
WSDP99-0585,3.29,251,3.6,14,17.92857143,0.257142857,0.055776892
WSDP99-0586,2.8,246,0,16,15.375,0,0.06504065
WSDP99-0587,7.62,719,10.7,333,2.159159159,0.032132132,0.463143255
WSDP99-0588,7.38,1021,9.3,278,3.672661871,0.033453237,0.272282076
WSDP99-0589,12.66,3295,4.3,656,5.022865854,0.006554878,0.19908953
WSDP99-0590,6.27,1308,2.9,328,3.987804878,0.008841463,0.250764526
WSDP99-0593,6.39,353,0,34,10.38235294,0,0.09631728
WSDP99-0594,15.36,1289,2.1,35,36.82857143,0.06,0.027152832
WSDP99-0596,5.91,453,0,47,9.638297872,0,0.103752759
WSDP99-0599,5.43,556,3.6,51,10.90196078,0.070588235,0.091726619
WSDP99-0602,4.1,654,14.3,66,9.909090909,0.216666667,0.100917431
WSDP99-0603,20.99,1810,1.4,751,2.41011984,0.001864181,0.414917127
WSDP99-0604,1.3,134,0,7,19.14285714,0,0.052238806
WSDP99-0605,11.6,2028,15,561,3.614973262,0.026737968,0.276627219
WSDP99-0657,3.74,268,0,14,19.14285714,0,0.052238806
WSDP99-0658,5.27,750,0,1091,0.687442713,0,1.454666667
WSDP99-0660,10.18,1973,0,244,8.086065574,0,0.123669539
WSDP99-0664,8.45,693,0,90,7.7,0,0.12987013
WSDP99-0665,9.7,1139,5,151,7.543046358,0.033112583,0.132572432
WSDP99-0666,4.86,1831,0,62,29.53225806,0,0.033861278
WSDP99-0667,4.93,901,6.4,148,6.087837838,0.043243243,0.164261931
WSDP99-0669,10.59,866,0,113,7.663716814,0,0.130484988
WSDP99-0670,6.46,613,7.9,86,7.127906977,0.091860465,0.140293638
WSDP99-0672,9.06,803,0,48,16.72916667,0,0.059775841
WSDP99-0674,17.5,9481,0,964,9.835062241,0,0.101677038
WSDP99-0678,2.5,799,0,256,3.12109375,0,0.320400501
WSDP99-0679,3.56,2459,0,152,16.17763158,0,0.061813745
WSDP99-0681,9.21,1503,0,201,7.47761194,0,0.133732535
WSDP99-0695,2.81,734,12.2,22,33.36363636,0.554545455,0.029972752
WSDP99-0696,2.19,1041,30.7,232,4.487068966,0.132327586,0.222862632
WSDP99-0697,3.28,415,0,55,7.545454545,0,0.13253012
WSDP99-0698,13.23,949,2.9,37,25.64864865,0.078378378,0.038988409
WUTP99-0501,1.24,274,7.1,11,24.90909091,0.645454545,0.040145985
WUTP99-0505,3.88,1055,5.7,64,16.484375,0.0890625,0.060663507
WUTP99-0507,1.23,225,10,2,112.5,5,0.008888889
WUTP99-0512,2.21,579,25.7,19,30.47368421,1.352631579,0.032815199
WUTP99-0514,1.68,146,0,3,48.66666667,0,0.020547945
WUTP99-0516,1.07,316,12.9,23,13.73913043,0.560869565,0.07278481
WUTP99-0517,1.19,131,2.1,13,10.07692308,0.161538462,0.099236641
WUTP99-0518,2.94,185,2.1,139,1.330935252,0.015107914,0.751351351
WUTP99-0521,2.11,140,4.3,3,46.66666667,1.433333333,0.021428571
WUTP99-0542,3.6,286,0,9,31.77777778,0,0.031468531
WUTP99-0543,6.03,1383,67.8,105,13.17142857,0.645714286,0.075921909
WUTP99-0548,2.64,433,3.6,113,3.831858407,0.031858407,0.260969977
WUTP99-0559,1.58,219,0,66,3.318181818,0,0.301369863
WUTP99-0561,1.3,103,0,4,25.75,0,0.038834951
WUTP99-0562,1.07,249,14.3,1,249,14.3,0.004016064
WUTP99-0563,1.97,824,26.4,31,26.58064516,0.851612903,0.037621359
WUTP99-0565,2.45,6381,481.9,28,227.8928571,17.21071429,0.004388027
WUTP99-0586,2.22,541,17.1,70,7.728571429,0.244285714,0.129390018
WUTP99-0590,0.9,129,5,4,32.25,1.25,0.031007752
WUTP99-0591,4.43,191,2.1,73,2.616438356,0.028767123,0.382198953
WUTP99-0594,2.73,293,4.3,59,4.966101695,0.072881356,0.201365188
WUTP99-0597,2.65,293,2.9,119,2.462184874,0.024369748,0.406143345
WUTP99-0598,1.36,91,3.6,2,45.5,1.8,0.021978022
WUTP99-0602,2.45,181,5,9,20.11111111,0.555555556,0.049723757
WUTP99-0604,0.81,391,17.1,25,15.64,0.684,0.063938619
WUTP99-0605,1.89,605,29.3,5,121,5.86,0.008264463
WUTP99-0620,4.32,313,0,76,4.118421053,0,0.242811502
WUTP99-0629,1.38,179,5.7,4,44.75,1.425,0.022346369
WUTP99-0664,5.66,915,7.8,203,4.507389163,0.038423645,0.221857923
WUTP99-0665,2.24,459,4.1,84,5.464285714,0.048809524,0.183006536
WUTP99-0668,1.82,108,0,3,36,0,0.027777778
WUTP99-0670,6.84,679,0,94,7.223404255,0,0.138438881
WUTP99-0677,1.93,2784,79.6,1707,1.630931459,0.046631517,0.613146552
WUTP99-0692,1.82,863,0,282,3.060283688,0,0.326767092
WUTP99-0693,2.81,504,13.5,97,5.195876289,0.139175258,0.192460317
WUTP99-0694,1.64,456,13.8,8,57,1.725,0.01754386
WUTP99-0695,3.01,2251,11.5,593,3.795952782,0.019392917,0.263438472
WUTP99-0696,7.01,1478,0,1965,0.75216285,0,1.329499323
WUTP99-0698,1.1,811,43.7,26,31.19230769,1.680769231,0.032059186
WUTP99-0721,4.61,505,2.9,103,4.902912621,0.02815534,0.203960396
WUTP99-0723,1.13,123,2.1,2,61.5,1.05,0.016260163
WUTP99-0725,3.27,124,0,97,1.278350515,0,0.782258065
WUTP99-0728,1.65,165,0,17,9.705882353,0,0.103030303
WUTP99-0731,1.22,249,8.6,53,4.698113208,0.162264151,0.212851406
WUTP99-0732,1.37,165,2.9,10,16.5,0.29,0.060606061
WUTP99-0733,0.92,383,20.7,2,191.5,10.35,0.005221932
WUTP99-0734,7.83,1224,8.6,158,7.746835443,0.05443038,0.129084967
WUTP99-0735,3.27,1794,64.3,88,20.38636364,0.730681818,0.049052397
WUTP99-0737,4.39,963,0,191,5.041884817,0,0.198338525
WUTP99-0738,1.31,648,34.3,15,43.2,2.286666667,0.023148148
WWAP99-0501,0.7,33,2.1,18,1.833333333,0.116666667,0.545454546
WWAP99-0502,1.82,163,3.6,32,5.09375,0.1125,0.196319018
WWAP99-0504,1.54,63,2.9,4,15.75,0.725,0.063492063
WWAP99-0507,1.25,133,4.3,34,3.911764706,0.126470588,0.255639098
WWAP99-0508,0.66,43,2.1,10,4.3,0.21,0.23255814
WWAP99-0509,2.89,89,2.1,1,89,2.1,0.011235955
WWAP99-0512,1.25,150,7.1,47,3.191489362,0.15106383,0.313333333
WWAP99-0513,2.51,228,6.4,17,13.41176471,0.376470588,0.074561403
WWAP99-0515,1.26,326,15,13,25.07692308,1.153846154,0.039877301
WWAP99-0516,3.2,133,2.9,4,33.25,0.725,0.030075188
WWAP99-0517,4.11,201,2.1,27,7.444444444,0.077777778,0.134328358
WWAP99-0520,0.44,90,6.4,2,45,3.2,0.022222222
WWAP99-0521,2.73,229,3.6,16,14.3125,0.225,0.069868996
WWAP99-0522,1.34,86,2.9,51,1.68627451,0.056862745,0.593023256
WWAP99-0524,0.96,36,0,3,12,0,0.083333333
WWAP99-0526,0.72,49,1.4,1,49,1.4,0.020408163
WWAP99-0527,0.96,51,2.9,1,51,2.9,0.019607843
WWAP99-0529,0.63,50,3.6,2,25,1.8,0.04
WWAP99-0531,0.83,38,1.4,1,38,1.4,0.026315789
WWAP99-0532,0.62,66,2.9,1,66,2.9,0.015151515
WWAP99-0534,0.59,21,1.6,1,21,1.6,0.047619048
WWAP99-0535,0.34,39,2.1,2,19.5,1.05,0.051282051
WWAP99-0538,0.71,64,2.9,2,32,1.45,0.03125
WWAP99-0541,0.72,53,2.1,1,53,2.1,0.018867925
WWAP99-0542,0.57,75,0,5,15,0,0.066666667
WWAP99-0546,0.96,55,2.1,1,55,2.1,0.018181818
WWAP99-0560,0.9,95,5,2,47.5,2.5,0.021052632
WWAP99-0563,0.51,118,7.1,0,NA,NA,NA
WWAP99-0566,0.57,46,2.9,0,NA,NA,NA
WWAP99-0568,1.69,109,2.1,25,4.36,0.084,0.229357798
WWAP99-0593,0.77,143,7.1,44,3.25,0.161363636,0.307692308
WWAP99-0595,0.54,29,0,1,29,0,0.034482759
WWAP99-0598,1.38,144,6.4,22,6.545454545,0.290909091,0.152777778
WWAP99-0602,1.08,43,2.1,2,21.5,1.05,0.046511628
WWAP99-0604,0.76,80,5.7,5,16,1.14,0.0625
WWAP99-0608,3.3,300,16.4,13,23.07692308,1.261538462,0.043333333
WWAP99-0611,0.6,15,0,3,5,0,0.2
WWAP99-0612,0.66,23,0,1,23,0,0.043478261
WWAP99-0614,1.03,120,3.6,26,4.615384615,0.138461538,0.216666667
WWAP99-0617,1.6,83,2.9,12,6.916666667,0.241666667,0.144578313
WWAP99-0618,0.74,60,0,2,30,0,0.033333333
WWAP99-0622,0.57,84,3.6,4,21,0.9,0.047619048
WWAP99-0630,0.79,38,1.4,0,NA,NA,NA
WWAP99-0632,0.2,79,4.3,1,79,4.3,0.012658228
WWAP99-0633,1.07,45,0,1,45,0,0.022222222
WWAP99-0635,0.9,45,0,2,22.5,0,0.044444444
WWAP99-0636,0.96,79,2.9,3,26.33333333,0.966666667,0.037974684
WWAP99-0637,0.5,35,1.4,2,17.5,0.7,0.057142857
WWAP99-0639,1.47,100,5,7,14.28571429,0.714285714,0.07
WWAP99-0640,1.59,79,3.6,56,1.410714286,0.064285714,0.708860759
WWAP99-0641,0.85,65,3.6,29,2.24137931,0.124137931,0.446153846
WWAP99-0642,0.5,28,0,9,3.111111111,0,0.321428571
WWAP99-0676,0.51,46,2.9,3,15.33333333,0.966666667,0.065217391
WWAP99-0677,0.27,24,1.7,1,24,1.7,0.041666667
WWAP99-0681,1.58,5541,360.4,33,167.9090909,10.92121212,0.005955604
WWAP99-0682,0.32,28,0,0,NA,NA,NA
WWAP99-0688,0.82,64,0,8,8,0,0.125
WWAP99-0689,0.36,384,25.7,3,128,8.566666667,0.0078125
WWAP99-0692,3.8,1242,78.5,7,177.4285714,11.21428571,0.005636071
WWAP99-0695,1.72,50,0,4,12.5,0,0.08
WWAP99-0697,0.82,47,1.4,4,11.75,0.35,0.085106383
WWAP99-0700,0.67,41,1.4,4,10.25,0.35,0.097560976
WWAP99-0701,1.02,80,3.6,4,20,0.9,0.05
WWAP99-0702,1.41,40,0,5,8,0,0.125
WWAP99-0704,0.37,18,2.5,2,9,1.25,0.111111111
WWAP99-0705,0.39,88,6.4,1,88,6.4,0.011363636
WWAP99-0706,1.49,87,0,21,4.142857143,0,0.24137931
WWAP99-0712,0.92,34,2.1,3,11.33333333,0.7,0.088235294
WWAP99-0713,0.37,35,4,1,35,4,0.028571429
WWAP99-0714,0.79,43,0,2,21.5,0,0.046511628
WWAP99-0716,1.03,99,2.9,9,11,0.322222222,0.090909091
WWAP99-0719,0.88,66,3.4,9,7.333333333,0.377777778,0.136363636
WWAP99-0720,3.86,210,5,37,5.675675676,0.135135135,0.176190476
WWAP99-0721,1.46,73,3.1,16,4.5625,0.19375,0.219178082
WWAP99-0722,1.55,2004,117.5,86,23.30232558,1.36627907,0.042914172
WWAP99-0729,0.85,33,1.4,8,4.125,0.175,0.242424242
WWAP99-0730,0.75,46,0,3,15.33333333,0,0.065217391
WWAP99-0732,6.3,85,1.4,10,8.5,0.14,0.117647059
WWAP99-0733,0.75,44,1.8,1,44,1.8,0.022727273
WWAP99-0735,0.39,47,3.6,1,47,3.6,0.021276596
WWAP99-0736,0.52,55,4.3,1,55,4.3,0.018181818
WWAP99-0765,1.13,54,0,4,13.5,0,0.074074074
WWAP99-0766,0.91,82,2.9,1,82,2.9,0.012195122
WWAP99-0768,0.89,43,2.1,1,43,2.1,0.023255814
WWAP99-0770,1.08,46,0,9,5.111111111,0,0.195652174
WWAP99-0772,0.98,88,3.6,1,88,3.6,0.011363636
WWAP99-0776,0.44,46,2.1,1,46,2.1,0.02173913
WWAP99-0777,0.76,66,2.9,2,33,1.45,0.03030303
WWAP99-0778,2.69,173,0,31,5.580645161,0,0.179190751
WWAP99-0780,0.37,25,2.1,0,NA,NA,NA
WWYP99-0501,1.11,115,3.6,50,2.3,0.072,0.434782609
WWYP99-0504,2.01,228,0,74,3.081081081,0,0.324561404
WWYP99-0506,1.6,135,0,4,33.75,0,0.02962963
WWYP99-0508,2.46,173,2.1,20,8.65,0.105,0.115606936
WWYP99-0509,2.45,270,5,65,4.153846154,0.076923077,0.240740741
WWYP99-0511,0.28,184,12.1,4,46,3.025,0.02173913
WWYP99-0513,0.97,70,0,10,7,0,0.142857143
WWYP99-0515,3.33,238,0,14,17,0,0.058823529
WWYP99-0516,2.14,125,0,3,41.66666667,0,0.024
WWYP99-0524,0.78,319,0,48,6.645833333,0,0.150470219
WWYP99-0525,1.99,390,0,25,15.6,0,0.064102564
WWYP99-0526,0.93,65,2.9,73,0.890410959,0.039726027,1.123076923
WWYP99-0530,6.24,424,5.7,98,4.326530612,0.058163265,0.231132075
WWYP99-0531,4.32,569,2.9,14,40.64285714,0.207142857,0.024604569
WWYP99-0533,1.47,174,6.4,32,5.4375,0.2,0.183908046
WWYP99-0535,6.13,721,15,81,8.901234568,0.185185185,0.112343967
WWYP99-0537,0.75,39,0,19,2.052631579,0,0.487179487
WWYP99-0538,2.92,180,0,18,10,0,0.1
WWYP99-0540,1.92,115,0,3,38.33333333,0,0.026086957
WWYP99-0553,1.38,131,4.3,22,5.954545455,0.195454545,0.167938931
WWYP99-0556,1.01,66,0,5,13.2,0,0.075757576
WWYP99-0582,1.24,98,3.6,3,32.66666667,1.2,0.030612245
WWYP99-0585,1.02,76,2.9,2,38,1.45,0.026315789
WWYP99-0586,2.5,148,2.1,5,29.6,0.42,0.033783784
WWYP99-0587,1.77,353,13.6,4,88.25,3.4,0.011331445
WWYP99-0589,3.93,296,0,25,11.84,0,0.084459459
WWYP99-0590,1.19,361,17.1,21,17.19047619,0.814285714,0.058171745
WWYP99-0591,0.75,50,2.1,3,16.66666667,0.7,0.06
WWYP99-0592,1.26,78,0,11,7.090909091,0,0.141025641
WWYP99-0594,1.21,38,0,72,0.527777778,0,1.894736841
WWYP99-0598,2.52,343,0,41,8.365853659,0,0.119533528
WWYP99-0599,1.43,119,3.6,32,3.71875,0.1125,0.268907563
WWYP99-0600,1.27,531,25.7,23,23.08695652,1.117391304,0.043314501
WWYP99-0603,1.5,95,0,36,2.638888889,0,0.378947368
WWYP99-0604,8.64,691,0,83,8.325301205,0,0.120115774
WWYP99-0605,4.22,296,4.3,79,3.746835443,0.05443038,0.266891892
WWYP99-0606,5.72,18775,1219.4,2549,7.365633582,0.47838368,0.135765646
WWYP99-0607,1.07,109,3.6,20,5.45,0.18,0.183486239
WWYP99-0608,2.87,125,0,32,3.90625,0,0.256
WWYP99-0609,2.48,149,0,16,9.3125,0,0.10738255
WWYP99-0610,2.37,209,0,7,29.85714286,0,0.033492823
WWYP99-0612,0.9,115,2.9,3,38.33333333,0.966666667,0.026086957
WWYP99-0613,2.54,121,0,10,12.1,0,0.082644628
WWYP99-0614,1.48,141,3.6,7,20.14285714,0.514285714,0.04964539
WWYP99-0615,1.43,113,0,89,1.269662921,0,0.78761062
WWYP99-0616,1.28,79,2.1,2,39.5,1.05,0.025316456
WWYP99-0651,0.77,181,5.7,9,20.11111111,0.633333333,0.049723757
WWYP99-0652,3.52,1735,102.1,6,289.1666667,17.01666667,0.003458213
WWYP99-0653,1.24,395,15,5,79,3,0.012658228
WWYP99-0655,1.74,182,1.4,30,6.066666667,0.046666667,0.164835165
WWYP99-0656,1.24,137,2.1,3,45.66666667,0.7,0.02189781
WWYP99-0657,0.91,131,2.1,3,43.66666667,0.7,0.022900763
WWYP99-0659,0.91,351,20,26,13.5,0.769230769,0.074074074
WWYP99-0660,4.43,401,1.4,56,7.160714286,0.025,0.139650873
WWYP99-0661,3.13,419,2.1,143,2.93006993,0.014685315,0.341288783
WWYP99-0662,1.49,158,0,14,11.28571429,0,0.088607595
WWYP99-0665,3.24,338,1.4,29,11.65517241,0.048275862,0.085798817
WWYP99-0669,2.18,104,2.9,1,104,2.9,0.009615385
WWYP99-0670,1.61,189,0,75,2.52,0,0.396825397
WWYP99-0671,10.26,1494,17.1,191,7.821989529,0.089528796,0.127844712
WWYP99-0707,2.05,109,0,3,36.33333333,0,0.027522936
WWYP99-0708,4.53,305,0,16,19.0625,0,0.052459016
WWYP99-0710,1.43,125,2.1,26,4.807692308,0.080769231,0.208
WWYP99-0713,3.69,229,0,9,25.44444444,0,0.03930131
WWYP99-0715,0.68,476,27.1,63,7.555555556,0.43015873,0.132352941
WWYP99-0716,2.29,198,0,8,24.75,0,0.04040404
WWYP99-0717,1.24,679,32.1,35,19.4,0.917142857,0.051546392
WWYP99-0719,3.16,258,0,136,1.897058824,0,0.527131783
WWYP99-0720,3.55,425,0,92,4.619565217,0,0.216470588
WWYP99-0721,1.16,68,0,12,5.666666667,0,0.176470588
WWYP99-0722,8.25,856,6.4,39,21.94871795,0.164102564,0.045560748
