"SITE_ID","Lat","Lon","DOC_Median","TN_Median","TP_Median"
"NWCA16-1001",30.38402,-88.114115,10.85,0.3545,104
"NWCA16-1002",30.261675,-87.7289705,32.55,1.555,33
"NWCA16-1004",30.77347,-87.97992,17.8,0.824,335
"NWCA16-1005",30.94802,-87.89606,7.78,0.81,29
"NWCA16-1006",30.430753,-87.905017,23.8,1.96,40
"NWCA16-1007",31.14303,-85.07616,16.3,1.3,44
"NWCA16-1009",33.54762,-87.78324,14.9,2.69,124
"NWCA16-1012",30.78019,-87.96371,17,0.772,75
"NWCA16-1016",30.78353,-87.97691,19.2,1.78,80
"NWCA16-1017",33.93278,-86.03287,3.55,0.646,50
"NWCA16-1020",33.64435,-88.24795,2.34,0.497,7
"NWCA16-1021",34.11377,-85.58848,5.72,1.05,66
"NWCA16-1023",31.29244,-85.89408,7.21,0.431,51
"NWCA16-1030",33.09282,-85.89217,1.68,0.283,50
"NWCA16-1078",33.67792,-92.58488,36.2,1.63,55
"NWCA16-1079",33.18773,-92.729065,17.65,5.86,381.5
"NWCA16-1083",33.36039,-92.97276,10,0.554,100
"NWCA16-1086",35.07287,-90.92999,31.1,5.61,935
"NWCA16-1087",33.4533,-91.48141,8.16,1.75,415
"NWCA16-1088",34.21963,-93.52356,22.2,1.12,125
"NWCA16-1104",35.67982,-90.41549,11.6,0.518,190
"NWCA16-1105",34.23478,-91.99283,9.29,0.907,138
"NWCA16-1112",34.80608,-92.17603,12.9,0.842,312
"NWCA16-1116",34.88688,-92.4865,18.2,0.653,320
"NWCA16-1136",33.86269,-109.23836,15.65,1.168,207
"NWCA16-1175",36.87543,-111.565003,3.69,0.647,14
"NWCA16-1191",36.875789,-111.563749,3.67,0.734,18
"NWCA16-1218",37.51957,-122.21666,4.53,0.642,256
"NWCA16-1219",38.163945,-122.553135,21.1,2.985,419
"NWCA16-1225",36.11831,-121.46561,10.8,0.664,58
"NWCA16-1234",39.22628,-121.94772,9.3,2.76,242
"NWCA16-1243",38.05896,-122.81339,5.24,3.16,500
"NWCA16-1245",36.5386,-117.96482,8.21,0.602,114
"NWCA16-1248",34.22954,-119.25962,8.86,1.69,710
"NWCA16-1255",41.49143,-120.95077,33.6,3.37,850
"NWCA16-1263",38.1926,-122.02563,19.2,1.06,168
"NWCA16-1269",37.24572,-120.81126,70.8,21.9,1950
"NWCA16-1270",38.448,-121.48193,11.3,1.77,246
"NWCA16-1274",40.00393,-121.40842,1.49,0.212,46
"NWCA16-1275",38.18042,-122.55477,14,1.47,372
"NWCA16-1281",37.26365,-120.7523,16.6,13.3,2150
"NWCA16-1298",40.06908,-120.26296,2.02,0.443,122
"NWCA16-1303",41.62983,-120.27531,2.4,0.37,80
"NWCA16-1308",40.84381,-124.08006,10.6,1.5,56
"NWCA16-1311",38.19569,-122.0125,33.5,2.32,174
"NWCA16-1466",39.264,-106.2538,5.72,0.512,38
"NWCA16-1470",39.25726,-106.25648,2.04,28.9,15
"NWCA16-1471",37.35736,-104.79102,NA,0.389,55
"NWCA16-1475",40.20965,-105.87671,13.7,0.659,178
"NWCA16-1476",39.91195,-105.87337,8.16,3.7,346
"NWCA16-1478",37.94527,-108.00763,6.1,0.377,270
"NWCA16-1482",40.59554,-106.43311,9.54,0.496,160
"NWCA16-1483",40.10499,-106.59307,3.18,0.22,34
"NWCA16-1486",40.59145,-106.4425,14.9,0.757,96
"NWCA16-1492",39.61736,-105.94992,3.84,0.334,62
"NWCA16-1493",37.39729,-105.53799,9.54,0.605,54
"NWCA16-1499",40.67759,-107.17379,12.5,1.05,122
"NWCA16-1502",40.6641,-106.5938,3.95,0.319,34
"NWCA16-1504",39.00528,-106.89394,0.646,26.2,8
"NWCA16-1508",39.50606,-105.87259,1.02,0.34,26
"NWCA16-1510",40.22137,-106.20972,3.26,0.292,46
"NWCA16-1513",37.68405,-106.91101,4.31,4.7,154
"NWCA16-1518",40.65417,-106.59856,21.8,1.05,65
"NWCA16-1524",39.47042,-106.60068,1.09,0.26,17
"NWCA16-1526",40.59128,-106.42725,18.1,0.884,86
"NWCA16-1604",41.2666,-72.502585,10.915,0.711,70
"NWCA16-1605",41.637135,-73.029895,9.56,13.697,42.5
"NWCA16-1606",41.262439,-72.728609,11.5,0.996,176
"NWCA16-1607",41.64188,-73.03163,4.04,0.536,72
"NWCA16-1608",41.82228,-72.74297,4.82,0.764,196
"NWCA16-1610",41.32847,-72.01842,14.2,0.68,48
"NWCA16-1611",41.275985,-72.505745,23.2,0.67,190
"NWCA16-1632",39.42808,-75.573705,11.75,1.36,555
"NWCA16-1633",39.38176,-75.540135,10.04,1.975,375
"NWCA16-1637",39.01894,-75.34302,53.8,3.99,900
"NWCA16-1638",39.59539,-75.57898,9.61,0.74,400
"NWCA16-1641",38.614539,-75.085939,14.5,1.72,162
"NWCA16-1642",39.43144,-75.57058,6.31,1.65,57
"NWCA16-1646",39.26669,-75.47264,46,4.3,820
"NWCA16-1653",38.61508,-75.08765,9.96,2.64,420
"NWCA16-1694",27.14471,-80.42191,61.65,3.97,1700
"NWCA16-1695",24.5931,-81.66269,6.005,1.0775,16.5
"NWCA16-1697",30.717543,-81.5274,9.83,0.427,43
"NWCA16-1699",25.19975,-80.35085,49.4,3.19,46
"NWCA16-1700",26.33246,-81.83835,14.9,0.871,68
"NWCA16-1703",26.31843,-80.39838,31.4,1.73,36
"NWCA16-1704",30.15131,-85.04414,14.3,1.2,28
"NWCA16-1710",28.77857,-82.6553,5.27,0.267,33
"NWCA16-1713",26.51684,-80.28929,17.6,0.607,13
"NWCA16-1717",25.91327,-81.23486,11.7,0.644,8
"NWCA16-1718",30.50712,-82.30573,67.5,3.26,90
"NWCA16-1721",27.29791,-80.92333,25.9,1.57,18
"NWCA16-1732",26.08063,-81.39675,20.4,0.685,44
"NWCA16-1737",28.88022,-80.88547,32.3,2.72,505
"NWCA16-1738",30.29189,-84.93733,26,0.824,38
"NWCA16-1740",29.95846,-84.83928,55.5,1.29,30
"NWCA16-1741",27.87518071,-82.61936697,40.5,3.71,104
"NWCA16-1748",25.98845,-81.58626,35.9,1.11,32
"NWCA16-1756",29.3159,-83.12112,9.35,1.69,75
"NWCA16-1765",27.15289,-80.42014,40.5,3.94,1550
"NWCA16-1773",27.1207,-82.08588,36.2,2.7,150
"NWCA16-1774",28.784298,-82.664801,6.9,0.5,22
"NWCA16-1786",30.42826,-84.1727,12.8,1.91,250
"NWCA16-1789",27.33519,-81.50244,26,1.36,74
"NWCA16-1796",26.22093,-81.24855,17.9,0.785,17
"NWCA16-1798",30.71058,-81.52877,8.72,0.736,100
"NWCA16-1805",27.88617,-82.63551,11.7,3.78,590
"NWCA16-1821",26.95762,-82.16283,29,1.09,68
"NWCA16-1822",28.2569,-81.51746,41.7,0.829,162
"NWCA16-1854",29.55429,-82.12983,45,1.05,600
"NWCA16-1861",26.13458,-80.65317,12.3,0.545,19
"NWCA16-1873",26.13549,-80.788511,16.6,0.893,16
"NWCA16-1874",30.36739,-81.51978,8.69,1.48,430
"NWCA16-1914",30.237,-84.78982,75.5,1.1,26
"NWCA16-1916",29.93009,-84.64278,64.1,3.22,30
"NWCA16-1922",27.91633,-81.0981,43.9,2.02,22
"NWCA16-1926",30.31193,-82.44767,81.1,1.9,62
"NWCA16-1941",26.95328,-80.38625,17.5,1.01,5
"NWCA16-1995",31.942625,-81.084725,8.295,0.602,178
"NWCA16-1996",31.658345,-81.387015,25.7,1.4225,101
"NWCA16-1997",32.02374,-81.01541,6.04,0.881,72
"NWCA16-2003",32.13518,-81.13022,16.7,1.87,386
"NWCA16-2004",30.6292,-82.84422,63.8,1.2,16
"NWCA16-2006",31.82649,-81.6675,37.4,1.09,16
"NWCA16-2010",32.60603,-81.68256,7.08,1.14,42
"NWCA16-2011",31.55024,-83.634455,16.4,0.895,65
"NWCA16-2012",31.51026,-82.00173,9.2,0.578,46
"NWCA16-2013",32.63293,-84.10318,4.85,0.746,NA
"NWCA16-2014",31.56938,-81.17817,9.17,2.61,565
"NWCA16-2015",31.64521,-82.13514,144,2.14,64
"NWCA16-2016",31.00484,-81.63503,13.3,1.43,282
"NWCA16-2017",32.23571,-81.99211,31.6,1.21,110
"NWCA16-2018",33.23494,-82.17668,6.44,1.13,145
"NWCA16-2021",32.44732,-82.8183,34.8,2.3,370
"NWCA16-2024",31.53951,-81.70054,19.1,1.05,21
"NWCA16-2026",32.32425,-81.54015,24.8,2.75,138
"NWCA16-2030",31.65336,-81.14822,5.16,0.995,132
"NWCA16-2115",41.22901,-91.1266,33.4,1.68,2000
"NWCA16-2116",41.21609,-91.09962,12.3,0.947,2200
"NWCA16-2117",43.27388,-93.46091,23.9,3.3,1300
"NWCA16-2118",43.1829,-94.76733333,15.7,6.1,515
"NWCA16-2123",41.21577,-91.12385,9.6,2.62,460
"NWCA16-2126",41.78091,-90.4991,8.63,3.15,500
"NWCA16-2128",43.03156,-91.41153,3.68,9.64,216
"NWCA16-2136",43.29636,-91.90845,3.63,13.7,56
"NWCA16-2144",41.23336,-91.11358,7.88,2.9,186
"NWCA16-2162",44.39772,-115.62051,1.3,0.338,48
"NWCA16-2168",44.74653,-115.4434,1.34,0.338,40
"NWCA16-2174",46.65616,-115.3884,1.62,0.253,30
"NWCA16-2175",43.53947,-116.61368,5.12,2.08,158
"NWCA16-2180",44.53537,-112.24816,9.96,1.21,262
"NWCA16-2182",48.96064,-116.17693,16.2,0.881,31
"NWCA16-2183",42.12503,-114.98568,3.55,0.51,100
"NWCA16-2190",46.69302,-115.7587,1.74,0.59,80
"NWCA16-2194",47.48333,-116.59384,16.3,1.26,108
"NWCA16-2195",44.88068333,-116.1309,2.84,0.311,37
"NWCA16-2204",42.62991,-114.7869,11.5,1.37,208
"NWCA16-2205",44.45205,-111.87419,1.47,22.9,96
"NWCA16-2250",42.55733,-114.93821,3.9,2.44,104
"NWCA16-2251",44.46606,-111.86964,1.51,0.215,112
"NWCA16-2252",43.52402,-116.63298,7.47,0.772,168
"NWCA16-2257",43.89326,-112.35777,5.65,0.655,78
"NWCA16-2259",43.90274,-112.33051,1.42,2.31,128
"NWCA16-2268",43.85797,-116.57586,4.56,0.361,114
"NWCA16-2271",42.8626,-112.03605,15.2,0.466,220
"NWCA16-2279",42.648854,-111.67831,11.5,1.3,236
"NWCA16-2284",37.72929,-89.46632,17.2,1.86,460
"NWCA16-2310",42.34879,-87.93558,9.99,1.68,140
"NWCA16-2333",38.96938,-88.97119,8.26,1.26,252
"NWCA16-2340",37.48165,-88.44878,1.5,0.15,34
"NWCA16-2343",37.93906,-89.3777,14.9,1.93,500
"NWCA16-2346",42.44527,-88.29952,4.22,5.17,114
"NWCA16-2348",37.6826,-89.1262,17.6,1.52,258
"NWCA16-2364",39.03076,-89.57632,5.89,1.53,186
"NWCA16-2381",38.0798,-89.96201,7.19,1.38,150
"NWCA16-2387",37.70429,-89.45854,89.2,4.99,356
"NWCA16-2392",41.21883,-86.38264,17.1,2.19,239
"NWCA16-2394",40.98389,-87.50986,35.8,14.3,1760
"NWCA16-2409",39.33365,-87.25125,9.04,3.32,550
"NWCA16-2417",39.27491,-87.57653,10.5,1.53,350
"NWCA16-2432",38.557455,-97.273575,7.425,0.659,96
"NWCA16-2433",39.833195,-95.070555,3.665,1.34,163
"NWCA16-2434",38.72373,-97.5144,7.57,0.928,338
"NWCA16-2437",37.34558,-98.41066,11.7,41.7,18500
"NWCA16-2441",38.07988,-98.06488,22,1.21,495
"NWCA16-2449",37.95691,-97.43533,13.9,1.55,364
"NWCA16-2458",38.08339,-98.06052,50.4,4.54,1300
"NWCA16-2461",37.99622,-101.86239,5.39,1.58,194
"NWCA16-2519",29.85475,-92.49121,11.55,1.3355,14.5
"NWCA16-2523",29.078255,-90.515255,5.665,0.7505,49
"NWCA16-2524",30.13733,-92.2332,16,3.53,176
"NWCA16-2525",29.72731,-93.8103,7.97,4.82,910
"NWCA16-2527",30.2131,-91.32272,13.8,1.86,475
"NWCA16-2529",29.95549,-93.43494,42.1,5.43,356
"NWCA16-2530",29.28079,-90.98113,9.96,0.746,30
"NWCA16-2535",30.6016,-92.95433,25.3,1.2,54
"NWCA16-2536",29.22631,-90.14676,8.15,0.958,68
"NWCA16-2537",29.57833,-92.19575,26.4,5.62,226
"NWCA16-2541",29.72555,-93.81311,34.1,4.72,435
"NWCA16-2542",30.28778,-91.7809,17.7,1.29,360
"NWCA16-2545",29.95149,-93.61095,27.4,2.55,140
"NWCA16-2547",31.21207,-91.65212,13.6,1.22,115
"NWCA16-2548",29.39468,-90.0795,9.96,1.08,62
"NWCA16-2550",29.72962,-91.55049,10.4,0.623,74
"NWCA16-2553",29.65443,-92.3493,34.5,8.3,1300
"NWCA16-2555",33.00599,-93.40028,13.5,2.28,268
"NWCA16-2556",29.41979,-89.58791,7.89,1.17,122
"NWCA16-2557",29.85718,-93.2131,17.5,1.28,38
"NWCA16-2558",29.8473,-91.95853,11.9,1.15,450
"NWCA16-2559",31.67087,-92.36207,15.4,0.703,62
"NWCA16-2560",29.44525,-89.67835,11.9,0.811,124
"NWCA16-2561",30.31762,-93.72227,12.9,2.08,286
"NWCA16-2562",29.08073,-90.53012,40,12.6,1150
"NWCA16-2564",29.57712,-90.22449,18.4,2.29,152
"NWCA16-2565",29.5766,-91.98143,13.2,1.03,110
"NWCA16-2566",29.35717,-91.10395,12,1.45,154
"NWCA16-2567",32.10583,-91.48337,7.26,3.51,410
"NWCA16-2569",29.60666,-92.17024,25,4.13,358
"NWCA16-2571",30.05427,-89.82332,11.4,4.73,1130
"NWCA16-2572",29.25505,-89.50957,5.35,1.59,192
"NWCA16-2574",29.35197,-90.93098,9.8,1.34,68
"NWCA16-2577",29.83589,-92.50305,13.4,0.71,19
"NWCA16-2578",29.4746,-90.46008,26.5,3.03,176
"NWCA16-2580",29.40206,-90.20904,14.5,1.22,130
"NWCA16-2581",29.56976,-91.87015,8.16,0.704,76
"NWCA16-2585",29.67666,-92.83994,26.2,3.41,550
"NWCA16-2586",29.85936,-91.58155,9.48,1.21,254
"NWCA16-2729",42.67526,-71.053925,14.85,5.005,202
"NWCA16-2730",41.799275,-71.187635,13.22,0.8005,82
"NWCA16-2732",42.35106,-73.17533,2.01,0.295,32
"NWCA16-2736",41.87461,-70.00031,24.1,1.75,96
"NWCA16-2737",41.82857,-70.74415,38.6,1.72,106
"NWCA16-2739",42.0627,-70.67451,8.11,0.866,82
"NWCA16-2740",41.7083,-70.24979,5.35,0.415,30
"NWCA16-2741",41.8384,-70.74106,8.05,0.488,190
"NWCA16-2743",41.35939,-70.56624,80.1,6.17,210
"NWCA16-2744",41.98655,-71.30001,5.98,0.423,46
"NWCA16-2747",42.62759,-70.68714,7.41,0.739,38
"NWCA16-2786",38.242235,-75.8091,40,2.595,95
"NWCA16-2787",38.452219,-75.982368,42.6,2.7,42
"NWCA16-2788",38.40994,-76.082625,20.9,1.415,56
"NWCA16-2789",38.16513,-75.18,19.6,2.49,56
"NWCA16-2790",38.45161,-75.98088,14.2,1.11,28
"NWCA16-2795",39.57032,-79.25431,12.2,0.343,31
"NWCA16-2798",38.42335,-76.16382,58.6,6.8,110
"NWCA16-2799",39.31967,-77.31915,4.2,7.7,242
"NWCA16-2840",45.978375,-70.14913,17.92,5.2035,35
"NWCA16-2841",44.42965,-68.01252,10.2,0.77,30
"NWCA16-2843",45.48397,-69.20203,1.57,0.878,22
"NWCA16-2848",43.39224,-70.44171,8.5,0.901,26
"NWCA16-2850",44.8181,-66.98684,2.53,0.35,52
"NWCA16-2852",43.39298,-70.44158,24.2,1.87,52
"NWCA16-2868",41.79005,-85.69176,21.3,2.62,206
"NWCA16-2870",42.968025,-85.598105,23.05,1.815,525
"NWCA16-2872",44.51121,-84.91886,18.7,0.991,70
"NWCA16-2874",42.96201,-82.65101,9.66,1.27,120
"NWCA16-2885",43.35272,-84.047771,21.9,3.61,740
"NWCA16-2889",43.63737,-84.06245,21.2,1.59,346
"NWCA16-3057",39.68636,-94.889605,8.505,2.2,597
"NWCA16-3058",39.41285,-91.80974,2.78,0.369,118
"NWCA16-3060",39.83549,-91.88826,10,2.82,560
"NWCA16-3061",37.81797,-91.17463,1.44,0.498,54
"NWCA16-3094",37.17112,-90.12008,7.77,3.11,118
"NWCA16-3139",30.419545,-88.56142,9.055,4.2285,26.5
"NWCA16-3140",32.825233,-90.874249,39.3,2.06,250
"NWCA16-3141",30.39471,-88.58897,16.9,0.15,105
"NWCA16-3147",30.37188,-88.83449,6.33,0.286,NA
"NWCA16-3148",31.38406,-88.59344,25.1,4.34,42
"NWCA16-3151",30.41713,-88.58273,10.6,0.62,27
"NWCA16-3152",32.10888,-89.27706,34.3,1.14,43
"NWCA16-3153",32.34723,-90.08198,32.9,1.78,1200
"NWCA16-3155",30.27555,-89.39535,27.4,0.6,55
"NWCA16-3160",30.96927,-88.74311,8.42,1.055,160
"NWCA16-3161",33.29922,-88.81639,14.6,1.25,149
"NWCA16-3163",30.56791,-88.61144,16.8,1.6,160
"NWCA16-3221",46.75415,-111.29636,4.275,0.4065,36.5
"NWCA16-3222",45.826445,-111.209695,27.4,4.995,519
"NWCA16-3224",45.89908,-112.38479,20.3,0.454,156
"NWCA16-3236",45.89572,-112.38927,6.96,0.58,126
"NWCA16-3239",46.22283,-111.17152,3.71,0.352,124
"NWCA16-3247",46.75549,-111.30205,5.65,1.99,60
"NWCA16-3250",48.39425,-113.27354,10.2,0.934,76
"NWCA16-3256",45.41148,-110.92498,3.14,0.253,80
"NWCA16-3259",44.45963,-112.91182,1.57,0.262,52
"NWCA16-3275",45.06081,-113.28033,8.05,0.416,124
"NWCA16-3286",47.23712,-114.16817,1.13,0.438,24
"NWCA16-3292",47.46093,-112.84186,1.58,0.251,34
"NWCA16-3296",48.86691,-108.70363,60.8,4.74,1540
"NWCA16-3300",48.55938,-114.70449,1.85,0.181,20
"NWCA16-3302",45.09199,-113.42198,2.21,0.247,62
"NWCA16-3308",48.40427,-107.72778,15.5,2.5,750
"NWCA16-3314",48.95504,-115.63235,2.21,0.245,26
"NWCA16-3316",48.86295,-107.59708,126,9.59,739
"NWCA16-3321",47.09175,-113.76997,4.47,0.409,18
"NWCA16-3328",35.6535515,-77.6207995,20.05,5.7345,117.5
"NWCA16-3329",34.88363,-76.51601,59.7,3.11,155
"NWCA16-3330",35.60197,-75.81847,41.5,2.78,58
"NWCA16-3331",35.395914,-76.307561,44.5,2.98,28
"NWCA16-3332",35.69546,-76.23489,25.2,2.32,115
"NWCA16-3333",35.69804,-76.23035,21.6,1.62,93
"NWCA16-3336",35.632763,-77.699575,33.8,1.5,43
"NWCA16-3337",35.78773,-75.881138,47.4,1.73,15
"NWCA16-3341",35.39648,-76.44037,23.4,1.92,26
"NWCA16-3344",34.99125,-76.54071,37.4,5.16,24
"NWCA16-3345",36.308028,-75.914179,222,6.35,65
"NWCA16-3348",35.095578,-77.00548,18.3,1.13,174
"NWCA16-3349",35.64872,-76.00309,54.5,1.22,22
"NWCA16-3350",35.853235,-79.099261,1.18,0.866,98
"NWCA16-3352",35.462858,-76.622998,28,37.4,194
"NWCA16-3471",40.8599265,-97.3947515,21.4775,1.54,1385
"NWCA16-3473",40.432264,-101.6113925,3.252,0.9205,17
"NWCA16-3476",42.185171,-100.182421,51,4.05,524
"NWCA16-3477",42.802306,-103.398995,16.765,0.919,64
"NWCA16-3478",41.844786,-101.44456,2.115,2.05,221
"NWCA16-3481",42.424804,-101.903079,17.2,1.25,253
"NWCA16-3494",44.624095,-71.445315,9.78,0.976,45
"NWCA16-3496",45.1762,-71.082,3.01,0.341,26
"NWCA16-3497",42.91508,-70.8166,10.1,1.56,192
"NWCA16-3499",42.895694,-70.847891,7.87,0.928,78
"NWCA16-3500",43.21037,-71.03356,7.83,0.667,28
"NWCA16-3509",42.90417,-70.81633,17.5,1.03,55
"NWCA16-3526",39.362837,-75.305289,28.5,0.799,146
"NWCA16-3527",39.386884,-74.4759815,6.195,0.5595,140
"NWCA16-3531",39.34935,-74.46652,17.4,1.08,50
"NWCA16-3532",40.92202,-74.82581,1.2,3.6,58
"NWCA16-3533",41.14964,-74.35828,1.47,0.561,65
"NWCA16-3534",39.88612,-74.958617,4.13,0.794,166
"NWCA16-3537",40.799879,-74.046716,9.64,4.26,1430
"NWCA16-3538",39.184173,-74.835583,15,1.13,180
"NWCA16-3541",39.79988,-74.68405,36.7,1.6,38
"NWCA16-3542",39.3407,-74.7412,31.5,1.36,32
"NWCA16-3543",39.85222,-74.14098,5.43,0.875,60
"NWCA16-3601",36.97547,-104.47783,7.155,2.052,48
"NWCA16-3605",36.97382,-104.47754,7.11,0.389,36
"NWCA16-3606",35.89674,-105.15191,4.62,0.529,106
"NWCA16-3610",35.90668,-105.15848,18,1.42,338
"NWCA16-3613",35.89661,-105.15302,6.2,0.517,114
"NWCA16-3617",35.89708,-105.15028,3.84,0.434,130
"NWCA16-3620",33.5158,-108.95345,1.2,0.228,100
"NWCA16-3625",35.8965,-105.14918,4.8,0.359,26
"NWCA16-3682",39.494063,-119.747269,5.7,1.73,1230
"NWCA16-3759",40.76585,-72.883825,10.31,1.39,103
"NWCA16-3760",40.804055,-72.70002,5.315,0.528,69
"NWCA16-3761",43.778854,-75.446345,9.81,0.757,39
"NWCA16-3762",43.119169,-76.590427,16.6,30.9,17500
"NWCA16-3766",43.17463,-77.01853,18.9,1.15,216
"NWCA16-3768",40.75613,-72.83584,12.8,0.974,88
"NWCA16-3771",44.335264,-75.828824,11.8,0.644,78
"NWCA16-3775",40.84803,-72.57795,1.34,3.93,36
"NWCA16-3776",40.77323,-73.03294,1.05,4.37,42
"NWCA16-3828",39.834332,-82.729346,16.05,2.645,82
"NWCA16-3829",40.6164115,-81.6067035,10.3,0.7825,181
"NWCA16-3832",40.98051,-82.62792,20,1.57,370
"NWCA16-3834",41.12317,-81.35831,24.2,7.67,660
"NWCA16-3857",36.941845,-96.18707,9.53,0.496,147
"NWCA16-3859",36.78817,-97.78261,16.8,1.77,845
"NWCA16-3860",36.52387,-99.78704,17.3,1.22,350
"NWCA16-3868",34.89974,-95.46281,11.9,3.83,126
"NWCA16-3875",33.96251,-94.57334,9.6,1.2,270
"NWCA16-3878",34.43538,-96.20909,14.3,0.7,92
"NWCA16-3884",34.88736,-95.43733,9.9,0.9,180
"NWCA16-3897",36.94566,-96.21436,17.5,1.46,106
"NWCA16-3909",36.62458,-99.76014,25.2,1.35,400
"NWCA16-3917",35.61009,-96.33871,10.9,1.07,106
"NWCA16-3940",44.93227,-124.00984,3.295,3.4915,246
"NWCA16-3942",44.91774,-124.00764,19.7,1.41,248
"NWCA16-3943",43.71651,-123.521,2.13,0.422,56
"NWCA16-3946",44.59291,-123.12223,8.48,0.6,238
"NWCA16-3949",43.85788,-118.53599,13.3,1.15,388
"NWCA16-3953",45.70016,-118.39732,1.56,0.221,156
"NWCA16-3955",43.70852,-124.08167,4.53,1.37,168
"NWCA16-3963",42.85151,-121.07166,28.6,1.41,198
"NWCA16-3966",45.94495,-123.01127,5.64,0.658,122
"NWCA16-3967",42.71869,-122.38537,2.27,0.296,84
"NWCA16-3971",43.7114,-124.11064,9.57,4.89,194
"NWCA16-3981",45.73561,-117.70049,12.2,0.497,202
"NWCA16-3984",44.89801,-118.38451,4.98,0.193,68
"NWCA16-3989",44.4097,-123.30838,10.6,5.84,658
"NWCA16-3994",45.62992,-123.80023,0.667,1.26,30
"NWCA16-3995",42.8594,-121.0649,35,1.61,358
"NWCA16-3999",43.70718,-124.0834,3.5,0.419,56
"NWCA16-4001",46.10884,-123.48155,0.709,0.151,164
"NWCA16-4003",43.69404,-124.08429,3.1,0.257,28
"NWCA16-4017",43.70707,-124.08144,2.9,0.442,48
"NWCA16-4094",43.86069,-118.52794,5.86,0.991,370
"NWCA16-4100",43.64242,-119.08167,27,3,1100
"NWCA16-4118",45.20027,-120.92533,5.06,0.281,162
"NWCA16-4146",41.32885,-78.83813,4.23,2.67,22
"NWCA16-4149",40.27252,-76.2065,9.73,2.16,240
"NWCA16-4175",41.621665,-71.77728,13.3,2.13,205
"NWCA16-4176",41.709375,-71.304405,10.15,0.978,243.5
"NWCA16-4177",41.85745,-71.5657,13.1,0.854,79
"NWCA16-4178",41.462059,-71.437158,21.5,2.31,294
"NWCA16-4181",41.22396,-71.57298,7.7,0.857,20
"NWCA16-4183",41.71342,-71.28829,21.9,1.54,76
"NWCA16-4184",41.46078,-71.44628,6.75,1.88,77
"NWCA16-4187",41.70647,-71.29011,20.6,1.56,1100
"NWCA16-4188",41.55394,-71.44858,6.36,0.91,49
"NWCA16-4189",41.22447,-71.57224,7.14,0.938,42
"NWCA16-4191",41.70744,-71.28927,12.6,0.638,70
"NWCA16-4192",41.2242,-71.56518,30.8,3.28,100
"NWCA16-4227",32.267885,-81.12265,14,1.649,167
"NWCA16-4228",33.944765,-82.318205,23.95,7.32,625
"NWCA16-4229",32.53478,-80.45293,42.3,15.4,500
"NWCA16-4230",32.39321,-80.66343,26.2,4.58,185
"NWCA16-4231",32.81319,-79.73028,28.9,2.62,4900
"NWCA16-4232",34.21311,-79.11545,33.4,4.34,166
"NWCA16-4233",32.12631,-81.05109,18,1.1,13
"NWCA16-4235",33.21453,-79.26778,6.92,0.517,50
"NWCA16-4237",32.24639,-80.79398,4.49,0.733,110
"NWCA16-4238",32.60799,-80.21423,6,2.87,650
"NWCA16-4239",32.90785,-79.68305,8.46,0.938,200
"NWCA16-4241",32.41106,-80.63055,38.4,1.87,780
"NWCA16-4246",34.17136,-79.54705,13.4,2.04,148
"NWCA16-4247",34.22886,-79.23859,31.9,2.49,206
"NWCA16-4253",32.37745,-80.61649,6.35,0.908,270
"NWCA16-4254",32.60076,-80.18691,6.05,3.95,730
"NWCA16-4255",32.91965,-79.5778,28.4,8.26,390
"NWCA16-4328",44.29758,-103.78348,3.71,0.353,24
"NWCA16-4329",44.806945,-102.291292,27.1,1.93,100
"NWCA16-4331",44.44558,-97.20994,28.8,2.53,370
"NWCA16-4332",44.29113,-103.78654,2.25,0.245,26
"NWCA16-4333",43.09317,-99.71713,13,1.2,120
"NWCA16-4336",44.29376,-103.78607,4.11,0.25,22
"NWCA16-4340",44.28791,-103.78862,2.65,0.584,24
"NWCA16-4343",44.85245,-96.76145,28.6,1.73,118
"NWCA16-4344",44.282724,-103.798971,2.51,0.295,33
"NWCA16-4356",44.28242,-103.79962,2.65,0.25,20
"NWCA16-4359",45.11926,-96.77975,19.7,3.11,148
"NWCA16-4411",36.170445,-88.286195,2.08,1.5695,63
"NWCA16-4419",36.49793,-89.39194,1.74,1.45,162
"NWCA16-4439",28.849025,-95.47942,11.9,0.6835,199
"NWCA16-4441",29.61555,-94.42703,16.5,1.4,88
"NWCA16-4442",29.54421,-94.47464,18,1.61,950
"NWCA16-4443",29.7501,-94.707656,6.44,0.563,108
"NWCA16-4446",28.67138,-95.97657,4.53,0.655,60
"NWCA16-4466",31.71577,-93.86654,10.7,0.485,184
"NWCA16-4468",27.54743,-97.242,35.5,1.93,32
"NWCA16-4482",30.68633,-93.78065,11.2,0.334,36
"NWCA16-4484",27.44909,-97.30141,39.7,2.08,31
"NWCA16-4502",29.30161,-94.9709,7.35,2.58,132
"NWCA16-4511",31.71261,-98.99632,5.17,0.429,44
"NWCA16-4632",38.49316,-112.01657,NA,0.3655,61.5
"NWCA16-4633",41.5283,-111.79459,NA,0.1745,13
"NWCA16-4634",40.90653,-109.95645,NA,0.62,85
"NWCA16-4635",38.53471,-111.86868,NA,0.366,38
"NWCA16-4637",40.79053,-110.96772,NA,0.226,15
"NWCA16-4641",40.49588,-109.54185,NA,0.171,17
"NWCA16-4646",41.13059,-112.14513,NA,3.73,1790
"NWCA16-4649",41.2149,-111.36489,NA,0.195,11
"NWCA16-4653",40.83034,-110.13352,NA,0.484,17
"NWCA16-4665",41.22442,-111.35629,NA,0.248,9
"NWCA16-4673",40.18592,-109.58685,NA,0.303,18
"NWCA16-4701",40.16422,-109.58443,NA,1.82,92
"NWCA16-4705",41.22734,-111.35493,NA,0.15,7.9
"NWCA16-4707",40.83826,-110.13593,NA,0.134,10.1
"NWCA16-4709",40.18472,-109.59385,NA,0.279,23
"NWCA16-4763",37.912330265,-75.680938345,73.9,2.66,38
"NWCA16-4764",37.391575175,-76.62066098,7.2,0.4695,120
"NWCA16-4765",37.90681262,-75.66738376,17.6,1.24,78
"NWCA16-4769",37.496734,-75.719022,2.65,0.464,96
"NWCA16-4774",37.584143,-75.629742,2.05,0.332,38
"NWCA16-4780",37.4651223,-77.14918105,8.2,0.877,134
"NWCA16-4788",37.47651,-76.72738,46.7,2.04,36
"NWCA16-4789",36.640169,-76.366695,92.3,2.26,48
"NWCA16-4797",37.555855,-75.690966,3.16,0.461,90
"NWCA16-4800",37.202869,-76.876155,6.79,0.326,70
"NWCA16-4828",44.862775,-72.04657,8.52,0.671,26
"NWCA16-4829",44.37391,-72.17082,3.68,0.341,32
"NWCA16-4830",44.90072,-72.20991,17,1.27,122
"NWCA16-4831",42.84941,-73.20479,1.38,1.71,56
"NWCA16-4835",43.25262,-72.76678,9.17,0.71,40
"NWCA16-4836",44.62452,-73.01287,3.31,0.772,24
"NWCA16-4854",46.4244735,-123.883225,5.335,0.6005,75
"NWCA16-4855",48.393355,-122.4844745,12.4,1.54,1477.5
"NWCA16-4856",46.606423,-123.679449,6.13,0.485,78
"NWCA16-4857",48.936174,-122.480851,9.68,1.02,152
"NWCA16-4861",48.145991,-124.592694,16.6,0.817,102
"NWCA16-4863",47.431807,-123.972642,3.78,0.289,52
"NWCA16-4864",46.420486,-123.890858,2.28,0.62,105
"NWCA16-4867",46.681484,-123.898615,6.72,0.586,100
"NWCA16-4872",48.305988,-122.3865,2.07,1.24,34
"NWCA16-4874",46.62547,-120.53497,3.74,0.289,66
"NWCA16-4875",46.958764,-123.634874,3.36,0.537,94
"NWCA16-4876",47.500578,-121.808888,14.6,0.599,30
"NWCA16-4877",48.031638,-124.397117,8.4,1.52,188
"NWCA16-4883",46.810529,-123.906547,6.42,1.019,68
"NWCA16-4887",47.393,-123.28656,5.43,0.226,35
"NWCA16-4888",48.293415,-122.382235,1.61,0.383,28
"NWCA16-4891",47.12900767,-123.4480467,12,2.98,54
"NWCA16-4894",48.181444,-117.324791,1.09,0.371,110
"NWCA16-4897",48.385654,-122.482614,2.11,0.37,76
"NWCA16-4898",48.738222,-119.930459,7.65,0.253,46
"NWCA16-4901",47.00809,-119.75041,4.39,6.48,114
"NWCA16-4903",46.957978,-123.660679,2.02,0.562,66
"NWCA16-4904",48.279397,-122.388157,1.35,0.455,40
"NWCA16-4905",48.185027,-117.295811,3.23,1.5,254
"NWCA16-4917",47.51106,-117.47547,9.07,3.07,396
"NWCA16-4971",46.99935,-119.7301,3.01,1.47,308
"NWCA16-4988",46.9631,-122.76397,3.83,67.6,6400
"NWCA16-4990",47.83149,-122.16565,4.03,6.68,330
"NWCA16-4992",46.35458,-123.6912,6.51,0.323,46
"NWCA16-4993",47.43784,-118.08043,3.16,3.54,192
"NWCA16-4994",47.18525,-123.55605,10.3,1.4,172
"NWCA16-4996",48.281119,-122.380394,6.25,0.281,264
"NWCA16-4997",47.43272,-123.96469,8.92,0.242,52
"NWCA16-4999",46.10962,-89.62185,64.5,1.4,26.8
"NWCA16-5000",46.43468,-92.10107,46.5,1.58,62.6
"NWCA16-5001",46.23844,-92.13215,38.2,2.42,194
"NWCA16-5004",44.04147,-87.83984,42,2.16,287
"NWCA16-5005",46.24015,-92.09974,41.4,1.52,73.6
"NWCA16-5008",45.08565,-91.55713,8.95,2.86,316
"NWCA16-5009",43.44089,-88.77466,11.8,2.42,84.7
"NWCA16-5011",43.93644,-89.1514,17.4,1.24,52.8
"NWCA16-5012",45.11018,-90.02001,6.46,0.635,139
"NWCA16-5013",42.81152,-88.36792,13.4,1.34,224
"NWCA16-5016",44.87934,-92.43812,10.2,3.91,761
"NWCA16-5020",44.07117,-90.19531,30.4,1.41,23.6
"NWCA16-5024",45.21145,-91.44794,12.1,1.01,111
"NWCA16-5083",38.687175,-79.76947,4.09,0.466,22.5
"NWCA16-5084",39.107155,-81.41782,12.9,0.9845,18.5
"NWCA16-5085",38.67633,-79.76685,7,31.4,560
"NWCA16-5086",38.62036,-81.97824,15.5,1.23,174
"NWCA16-5087",39.04197,-79.60657,2.56,0.164,20
"NWCA16-5088",37.73276,-81.28158,10.4,0.856,82
"NWCA16-5091",39.06996,-79.42509,5.28,0.964,58
"NWCA16-5102",42.976835,-110.07671,4.205,0.3715,48
"NWCA16-5106",42.98107,-110.11514,14.4,0.367,82
"NWCA16-5114",44.6516,-110.81795,2.24,0.404,318
"NWCA16-5117",42.7679,-110.28349,5.97,0.746,96
"NWCA16-5118",42.58542,-108.78893,9.72,7.42,358
"NWCA16-5125",43.29462,-109.95822,28.1,1.06,46
"NWCA16-5130",44.71768,-110.61592,0.547,0.244,154
"NWCA16-5131",44.6548,-106.99181,7.13,0.721,72
"NWCA16-5134",43.0083,-109.72605,6.72,0.448,54
"NWCA16-5136",41.38375,-106.34804,3.68,0.49,10
"NWCA16-5137",41.157167,-110.424333,11.6,0.961,48
"NWCA16-5142",44.94894,-110.78689,1.24,0.385,24
"NWCA16-5149",42.58724,-109.94209,11.1,1.2,108
"NWCA16-5153",43.37834,-110.8589,2.96,3.64,74
"NWCA16-5155",44.90759,-110.11411,2.1,0.305,112
"NWCA16-5162",43.67237,-109.55238,1.61,0.236,124
"NWCA16-6001",36.817855,-89.09241,4.57,0.912,122.5
"NWCA16-6002",36.697445,-88.05792,3.15,0.3615,35
"NWCA16-6005",37.01373,-88.5443,6.58,1.11,170
"NWCA16-6008",38.03339,-86.24199,18.7,4.27,308
"NWCA16-6010",37.47908,-84.49692,17.5,0.907,60
"NWCA16-6011",37.13571,-87.56219,2.29,0.715,30
"NWCA16-6015",37.21584,-87.02897,4.06,3.08,156
"NWCA16-6016",37.73527,-87.3652,8.66,3.82,160
"NWCA16-6017",37.04123,-89.08762,14.6,2.41,1350
"NWCA16-6018",36.71606,-88.13209,0.719,0.239,26
"NWCA16-6021",36.83666,-89.11099,7.48,3.95,192
"NWCA16-6022",38.768865,-84.462507,8.28,2.7,107
"NWCA16-6023",37.06282,-88.56095,2.91,0.414,82
"NWCA16-6024",37.53559,-86.54391,10.9,0.45,180
"NWCA16-6026",38.07515,-83.11787,5.69,1.27,85
"NWCA16-6029",36.618,-88.89336,12.4,1.94,620
"NWCA16-6032",37.43108,-86.78474,5.22,0.613,35
"NWCA16-6034",37.16935,-88.21655,5.67,0.184,46
"NWCA16-6035",36.79066,-87.16957,4.44,2.49,80
"NWCA16-6036",37.63251,-87.53156,23.4,1.07,76
"NWCA16-6038",37.02819,-83.99054,6.15,0.562,65
"NWCA16-6040",37.81045,-84.88526,9.46,3.2,248
"NWCA16-6043",37.22815,-87.04592,3.93,1.39,105
"NWCA16-6047",37.24852,-86.95876,10.9,1.24,70
"NWCA16-6054",37.76011,-83.9985,7.54,0.353,36
"NWCA16-6059",37.20834,-87.04833,7.34,1.66,70
"NWCA16-6062",36.94799,-88.56242,15,1.14,176
"NWCA16-6065",36.8292,-89.11594,7.68,1.7,228
"NWCA16-6071",37.05433,-88.5602,3.78,0.947,118
"NWCA16-6080",37.72691,-87.3774,19.3,8.71,4100
"NWCA16-6082",36.79097,-87.95477,3.52,3.68,135
"NWCA16-6085",36.8375,-89.1076,9.24,0.718,142
"NWCA16-7001",47.199665,-98.787845,29.65,2.26,614
"NWCA16-7002",47.60204,-100.408825,74.65,3.975,3175
"NWCA16-7003",47.19719,-99.92454,40.2,4.14,248
"NWCA16-7004",46.16893,-102.46536,35.5,3.2,600
"NWCA16-7026",48.80941,-99.72538,41.8,3.18,164
"NWCA16-7027",46.34662,-97.17668,55.9,3.9,224
"NWCA16-7033",47.72691,-98.66379,10.2,0.955,112
"NWCA16-7036",48.35215,-101.04277,26.7,2.4,92
"NWCA16-7038",47.36588,-100.80577,45.9,4.97,590
"NWCA16-7621",36.36824,-109.12379,23.8,1.43,330
"NWCA16-7634",34.76521,-114.51241,11.9,0.841,64
"NWCA16-7650",34.76907,-114.51061,10.6,0.45,110
"NWCA16-7679",34.46672,-111.80073,9.33,1.39,232
"NWCA16-7698",34.76702,-114.50935,10.8,0.56,122
"NWCA16-7826",34.76704,-114.51361,11.8,0.815,52
"NWCA16-R001",40.70921,-111.00916,4.41,0.427,22
"NWCA16-R004",37.75982,-103.51166,28.3,3.45,318
"NWCA16-R005",38.91545,-103.95541,10.3,4.45,725
"NWCA16-R008",38.41496,-104.39353,7.37,1.18,180
"NWCA16-R011",44.20344,-90.58256,45.8,1.32,24
"NWCA16-R012",45.91847,-89.02602,91.4,1.26,90
"NWCA16-R013",45.84216,-89.49048,88,3.39,120
"NWCA16-R014",45.45669,-89.0011,27.8,0.652,66
"NWCA16-R015",47.61835,-91.85747,12.9,1.74,220
"NWCA16-R016",48.51253,-93.18879,109,16,348
"NWCA16-R017",48.25377,-95.06053,35.7,3.79,125
"NWCA16-R018",37.73849,-119.05184,1.39,0.181,126
"NWCA16-R019",37.88316,-119.26007,35.8,3.44,82
"NWCA16-R020",37.76663,-119.76199,14.9,3.21,72
"NWCA16-R021",41.89246,-124.19827,28.8,2.32,120
"NWCA16-R023",36.91419,-84.5492,19.1,25.1,2400
"NWCA16-R025",36.56464,-84.72664,6.96,0.359,30
"NWCA16-R026",39.19382,-78.66914,2.84,0.23,19
"NWCA16-R028",39.00404,-79.67217,11.6,2.03,17
"NWCA16-R030",42.51571,-100.64115,35.3,2.35,212
"NWCA16-R032",41.95283,-110.66386,9.39,0.697,74
"NWCA16-R034",44.73948,-74.06194,12.4,0.669,38
"NWCA16-R035",36.81888,-96.05522,8.32,0.425,58
"NWCA16-R037",47.11961,-93.88004,53.1,2.46,104
"NWCA16-R038",47.75632,-91.60857,38.3,16,244
"NWCA16-R039",46.38537,-88.7291,38.6,3.72,350
"NWCA16-R042",40.40604,-121.36517,8.98,1.05,124
"NWCA16-R043",48.95726,-99.82643,45.5,0.985,370
"NWCA16-R044",43.52749,-74.55165,8.04,0.418,32
"NWCA16-R045",44.56539,-73.42966,7.88,0.826,32
"NWCA16-R046",40.31297,-105.81145,8.67,0.262,20
"NWCA16-R047",40.10838,-122.01901,1.35,0.202,166
"NWCA16-R048",46.81217,-89.60212,22,0.907,58
"NWCA16-R049",46.48966,-86.10793,10.7,0.886,114
"NWCA16-R050",47.27584,-93.78712,63.6,18.7,274
"NWCA16-R051",46.45362,-110.35032,8.2,0.494,92
"NWCA16-R052",47.83785,-112.57277,6.27,1.04,30
"NWCA16-R053",40.308274,-105.813937,29,0.785,28
"NWCA16-R055",38.1827,-107.38654,2.26,0.541,96
"NWCA16-R057",46.66549,-88.17036,20.1,1.032,48
"NWCA16-R201",42.4925,-88.28455,23.5,1.75,100
"NWCA16-R202",40.56619,-83.61497,19.2,2.8,1100
"NWCA16-R203",40.05904,-83.7939,6.61,2.89,42
"NWCA16-R206",43.65722,-89.37182,6.17,5.54,214
"NWCA16-R207",43.64034,-88.17103,42.1,4.27,1000
"NWCA16-R208",43.66001,-89.36784,36.6,1.84,600
"NWCA16-R209",46.03048,-89.98956,51.9,3.31,58
"NWCA16-R210",46.03796,-89.77555,42.5,1.64,96
"NWCA16-R211",45.87993,-90.68938,32.9,2.19,142
"NWCA16-R212",47.22353,-94.67857,32.9,1.6,132
"NWCA16-R213",47.70531,-94.22402,43.7,1.99,76
"NWCA16-R216",39.16663,-79.34671,16.9,1.3,118
"NWCA16-R218",40.997998,-74.800392,5,0.54,60
"NWCA16-R220",44.52962,-71.81541,5.56,0.338,32
"NWCA16-R221",44.00571,-73.01074,5.63,0.305,42
"NWCA16-R222",43.36123,-71.77975,7.19,0.89,40
"NWCA16-R223",43.9309,-72.0617,7.78,0.445,19
"NWCA16-R301",44.319717,-68.37985,10,0.646,8
"NWCA16-R303",44.23622,-68.32068,40.5,2.28,34
"NWCA16-R304",44.362967,-68.271767,10.6,0.712,17
"NWCA16-R305",44.30421,-68.21351,11.6,0.398,29
"NWCA16-R307",44.048933,-68.616,16.6,0.878,15
"NWCA16-R308",44.2785,-68.369717,16.5,0.625,42
"NWCA16-R309",44.328567,-68.3936,13.2,2.12,70
"NWCA16_MN-0001",45.44564,-92.6521,17.4,1.3,106
"NWCA16_MN-0002",47.11338,-93.84047,42.6,4.09,142
"NWCA16_MN-0003",48.3778,-95.93716,35.5,2.12,80
"NWCA16_MN-0005",45.98877,-94.39574,24.8,1.95,610
"NWCA16_MN-0006",46.72806,-94.87243,22.6,2.25,96
"NWCA16_MN-0007",48.2122,-95.1411,57.7,18.2,550
"NWCA16_MN-0009",45.031347,-92.896471,20.3,15,2750
"NWCA16_MN-0010",48.47591,-94.57716,34.6,1.47,120
"NWCA16_MN-0013",45.38352,-93.12864,25.1,13.1,2350
"NWCA16_MN-0014",48.23936,-93.92759,62.4,1.45,80
"NWCA16_MN-0017",47.50621,-91.44785,46.9,1.96,88
"NWCA16_MN-0018",47.50359,-93.78311,42.3,2.56,98
"NWCA16_MN-0019",48.22606,-96.04156,32.2,3.4,154
"NWCA16_MN-0020",46.30568,-94.983026,17.7,1.87,276
"NWCA16_MN-0021",45.92572,-94.20098,22.2,2.1,236
"NWCA16_MN-0022",46.75785,-93.59102,58.2,3.29,88
"NWCA16_MN-0023",48.44655,-95.32502,38.9,2.13,94
"NWCA16_MN-0026",48.33725,-93.37317,88.3,1.6,58
"NWCA16_MN-1008",45.12942,-93.82387,22.4,1.47,710
"NWCA16_MN-1010",48.60061,-94.651995,59.75,3.58,470
"NWCA16_MN-1014",47.96087,-93.63509,70.4,1.61,162
"NWCA16_MN-1029",47.55232,-95.58587,38.9,9.7,4900
"NWCA16_MN-1034",47.44227,-92.83918,41.5,2,86
"NWCA16_MN-1042",48.4622,-95.14855,49.8,1.55,114
"NWCA16_MN-1047",43.723,-93.35369,28.1,60.2,7550
